[2025-05-14 10:52:15,813] INFO [django.utils.autoreload] Watching for file changes with StatReloader
[2025-05-14 10:52:19,688] INFO [salon.views] Timezone: Europe/Moscow
[2025-05-14 10:52:20,280] INFO [django.server] "GET / HTTP/1.1" 200 3984
[2025-05-14 13:30:00,729] INFO [django.utils.autoreload] Watching for file changes with StatReloader
[2025-05-14 13:30:01,877] INFO [salon.views] Timezone: Europe/Moscow
[2025-05-14 13:30:02,038] INFO [django.server] "GET / HTTP/1.1" 200 3958
[2025-05-14 13:30:02,470] INFO [django.server] "GET /static/logo.jpg HTTP/1.1" 200 351803
[2025-05-14 13:30:03,036] WARNING [django.request] Not Found: /favicon.ico
[2025-05-14 13:30:03,037] WARNING [django.server] "GET /favicon.ico HTTP/1.1" 404 4915
[2025-05-14 13:30:05,422] INFO [django.server] "GET /reviews HTTP/1.1" 200 663
[2025-05-14 13:30:07,502] INFO [django.server] "GET /login?next=/reviews/add HTTP/1.1" 200 1229
[2025-05-14 13:30:18,535] INFO [django.server] "POST /login?next=/reviews/add HTTP/1.1" 200 1443
[2025-05-14 13:30:26,586] INFO [django.server] "POST /login?next=/reviews/add HTTP/1.1" 302 0
[2025-05-14 13:30:26,592] INFO [salon.views] Timezone: Europe/Moscow
[2025-05-14 13:30:26,747] INFO [django.server] "GET /home HTTP/1.1" 200 3953
[2025-05-14 13:30:29,550] INFO [django.server] "GET /reviews HTTP/1.1" 200 552
[2025-05-14 13:30:30,822] INFO [django.server] "GET /reviews/add HTTP/1.1" 200 1203
[2025-05-14 13:30:41,739] INFO [django.server] "POST /reviews/add HTTP/1.1" 302 0
[2025-05-14 13:30:41,750] INFO [django.server] "GET /reviews HTTP/1.1" 200 882
[2025-05-14 13:42:19,307] INFO [django.server] "GET /reviews/add HTTP/1.1" 200 1203
[2025-05-14 13:42:27,028] INFO [django.server] "GET /reviews HTTP/1.1" 200 882
[2025-05-14 13:42:31,720] INFO [django.server] "GET /vacancies HTTP/1.1" 200 271
[2025-05-14 13:42:36,626] INFO [django.server] "GET /about HTTP/1.1" 200 447
[2025-05-14 13:42:39,356] INFO [django.server] "GET /news/ HTTP/1.1" 200 141
[2025-05-14 13:43:25,706] INFO [salon.views] Timezone: Europe/Moscow
[2025-05-14 13:43:25,851] INFO [django.server] "GET /home HTTP/1.1" 200 3953
[2025-05-14 13:43:26,911] INFO [django.server] "GET /news/ HTTP/1.1" 200 141
[2025-05-14 13:44:04,318] INFO [django.utils.autoreload] Watching for file changes with StatReloader
[2025-05-14 13:44:07,468] INFO [django.server] "GET /news/ HTTP/1.1" 200 141
[2025-05-14 13:44:08,305] INFO [django.server] "GET /news/ HTTP/1.1" 200 141
[2025-05-14 13:44:11,090] INFO [django.server] "GET /logout HTTP/1.1" 302 0
[2025-05-14 13:44:11,096] INFO [salon.views] Timezone: Europe/Moscow
[2025-05-14 13:44:11,247] INFO [django.server] "GET /home HTTP/1.1" 200 3958
[2025-05-14 13:44:13,143] INFO [django.server] "GET /about HTTP/1.1" 200 447
[2025-05-14 13:44:15,469] INFO [django.server] "GET /news/ HTTP/1.1" 200 141
[2025-05-14 13:44:18,183] INFO [django.server] "GET /vacancies HTTP/1.1" 200 271
[2025-05-14 13:44:20,856] INFO [django.server] "GET /privacy_policy HTTP/1.1" 200 302
[2025-05-14 13:44:23,757] INFO [django.server] "GET /promocodes HTTP/1.1" 200 832
[2025-05-14 13:45:03,985] INFO [django.utils.autoreload] C:\Users\pavel\PycharmProjects\ProjectLab5\AutoSalon\salon\views.py changed, reloading.
[2025-05-14 13:45:04,356] INFO [django.utils.autoreload] Watching for file changes with StatReloader
[2025-05-14 13:45:09,920] INFO [salon.views] <QuerySet []>
[2025-05-14 13:45:09,927] INFO [django.server] "GET /promocodes HTTP/1.1" 200 832
[2025-05-14 13:46:16,262] INFO [salon.views] <QuerySet []>
[2025-05-14 13:46:16,267] INFO [django.server] "GET /promocodes HTTP/1.1" 200 832
[2025-05-14 13:47:27,198] INFO [salon.views] Timezone: Europe/Moscow
[2025-05-14 13:47:27,353] INFO [django.server] "GET / HTTP/1.1" 200 3958
[2025-05-14 13:47:29,680] INFO [django.server] "GET /employes HTTP/1.1" 200 4520
[2025-05-14 13:47:30,594] INFO [django.server] "GET /media/user_images/human1_hwuGhIX.jpg HTTP/1.1" 200 3417
[2025-05-14 13:47:30,594] INFO [django.server] "GET /media/user_images/h1_eKhmQ4p.jpg HTTP/1.1" 200 2889
[2025-05-14 13:47:30,595] INFO [django.server] "GET /media/user_images/human2_TtC8zhw.jpg HTTP/1.1" 200 4751
[2025-05-14 13:47:30,595] INFO [django.server] "GET /media/user_images/human4_gUxHLg4.jpg HTTP/1.1" 200 4076
[2025-05-14 13:53:40,090] INFO [django.utils.autoreload] Watching for file changes with StatReloader
[2025-05-14 13:53:41,369] INFO [salon.views] Timezone: Europe/Moscow
[2025-05-14 13:53:41,509] INFO [django.server] "GET / HTTP/1.1" 200 3958
[2025-05-14 13:53:43,304] INFO [django.server] "GET /about HTTP/1.1" 200 447
[2025-05-14 13:53:45,345] INFO [django.server] "GET /news/ HTTP/1.1" 200 2615
[2025-05-14 13:53:46,050] INFO [django.server] "GET /media/news_images/aston.jpg HTTP/1.1" 200 8567
[2025-05-14 13:53:46,051] INFO [django.server] "GET /media/news_images/porshe.jpg HTTP/1.1" 200 14063
[2025-05-14 13:53:46,051] INFO [django.server] "GET /media/news_images/Lamba.jpg HTTP/1.1" 200 19236
[2025-05-14 13:53:46,052] INFO [django.server] "GET /media/news_images/bmw.jpg HTTP/1.1" 200 89366
[2025-05-14 13:53:46,053] INFO [django.server] "GET /media/news_images/amg.jpg HTTP/1.1" 200 282060
[2025-05-14 13:53:49,063] INFO [django.server] "GET /vacancies HTTP/1.1" 200 2436
[2025-05-14 13:53:52,038] INFO [django.server] "GET /privacy_policy HTTP/1.1" 200 302
[2025-05-14 13:53:54,187] INFO [django.server] "GET /employes HTTP/1.1" 200 4520
[2025-05-14 13:53:57,324] INFO [salon.views] <QuerySet [<Promo: Promo object (1)>]>
[2025-05-14 13:53:57,330] INFO [django.server] "GET /promocodes HTTP/1.1" 200 1638
[2025-05-14 13:54:00,604] INFO [django.server] "GET /reviews HTTP/1.1" 200 993
[2025-05-14 13:54:03,312] INFO [django.server] "GET /login HTTP/1.1" 200 1229
[2025-05-14 14:11:39,508] INFO [django.utils.autoreload] C:\Users\pavel\PycharmProjects\ProjectLab5\AutoSalon\salon\views.py changed, reloading.
[2025-05-14 14:11:39,934] INFO [django.utils.autoreload] Watching for file changes with StatReloader
[2025-05-14 14:38:36,644] INFO [django.utils.autoreload] C:\Users\pavel\PycharmProjects\ProjectLab5\AutoSalon\salon\views.py changed, reloading.
[2025-05-14 15:02:24,280] INFO [django.utils.autoreload] Watching for file changes with StatReloader
[2025-05-14 15:02:25,471] INFO [salon.views] Timezone: Europe/Moscow
[2025-05-14 15:02:25,877] INFO [django.server] "GET / HTTP/1.1" 200 3958
[2025-05-14 15:03:40,016] INFO [django.utils.autoreload] C:\Users\pavel\PycharmProjects\ProjectLab5\AutoSalon\salon\urls.py changed, reloading.
[2025-05-14 15:03:40,376] INFO [django.utils.autoreload] Watching for file changes with StatReloader
[2025-05-14 15:03:42,112] INFO [salon.views] Timezone: Europe/Moscow
[2025-05-14 15:03:42,346] INFO [django.server] "GET / HTTP/1.1" 200 4013
[2025-05-14 15:03:45,199] INFO [django.server] "GET /news/ HTTP/1.1" 200 2615
[2025-05-14 15:04:15,350] INFO [django.utils.autoreload] C:\Users\pavel\PycharmProjects\ProjectLab5\AutoSalon\salon\views.py changed, reloading.
[2025-05-14 15:04:15,754] INFO [django.utils.autoreload] Watching for file changes with StatReloader
[2025-05-14 15:04:25,209] INFO [django.utils.autoreload] Watching for file changes with StatReloader
[2025-05-14 15:04:26,013] INFO [salon.views] Timezone: Europe/Moscow
[2025-05-14 15:04:26,157] INFO [django.server] "GET / HTTP/1.1" 200 4013
[2025-05-14 15:05:32,788] INFO [django.utils.autoreload] C:\Users\pavel\PycharmProjects\ProjectLab5\AutoSalon\salon\views.py changed, reloading.
[2025-05-14 15:05:33,163] INFO [django.utils.autoreload] Watching for file changes with StatReloader
[2025-05-14 15:05:34,191] INFO [salon.views] Timezone: Europe/Moscow
[2025-05-14 15:05:34,343] INFO [django.server] "GET / HTTP/1.1" 200 4013
[2025-05-14 15:05:52,769] INFO [django.utils.autoreload] C:\Users\pavel\PycharmProjects\ProjectLab5\AutoSalon\salon\views.py changed, reloading.
[2025-05-14 15:05:53,166] INFO [django.utils.autoreload] Watching for file changes with StatReloader
[2025-05-14 15:05:54,159] INFO [salon.views] Timezone: Europe/Moscow
[2025-05-14 15:05:54,288] INFO [django.server] "GET / HTTP/1.1" 200 4017
[2025-05-14 15:06:07,158] INFO [django.server] "GET /login HTTP/1.1" 200 1229
[2025-05-14 15:06:10,107] INFO [django.server] "GET /car_list/ HTTP/1.1" 200 399
[2025-05-14 15:08:55,317] INFO [salon.views] Timezone: Europe/Moscow
[2025-05-14 15:08:55,435] INFO [django.server] "GET / HTTP/1.1" 200 4017
[2025-05-14 15:08:58,543] INFO [django.server] "GET /car_list/ HTTP/1.1" 200 164
[2025-05-14 15:21:35,384] INFO [django.utils.autoreload] C:\Users\pavel\PycharmProjects\ProjectLab5\AutoSalon\salon\forms.py changed, reloading.
[2025-05-14 15:21:35,745] INFO [django.utils.autoreload] Watching for file changes with StatReloader
[2025-05-14 15:23:31,362] INFO [django.utils.autoreload] C:\Users\pavel\PycharmProjects\ProjectLab5\AutoSalon\salon\urls.py changed, reloading.
[2025-05-14 15:23:31,759] INFO [django.utils.autoreload] Watching for file changes with StatReloader
[2025-05-14 15:24:07,631] INFO [django.utils.autoreload] C:\Users\pavel\PycharmProjects\ProjectLab5\AutoSalon\salon\views.py changed, reloading.
[2025-05-14 15:24:08,007] INFO [django.utils.autoreload] Watching for file changes with StatReloader
[2025-05-14 15:24:48,082] INFO [django.utils.autoreload] C:\Users\pavel\PycharmProjects\ProjectLab5\AutoSalon\salon\views.py changed, reloading.
[2025-05-14 15:24:48,443] INFO [django.utils.autoreload] Watching for file changes with StatReloader
[2025-05-14 15:24:49,288] INFO [salon.views] Timezone: Europe/Moscow
[2025-05-14 15:24:49,439] INFO [django.server] "GET / HTTP/1.1" 200 4017
[2025-05-14 15:24:52,355] INFO [django.server] "GET /car_list/ HTTP/1.1" 200 164
[2025-05-14 15:24:56,080] INFO [django.server] "GET /login HTTP/1.1" 200 1229
[2025-05-14 15:25:02,015] INFO [django.server] "POST /login HTTP/1.1" 302 0
[2025-05-14 15:25:02,022] INFO [salon.views] Timezone: Europe/Moscow
[2025-05-14 15:25:02,300] INFO [django.server] "GET /home HTTP/1.1" 200 4012
[2025-05-14 15:25:05,448] INFO [django.server] "GET /car_list/ HTTP/1.1" 200 164
[2025-05-14 15:25:32,703] INFO [django.server] "GET /admin/ HTTP/1.1" 200 11453
[2025-05-14 15:25:33,176] INFO [django.server] "GET /static/admin/css/dark_mode.css HTTP/1.1" 200 2929
[2025-05-14 15:25:33,176] INFO [django.server] "GET /static/admin/css/nav_sidebar.css HTTP/1.1" 200 2694
[2025-05-14 15:25:33,176] INFO [django.server] "GET /static/admin/css/base.css HTTP/1.1" 200 21310
[2025-05-14 15:25:33,216] INFO [django.server] "GET /static/admin/js/theme.js HTTP/1.1" 200 1943
[2025-05-14 15:25:33,216] INFO [django.server] "GET /static/admin/css/dashboard.css HTTP/1.1" 200 441
[2025-05-14 15:25:33,216] INFO [django.server] "GET /static/admin/css/responsive.css HTTP/1.1" 200 18559
[2025-05-14 15:25:33,221] INFO [django.server] "GET /static/admin/js/nav_sidebar.js HTTP/1.1" 200 3063
[2025-05-14 15:25:33,229] INFO [django.server] "GET /static/admin/img/icon-addlink.svg HTTP/1.1" 200 331
[2025-05-14 15:25:33,229] INFO [django.server] "GET /static/admin/img/icon-yes.svg HTTP/1.1" 200 436
[2025-05-14 15:25:33,229] INFO [django.server] "GET /static/admin/img/icon-no.svg HTTP/1.1" 200 560
[2025-05-14 15:25:33,229] INFO [django.server] "GET /static/admin/img/icon-changelink.svg HTTP/1.1" 200 380
[2025-05-14 15:25:33,229] INFO [django.server] "GET /static/admin/img/icon-deletelink.svg HTTP/1.1" 200 392
[2025-05-14 15:25:33,563] INFO [django.server] "GET /admin HTTP/1.1" 301 0
[2025-05-14 15:25:33,572] INFO [django.server] "GET /admin/ HTTP/1.1" 200 10629
[2025-05-14 15:25:37,294] INFO [django.server] "GET /admin/salon/customuser/ HTTP/1.1" 200 14518
[2025-05-14 15:25:37,332] INFO [django.server] "GET /static/admin/css/changelists.css HTTP/1.1" 200 6566
[2025-05-14 15:25:37,339] INFO [django.server] "GET /static/admin/js/actions.js HTTP/1.1" 200 7872
[2025-05-14 15:25:37,339] INFO [django.server] "GET /static/admin/js/core.js HTTP/1.1" 200 5682
[2025-05-14 15:25:37,341] INFO [django.server] "GET /static/admin/js/jquery.init.js HTTP/1.1" 200 347
[2025-05-14 15:25:37,342] INFO [django.server] "GET /static/admin/js/admin/RelatedObjectLookups.js HTTP/1.1" 200 8943
[2025-05-14 15:25:37,345] INFO [django.server] "GET /static/admin/js/urlify.js HTTP/1.1" 200 7887
[2025-05-14 15:25:37,346] INFO [django.server] "GET /static/admin/js/prepopulate.js HTTP/1.1" 200 1531
[2025-05-14 15:25:37,348] INFO [django.server] "GET /admin/jsi18n/ HTTP/1.1" 200 3343
[2025-05-14 15:25:37,352] INFO [django.server] "GET /static/admin/img/search.svg HTTP/1.1" 200 458
[2025-05-14 15:25:37,353] INFO [django.server] "GET /static/admin/js/vendor/xregexp/xregexp.js HTTP/1.1" 200 232381
[2025-05-14 15:25:37,353] INFO [django.server] "GET /static/admin/js/vendor/jquery/jquery.js HTTP/1.1" 200 292458
[2025-05-14 15:25:37,367] INFO [django.server] "GET /static/admin/js/filters.js HTTP/1.1" 200 978
[2025-05-14 15:25:37,435] INFO [django.server] "GET /static/admin/img/tooltag-add.svg HTTP/1.1" 200 331
[2025-05-14 15:25:37,436] INFO [django.server] "GET /static/admin/img/sorting-icons.svg HTTP/1.1" 200 1097
[2025-05-14 15:25:39,110] INFO [django.server] "GET /admin/salon/customuser/1/change/ HTTP/1.1" 200 24205
[2025-05-14 15:25:39,138] INFO [django.server] "GET /static/admin/css/forms.css HTTP/1.1" 200 9090
[2025-05-14 15:25:39,145] INFO [django.server] "GET /static/admin/js/SelectBox.js HTTP/1.1" 200 4530
[2025-05-14 15:25:39,145] INFO [django.server] "GET /static/admin/js/prepopulate_init.js HTTP/1.1" 200 586
[2025-05-14 15:25:39,145] INFO [django.server] "GET /static/admin/js/calendar.js HTTP/1.1" 200 8466
[2025-05-14 15:25:39,146] INFO [django.server] "GET /static/admin/js/admin/DateTimeShortcuts.js HTTP/1.1" 200 19319
[2025-05-14 15:25:39,146] INFO [django.server] "GET /static/admin/js/SelectFilter2.js HTTP/1.1" 200 15292
[2025-05-14 15:25:39,151] INFO [django.server] "GET /admin/jsi18n/ HTTP/1.1" 200 3343
[2025-05-14 15:25:39,151] INFO [django.server] "GET /static/admin/css/widgets.css HTTP/1.1" 200 11921
[2025-05-14 15:25:39,159] INFO [django.server] "GET /static/admin/js/change_form.js HTTP/1.1" 200 606
[2025-05-14 15:25:39,254] INFO [django.server] "GET /static/admin/img/icon-calendar.svg HTTP/1.1" 200 1086
[2025-05-14 15:25:39,254] INFO [django.server] "GET /static/admin/img/icon-unknown.svg HTTP/1.1" 200 655
[2025-05-14 15:25:39,254] INFO [django.server] "GET /static/admin/img/icon-unknown-alt.svg HTTP/1.1" 200 655
[2025-05-14 15:25:39,255] INFO [django.server] "GET /static/admin/img/selector-icons.svg HTTP/1.1" 200 3291
[2025-05-14 15:25:39,255] INFO [django.server] "GET /static/admin/img/icon-clock.svg HTTP/1.1" 200 677
[2025-05-14 15:25:41,349] INFO [django.server] "GET /admin/salon/customuser/ HTTP/1.1" 200 14518
[2025-05-14 15:25:41,726] INFO [django.server] "GET /admin/ HTTP/1.1" 200 10629
[2025-05-14 15:26:36,298] INFO [django.utils.autoreload] C:\Users\pavel\PycharmProjects\ProjectLab5\AutoSalon\salon\urls.py changed, reloading.
[2025-05-14 15:26:36,657] INFO [django.utils.autoreload] Watching for file changes with StatReloader
[2025-05-14 15:26:37,665] INFO [salon.views] Timezone: Europe/Moscow
[2025-05-14 15:26:37,886] INFO [django.server] "GET / HTTP/1.1" 200 4012
[2025-05-14 15:26:40,449] INFO [django.server] "GET /car_list/ HTTP/1.1" 200 164
[2025-05-14 15:26:44,793] INFO [django.server] "GET /car_list/detail HTTP/1.1" 301 0
[2025-05-14 15:26:44,825] ERROR [django.request] Internal Server Error: /car_list/detail/
Traceback (most recent call last):
  File "C:\Users\pavel\PycharmProjects\ProjectLab5\.venv\lib\site-packages\django\core\handlers\exception.py", line 55, in inner
    response = get_response(request)
  File "C:\Users\pavel\PycharmProjects\ProjectLab5\.venv\lib\site-packages\django\core\handlers\base.py", line 197, in _get_response
    response = wrapped_callback(request, *callback_args, **callback_kwargs)
  File "C:\Users\pavel\PycharmProjects\ProjectLab5\.venv\lib\site-packages\django\contrib\auth\decorators.py", line 23, in _wrapper_view
    return view_func(request, *args, **kwargs)
  File "C:\Users\pavel\PycharmProjects\ProjectLab5\.venv\lib\site-packages\django\contrib\auth\decorators.py", line 23, in _wrapper_view
    return view_func(request, *args, **kwargs)
  File "C:\Users\pavel\PycharmProjects\ProjectLab5\AutoSalon\salon\views.py", line 184, in add_car
    return render(request, 'car_detail.html', {'form': form})
  File "C:\Users\pavel\PycharmProjects\ProjectLab5\.venv\lib\site-packages\django\shortcuts.py", line 24, in render
    content = loader.render_to_string(template_name, context, request, using=using)
  File "C:\Users\pavel\PycharmProjects\ProjectLab5\.venv\lib\site-packages\django\template\loader.py", line 61, in render_to_string
    template = get_template(template_name, using=using)
  File "C:\Users\pavel\PycharmProjects\ProjectLab5\.venv\lib\site-packages\django\template\loader.py", line 19, in get_template
    raise TemplateDoesNotExist(template_name, chain=chain)
django.template.exceptions.TemplateDoesNotExist: car_detail.html
[2025-05-14 15:26:44,827] ERROR [django.server] "GET /car_list/detail/ HTTP/1.1" 500 94006
[2025-05-14 15:28:40,971] INFO [django.utils.autoreload] Watching for file changes with StatReloader
[2025-05-14 15:28:41,769] INFO [salon.views] Timezone: Europe/Moscow
[2025-05-14 15:28:41,930] INFO [django.server] "GET / HTTP/1.1" 200 4012
[2025-05-14 15:28:44,154] INFO [django.server] "GET /car_list/ HTTP/1.1" 200 164
[2025-05-14 15:32:59,708] INFO [salon.views] Timezone: Europe/Moscow
[2025-05-14 15:33:00,062] INFO [django.server] "GET / HTTP/1.1" 200 4012
[2025-05-14 15:33:02,541] INFO [django.server] "GET /car_list/ HTTP/1.1" 200 164
[2025-05-14 15:33:32,426] INFO [django.utils.autoreload] C:\Users\pavel\PycharmProjects\ProjectLab5\AutoSalon\salon\views.py changed, reloading.
[2025-05-14 15:33:32,823] INFO [django.utils.autoreload] Watching for file changes with StatReloader
[2025-05-14 15:33:38,001] INFO [salon.views] Timezone: Europe/Moscow
[2025-05-14 15:33:38,111] INFO [django.server] "GET / HTTP/1.1" 200 4012
[2025-05-14 15:33:40,098] INFO [django.server] "GET /car_list/ HTTP/1.1" 200 164
[2025-05-14 15:33:43,514] INFO [salon.views] Timezone: Europe/Moscow
[2025-05-14 15:33:43,685] INFO [django.server] - Broken pipe from ('127.0.0.1', 52167)
[2025-05-14 15:34:18,147] INFO [salon.views] Timezone: Europe/Moscow
[2025-05-14 15:34:18,381] INFO [django.server] "GET / HTTP/1.1" 200 4012
[2025-05-14 15:34:20,606] INFO [django.server] "GET /car_list/ HTTP/1.1" 200 164
[2025-05-14 15:34:30,619] INFO [django.utils.autoreload] Watching for file changes with StatReloader
[2025-05-14 15:34:31,453] INFO [salon.views] Timezone: Europe/Moscow
[2025-05-14 15:34:31,610] INFO [django.server] "GET / HTTP/1.1" 200 4012
[2025-05-14 15:34:33,549] INFO [django.server] "GET /car_list/ HTTP/1.1" 200 164
[2025-05-14 15:35:31,346] INFO [django.utils.autoreload] C:\Users\pavel\PycharmProjects\ProjectLab5\AutoSalon\salon\views.py changed, reloading.
[2025-05-14 15:35:31,861] INFO [django.utils.autoreload] Watching for file changes with StatReloader
[2025-05-14 15:35:32,716] INFO [salon.views] Timezone: Europe/Moscow
[2025-05-14 15:35:32,863] INFO [django.server] "GET / HTTP/1.1" 200 4011
[2025-05-14 15:35:35,005] INFO [django.server] "GET /car_list/ HTTP/1.1" 200 164
[2025-05-14 15:35:35,670] INFO [django.server] "GET /car_list/ HTTP/1.1" 200 164
[2025-05-14 15:35:58,720] INFO [django.utils.autoreload] C:\Users\pavel\PycharmProjects\ProjectLab5\AutoSalon\salon\urls.py changed, reloading.
[2025-05-14 15:35:59,111] INFO [django.utils.autoreload] Watching for file changes with StatReloader
[2025-05-14 15:35:59,905] INFO [salon.views] Timezone: Europe/Moscow
[2025-05-14 15:36:00,067] INFO [django.server] "GET / HTTP/1.1" 200 4010
[2025-05-14 15:36:02,803] INFO [django.server] "GET /car_list HTTP/1.1" 200 164
[2025-05-14 15:36:15,752] INFO [django.server] "GET /logout HTTP/1.1" 302 0
[2025-05-14 15:36:15,757] INFO [salon.views] Timezone: Europe/Moscow
[2025-05-14 15:36:16,056] INFO [django.server] "GET /home HTTP/1.1" 200 4015
[2025-05-14 15:36:20,302] INFO [django.server] "GET /login HTTP/1.1" 200 1229
[2025-05-14 15:36:25,681] INFO [django.server] "POST /login HTTP/1.1" 302 0
[2025-05-14 15:36:25,687] INFO [salon.views] Timezone: Europe/Moscow
[2025-05-14 15:36:25,940] INFO [django.server] "GET /home HTTP/1.1" 200 4010
[2025-05-14 15:36:28,340] INFO [django.server] "GET /car_list HTTP/1.1" 200 164
[2025-05-14 15:40:26,202] INFO [salon.views] Timezone: Europe/Moscow
[2025-05-14 15:40:26,529] INFO [django.server] "GET / HTTP/1.1" 200 4010
[2025-05-14 15:40:28,594] INFO [django.server] "GET /car_list HTTP/1.1" 200 515
[2025-05-14 15:40:30,526] INFO [django.server] "GET /car_list/detail HTTP/1.1" 200 3569
[2025-05-14 15:40:35,505] INFO [django.server] "GET /car_list HTTP/1.1" 200 515
[2025-05-14 15:40:37,826] INFO [django.server] "GET /car_list/detail HTTP/1.1" 200 3569
[2025-05-14 15:42:48,346] INFO [django.server] "POST /car_list/detail HTTP/1.1" 302 0
[2025-05-14 15:42:48,375] ERROR [django.request] Internal Server Error: /car_list
Traceback (most recent call last):
  File "C:\Users\pavel\PycharmProjects\ProjectLab5\.venv\lib\site-packages\django\core\handlers\exception.py", line 55, in inner
    response = get_response(request)
  File "C:\Users\pavel\PycharmProjects\ProjectLab5\.venv\lib\site-packages\django\core\handlers\base.py", line 197, in _get_response
    response = wrapped_callback(request, *callback_args, **callback_kwargs)
  File "C:\Users\pavel\PycharmProjects\ProjectLab5\AutoSalon\salon\views.py", line 170, in car_list
    return render(request, 'salon/car_list.html', {'cars': cars, 'sort_by': sort_by})
  File "C:\Users\pavel\PycharmProjects\ProjectLab5\.venv\lib\site-packages\django\shortcuts.py", line 24, in render
    content = loader.render_to_string(template_name, context, request, using=using)
  File "C:\Users\pavel\PycharmProjects\ProjectLab5\.venv\lib\site-packages\django\template\loader.py", line 62, in render_to_string
    return template.render(context, request)
  File "C:\Users\pavel\PycharmProjects\ProjectLab5\.venv\lib\site-packages\django\template\backends\django.py", line 61, in render
    return self.template.render(context)
  File "C:\Users\pavel\PycharmProjects\ProjectLab5\.venv\lib\site-packages\django\template\base.py", line 175, in render
    return self._render(context)
  File "C:\Users\pavel\PycharmProjects\ProjectLab5\.venv\lib\site-packages\django\template\base.py", line 167, in _render
    return self.nodelist.render(context)
  File "C:\Users\pavel\PycharmProjects\ProjectLab5\.venv\lib\site-packages\django\template\base.py", line 1005, in render
    return SafeString("".join([node.render_annotated(context) for node in self]))
  File "C:\Users\pavel\PycharmProjects\ProjectLab5\.venv\lib\site-packages\django\template\base.py", line 1005, in <listcomp>
    return SafeString("".join([node.render_annotated(context) for node in self]))
  File "C:\Users\pavel\PycharmProjects\ProjectLab5\.venv\lib\site-packages\django\template\base.py", line 966, in render_annotated
    return self.render(context)
  File "C:\Users\pavel\PycharmProjects\ProjectLab5\.venv\lib\site-packages\django\template\defaulttags.py", line 238, in render
    nodelist.append(node.render_annotated(context))
  File "C:\Users\pavel\PycharmProjects\ProjectLab5\.venv\lib\site-packages\django\template\base.py", line 966, in render_annotated
    return self.render(context)
  File "C:\Users\pavel\PycharmProjects\ProjectLab5\.venv\lib\site-packages\django\template\defaulttags.py", line 471, in render
    url = reverse(view_name, args=args, kwargs=kwargs, current_app=current_app)
  File "C:\Users\pavel\PycharmProjects\ProjectLab5\.venv\lib\site-packages\django\urls\base.py", line 88, in reverse
    return resolver._reverse_with_prefix(view, prefix, *args, **kwargs)
  File "C:\Users\pavel\PycharmProjects\ProjectLab5\.venv\lib\site-packages\django\urls\resolvers.py", line 828, in _reverse_with_prefix
    raise NoReverseMatch(msg)
django.urls.exceptions.NoReverseMatch: Reverse for 'car_detail' not found. 'car_detail' is not a valid view function or pattern name.
[2025-05-14 15:42:48,377] ERROR [django.server] "GET /car_list HTTP/1.1" 500 135218
[2025-05-14 15:42:48,510] WARNING [django.request] Not Found: /favicon.ico
[2025-05-14 15:42:48,510] WARNING [django.server] "GET /favicon.ico HTTP/1.1" 404 5273
[2025-05-14 15:42:54,528] INFO [django.server] "GET /car_list/detail HTTP/1.1" 200 3569
[2025-05-14 15:42:57,034] INFO [django.server] "POST /car_list/detail HTTP/1.1" 302 0
[2025-05-14 15:42:57,065] ERROR [django.request] Internal Server Error: /car_list
Traceback (most recent call last):
  File "C:\Users\pavel\PycharmProjects\ProjectLab5\.venv\lib\site-packages\django\core\handlers\exception.py", line 55, in inner
    response = get_response(request)
  File "C:\Users\pavel\PycharmProjects\ProjectLab5\.venv\lib\site-packages\django\core\handlers\base.py", line 197, in _get_response
    response = wrapped_callback(request, *callback_args, **callback_kwargs)
  File "C:\Users\pavel\PycharmProjects\ProjectLab5\AutoSalon\salon\views.py", line 170, in car_list
    return render(request, 'salon/car_list.html', {'cars': cars, 'sort_by': sort_by})
  File "C:\Users\pavel\PycharmProjects\ProjectLab5\.venv\lib\site-packages\django\shortcuts.py", line 24, in render
    content = loader.render_to_string(template_name, context, request, using=using)
  File "C:\Users\pavel\PycharmProjects\ProjectLab5\.venv\lib\site-packages\django\template\loader.py", line 62, in render_to_string
    return template.render(context, request)
  File "C:\Users\pavel\PycharmProjects\ProjectLab5\.venv\lib\site-packages\django\template\backends\django.py", line 61, in render
    return self.template.render(context)
  File "C:\Users\pavel\PycharmProjects\ProjectLab5\.venv\lib\site-packages\django\template\base.py", line 175, in render
    return self._render(context)
  File "C:\Users\pavel\PycharmProjects\ProjectLab5\.venv\lib\site-packages\django\template\base.py", line 167, in _render
    return self.nodelist.render(context)
  File "C:\Users\pavel\PycharmProjects\ProjectLab5\.venv\lib\site-packages\django\template\base.py", line 1005, in render
    return SafeString("".join([node.render_annotated(context) for node in self]))
  File "C:\Users\pavel\PycharmProjects\ProjectLab5\.venv\lib\site-packages\django\template\base.py", line 1005, in <listcomp>
    return SafeString("".join([node.render_annotated(context) for node in self]))
  File "C:\Users\pavel\PycharmProjects\ProjectLab5\.venv\lib\site-packages\django\template\base.py", line 966, in render_annotated
    return self.render(context)
  File "C:\Users\pavel\PycharmProjects\ProjectLab5\.venv\lib\site-packages\django\template\defaulttags.py", line 238, in render
    nodelist.append(node.render_annotated(context))
  File "C:\Users\pavel\PycharmProjects\ProjectLab5\.venv\lib\site-packages\django\template\base.py", line 966, in render_annotated
    return self.render(context)
  File "C:\Users\pavel\PycharmProjects\ProjectLab5\.venv\lib\site-packages\django\template\defaulttags.py", line 471, in render
    url = reverse(view_name, args=args, kwargs=kwargs, current_app=current_app)
  File "C:\Users\pavel\PycharmProjects\ProjectLab5\.venv\lib\site-packages\django\urls\base.py", line 88, in reverse
    return resolver._reverse_with_prefix(view, prefix, *args, **kwargs)
  File "C:\Users\pavel\PycharmProjects\ProjectLab5\.venv\lib\site-packages\django\urls\resolvers.py", line 828, in _reverse_with_prefix
    raise NoReverseMatch(msg)
django.urls.exceptions.NoReverseMatch: Reverse for 'car_detail' not found. 'car_detail' is not a valid view function or pattern name.
[2025-05-14 15:42:57,066] ERROR [django.server] "GET /car_list HTTP/1.1" 500 135741
[2025-05-14 15:43:38,567] INFO [django.utils.autoreload] C:\Users\pavel\PycharmProjects\ProjectLab5\AutoSalon\salon\views.py changed, reloading.
[2025-05-14 15:43:38,993] INFO [django.utils.autoreload] Watching for file changes with StatReloader
[2025-05-14 15:43:39,913] ERROR [django.request] Internal Server Error: /car_list
Traceback (most recent call last):
  File "C:\Users\pavel\PycharmProjects\ProjectLab5\.venv\lib\site-packages\django\core\handlers\exception.py", line 55, in inner
    response = get_response(request)
  File "C:\Users\pavel\PycharmProjects\ProjectLab5\.venv\lib\site-packages\django\core\handlers\base.py", line 197, in _get_response
    response = wrapped_callback(request, *callback_args, **callback_kwargs)
  File "C:\Users\pavel\PycharmProjects\ProjectLab5\AutoSalon\salon\views.py", line 170, in car_list
    return render(request, 'salon/car_list.html', {'cars': cars, 'sort_by': sort_by})
  File "C:\Users\pavel\PycharmProjects\ProjectLab5\.venv\lib\site-packages\django\shortcuts.py", line 24, in render
    content = loader.render_to_string(template_name, context, request, using=using)
  File "C:\Users\pavel\PycharmProjects\ProjectLab5\.venv\lib\site-packages\django\template\loader.py", line 62, in render_to_string
    return template.render(context, request)
  File "C:\Users\pavel\PycharmProjects\ProjectLab5\.venv\lib\site-packages\django\template\backends\django.py", line 61, in render
    return self.template.render(context)
  File "C:\Users\pavel\PycharmProjects\ProjectLab5\.venv\lib\site-packages\django\template\base.py", line 175, in render
    return self._render(context)
  File "C:\Users\pavel\PycharmProjects\ProjectLab5\.venv\lib\site-packages\django\template\base.py", line 167, in _render
    return self.nodelist.render(context)
  File "C:\Users\pavel\PycharmProjects\ProjectLab5\.venv\lib\site-packages\django\template\base.py", line 1005, in render
    return SafeString("".join([node.render_annotated(context) for node in self]))
  File "C:\Users\pavel\PycharmProjects\ProjectLab5\.venv\lib\site-packages\django\template\base.py", line 1005, in <listcomp>
    return SafeString("".join([node.render_annotated(context) for node in self]))
  File "C:\Users\pavel\PycharmProjects\ProjectLab5\.venv\lib\site-packages\django\template\base.py", line 966, in render_annotated
    return self.render(context)
  File "C:\Users\pavel\PycharmProjects\ProjectLab5\.venv\lib\site-packages\django\template\defaulttags.py", line 238, in render
    nodelist.append(node.render_annotated(context))
  File "C:\Users\pavel\PycharmProjects\ProjectLab5\.venv\lib\site-packages\django\template\base.py", line 966, in render_annotated
    return self.render(context)
  File "C:\Users\pavel\PycharmProjects\ProjectLab5\.venv\lib\site-packages\django\template\defaulttags.py", line 471, in render
    url = reverse(view_name, args=args, kwargs=kwargs, current_app=current_app)
  File "C:\Users\pavel\PycharmProjects\ProjectLab5\.venv\lib\site-packages\django\urls\base.py", line 88, in reverse
    return resolver._reverse_with_prefix(view, prefix, *args, **kwargs)
  File "C:\Users\pavel\PycharmProjects\ProjectLab5\.venv\lib\site-packages\django\urls\resolvers.py", line 828, in _reverse_with_prefix
    raise NoReverseMatch(msg)
django.urls.exceptions.NoReverseMatch: Reverse for 'car_detail' not found. 'car_detail' is not a valid view function or pattern name.
[2025-05-14 15:43:39,915] ERROR [django.server] "GET /car_list HTTP/1.1" 500 135741
[2025-05-14 15:43:41,523] INFO [django.server] "GET /car_list/detail HTTP/1.1" 200 3569
[2025-05-14 15:43:43,374] INFO [django.server] "POST /car_list/detail HTTP/1.1" 302 0
[2025-05-14 15:43:43,399] ERROR [django.request] Internal Server Error: /car_list
Traceback (most recent call last):
  File "C:\Users\pavel\PycharmProjects\ProjectLab5\.venv\lib\site-packages\django\core\handlers\exception.py", line 55, in inner
    response = get_response(request)
  File "C:\Users\pavel\PycharmProjects\ProjectLab5\.venv\lib\site-packages\django\core\handlers\base.py", line 197, in _get_response
    response = wrapped_callback(request, *callback_args, **callback_kwargs)
  File "C:\Users\pavel\PycharmProjects\ProjectLab5\AutoSalon\salon\views.py", line 170, in car_list
    return render(request, 'salon/car_list.html', {'cars': cars, 'sort_by': sort_by})
  File "C:\Users\pavel\PycharmProjects\ProjectLab5\.venv\lib\site-packages\django\shortcuts.py", line 24, in render
    content = loader.render_to_string(template_name, context, request, using=using)
  File "C:\Users\pavel\PycharmProjects\ProjectLab5\.venv\lib\site-packages\django\template\loader.py", line 62, in render_to_string
    return template.render(context, request)
  File "C:\Users\pavel\PycharmProjects\ProjectLab5\.venv\lib\site-packages\django\template\backends\django.py", line 61, in render
    return self.template.render(context)
  File "C:\Users\pavel\PycharmProjects\ProjectLab5\.venv\lib\site-packages\django\template\base.py", line 175, in render
    return self._render(context)
  File "C:\Users\pavel\PycharmProjects\ProjectLab5\.venv\lib\site-packages\django\template\base.py", line 167, in _render
    return self.nodelist.render(context)
  File "C:\Users\pavel\PycharmProjects\ProjectLab5\.venv\lib\site-packages\django\template\base.py", line 1005, in render
    return SafeString("".join([node.render_annotated(context) for node in self]))
  File "C:\Users\pavel\PycharmProjects\ProjectLab5\.venv\lib\site-packages\django\template\base.py", line 1005, in <listcomp>
    return SafeString("".join([node.render_annotated(context) for node in self]))
  File "C:\Users\pavel\PycharmProjects\ProjectLab5\.venv\lib\site-packages\django\template\base.py", line 966, in render_annotated
    return self.render(context)
  File "C:\Users\pavel\PycharmProjects\ProjectLab5\.venv\lib\site-packages\django\template\defaulttags.py", line 238, in render
    nodelist.append(node.render_annotated(context))
  File "C:\Users\pavel\PycharmProjects\ProjectLab5\.venv\lib\site-packages\django\template\base.py", line 966, in render_annotated
    return self.render(context)
  File "C:\Users\pavel\PycharmProjects\ProjectLab5\.venv\lib\site-packages\django\template\defaulttags.py", line 471, in render
    url = reverse(view_name, args=args, kwargs=kwargs, current_app=current_app)
  File "C:\Users\pavel\PycharmProjects\ProjectLab5\.venv\lib\site-packages\django\urls\base.py", line 88, in reverse
    return resolver._reverse_with_prefix(view, prefix, *args, **kwargs)
  File "C:\Users\pavel\PycharmProjects\ProjectLab5\.venv\lib\site-packages\django\urls\resolvers.py", line 828, in _reverse_with_prefix
    raise NoReverseMatch(msg)
django.urls.exceptions.NoReverseMatch: Reverse for 'car_detail' not found. 'car_detail' is not a valid view function or pattern name.
[2025-05-14 15:43:43,400] ERROR [django.server] "GET /car_list HTTP/1.1" 500 136261
[2025-05-14 15:45:13,936] ERROR [django.request] Internal Server Error: /car_list
Traceback (most recent call last):
  File "C:\Users\pavel\PycharmProjects\ProjectLab5\.venv\lib\site-packages\django\core\handlers\exception.py", line 55, in inner
    response = get_response(request)
  File "C:\Users\pavel\PycharmProjects\ProjectLab5\.venv\lib\site-packages\django\core\handlers\base.py", line 197, in _get_response
    response = wrapped_callback(request, *callback_args, **callback_kwargs)
  File "C:\Users\pavel\PycharmProjects\ProjectLab5\AutoSalon\salon\views.py", line 170, in car_list
    return render(request, 'salon/car_list.html', {'cars': cars, 'sort_by': sort_by})
  File "C:\Users\pavel\PycharmProjects\ProjectLab5\.venv\lib\site-packages\django\shortcuts.py", line 24, in render
    content = loader.render_to_string(template_name, context, request, using=using)
  File "C:\Users\pavel\PycharmProjects\ProjectLab5\.venv\lib\site-packages\django\template\loader.py", line 62, in render_to_string
    return template.render(context, request)
  File "C:\Users\pavel\PycharmProjects\ProjectLab5\.venv\lib\site-packages\django\template\backends\django.py", line 61, in render
    return self.template.render(context)
  File "C:\Users\pavel\PycharmProjects\ProjectLab5\.venv\lib\site-packages\django\template\base.py", line 175, in render
    return self._render(context)
  File "C:\Users\pavel\PycharmProjects\ProjectLab5\.venv\lib\site-packages\django\template\base.py", line 167, in _render
    return self.nodelist.render(context)
  File "C:\Users\pavel\PycharmProjects\ProjectLab5\.venv\lib\site-packages\django\template\base.py", line 1005, in render
    return SafeString("".join([node.render_annotated(context) for node in self]))
  File "C:\Users\pavel\PycharmProjects\ProjectLab5\.venv\lib\site-packages\django\template\base.py", line 1005, in <listcomp>
    return SafeString("".join([node.render_annotated(context) for node in self]))
  File "C:\Users\pavel\PycharmProjects\ProjectLab5\.venv\lib\site-packages\django\template\base.py", line 966, in render_annotated
    return self.render(context)
  File "C:\Users\pavel\PycharmProjects\ProjectLab5\.venv\lib\site-packages\django\template\defaulttags.py", line 238, in render
    nodelist.append(node.render_annotated(context))
  File "C:\Users\pavel\PycharmProjects\ProjectLab5\.venv\lib\site-packages\django\template\base.py", line 966, in render_annotated
    return self.render(context)
  File "C:\Users\pavel\PycharmProjects\ProjectLab5\.venv\lib\site-packages\django\template\defaulttags.py", line 471, in render
    url = reverse(view_name, args=args, kwargs=kwargs, current_app=current_app)
  File "C:\Users\pavel\PycharmProjects\ProjectLab5\.venv\lib\site-packages\django\urls\base.py", line 88, in reverse
    return resolver._reverse_with_prefix(view, prefix, *args, **kwargs)
  File "C:\Users\pavel\PycharmProjects\ProjectLab5\.venv\lib\site-packages\django\urls\resolvers.py", line 828, in _reverse_with_prefix
    raise NoReverseMatch(msg)
django.urls.exceptions.NoReverseMatch: Reverse for 'car_add' with arguments '(1,)' not found. 1 pattern(s) tried: ['car_list/detail/?$']
[2025-05-14 15:45:13,937] ERROR [django.server] "GET /car_list HTTP/1.1" 500 137656
[2025-05-14 15:45:36,112] INFO [django.utils.autoreload] C:\Users\pavel\PycharmProjects\ProjectLab5\AutoSalon\salon\urls.py changed, reloading.
[2025-05-14 15:45:36,487] INFO [django.utils.autoreload] Watching for file changes with StatReloader
[2025-05-14 15:45:36,919] ERROR [django.request] Internal Server Error: /car_list
Traceback (most recent call last):
  File "C:\Users\pavel\PycharmProjects\ProjectLab5\.venv\lib\site-packages\django\core\handlers\exception.py", line 55, in inner
    response = get_response(request)
  File "C:\Users\pavel\PycharmProjects\ProjectLab5\.venv\lib\site-packages\django\core\handlers\base.py", line 197, in _get_response
    response = wrapped_callback(request, *callback_args, **callback_kwargs)
  File "C:\Users\pavel\PycharmProjects\ProjectLab5\AutoSalon\salon\views.py", line 170, in car_list
    return render(request, 'salon/car_list.html', {'cars': cars, 'sort_by': sort_by})
  File "C:\Users\pavel\PycharmProjects\ProjectLab5\.venv\lib\site-packages\django\shortcuts.py", line 24, in render
    content = loader.render_to_string(template_name, context, request, using=using)
  File "C:\Users\pavel\PycharmProjects\ProjectLab5\.venv\lib\site-packages\django\template\loader.py", line 62, in render_to_string
    return template.render(context, request)
  File "C:\Users\pavel\PycharmProjects\ProjectLab5\.venv\lib\site-packages\django\template\backends\django.py", line 61, in render
    return self.template.render(context)
  File "C:\Users\pavel\PycharmProjects\ProjectLab5\.venv\lib\site-packages\django\template\base.py", line 175, in render
    return self._render(context)
  File "C:\Users\pavel\PycharmProjects\ProjectLab5\.venv\lib\site-packages\django\template\base.py", line 167, in _render
    return self.nodelist.render(context)
  File "C:\Users\pavel\PycharmProjects\ProjectLab5\.venv\lib\site-packages\django\template\base.py", line 1005, in render
    return SafeString("".join([node.render_annotated(context) for node in self]))
  File "C:\Users\pavel\PycharmProjects\ProjectLab5\.venv\lib\site-packages\django\template\base.py", line 1005, in <listcomp>
    return SafeString("".join([node.render_annotated(context) for node in self]))
  File "C:\Users\pavel\PycharmProjects\ProjectLab5\.venv\lib\site-packages\django\template\base.py", line 966, in render_annotated
    return self.render(context)
  File "C:\Users\pavel\PycharmProjects\ProjectLab5\.venv\lib\site-packages\django\template\defaulttags.py", line 238, in render
    nodelist.append(node.render_annotated(context))
  File "C:\Users\pavel\PycharmProjects\ProjectLab5\.venv\lib\site-packages\django\template\base.py", line 966, in render_annotated
    return self.render(context)
  File "C:\Users\pavel\PycharmProjects\ProjectLab5\.venv\lib\site-packages\django\template\defaulttags.py", line 471, in render
    url = reverse(view_name, args=args, kwargs=kwargs, current_app=current_app)
  File "C:\Users\pavel\PycharmProjects\ProjectLab5\.venv\lib\site-packages\django\urls\base.py", line 88, in reverse
    return resolver._reverse_with_prefix(view, prefix, *args, **kwargs)
  File "C:\Users\pavel\PycharmProjects\ProjectLab5\.venv\lib\site-packages\django\urls\resolvers.py", line 828, in _reverse_with_prefix
    raise NoReverseMatch(msg)
django.urls.exceptions.NoReverseMatch: Reverse for 'car_add' with arguments '(1,)' not found. 1 pattern(s) tried: ['car_list/add/?$']
[2025-05-14 15:45:36,921] ERROR [django.server] "GET /car_list HTTP/1.1" 500 137617
[2025-05-14 15:45:52,076] INFO [django.utils.autoreload] C:\Users\pavel\PycharmProjects\ProjectLab5\AutoSalon\salon\urls.py changed, reloading.
[2025-05-14 15:45:52,435] INFO [django.utils.autoreload] Watching for file changes with StatReloader
[2025-05-14 15:47:21,429] INFO [django.utils.autoreload] C:\Users\pavel\PycharmProjects\ProjectLab5\AutoSalon\salon\urls.py changed, reloading.
[2025-05-14 15:47:21,804] INFO [django.utils.autoreload] Watching for file changes with StatReloader
[2025-05-14 15:47:26,093] INFO [django.utils.autoreload] C:\Users\pavel\PycharmProjects\ProjectLab5\AutoSalon\salon\urls.py changed, reloading.
[2025-05-14 15:47:26,468] INFO [django.utils.autoreload] Watching for file changes with StatReloader
[2025-05-14 15:47:26,855] ERROR [django.request] Internal Server Error: /car_list
Traceback (most recent call last):
  File "C:\Users\pavel\PycharmProjects\ProjectLab5\.venv\lib\site-packages\django\core\handlers\exception.py", line 55, in inner
    response = get_response(request)
  File "C:\Users\pavel\PycharmProjects\ProjectLab5\.venv\lib\site-packages\django\core\handlers\base.py", line 197, in _get_response
    response = wrapped_callback(request, *callback_args, **callback_kwargs)
  File "C:\Users\pavel\PycharmProjects\ProjectLab5\AutoSalon\salon\views.py", line 170, in car_list
    return render(request, 'salon/car_list.html', {'cars': cars, 'sort_by': sort_by})
  File "C:\Users\pavel\PycharmProjects\ProjectLab5\.venv\lib\site-packages\django\shortcuts.py", line 24, in render
    content = loader.render_to_string(template_name, context, request, using=using)
  File "C:\Users\pavel\PycharmProjects\ProjectLab5\.venv\lib\site-packages\django\template\loader.py", line 62, in render_to_string
    return template.render(context, request)
  File "C:\Users\pavel\PycharmProjects\ProjectLab5\.venv\lib\site-packages\django\template\backends\django.py", line 61, in render
    return self.template.render(context)
  File "C:\Users\pavel\PycharmProjects\ProjectLab5\.venv\lib\site-packages\django\template\base.py", line 175, in render
    return self._render(context)
  File "C:\Users\pavel\PycharmProjects\ProjectLab5\.venv\lib\site-packages\django\template\base.py", line 167, in _render
    return self.nodelist.render(context)
  File "C:\Users\pavel\PycharmProjects\ProjectLab5\.venv\lib\site-packages\django\template\base.py", line 1005, in render
    return SafeString("".join([node.render_annotated(context) for node in self]))
  File "C:\Users\pavel\PycharmProjects\ProjectLab5\.venv\lib\site-packages\django\template\base.py", line 1005, in <listcomp>
    return SafeString("".join([node.render_annotated(context) for node in self]))
  File "C:\Users\pavel\PycharmProjects\ProjectLab5\.venv\lib\site-packages\django\template\base.py", line 966, in render_annotated
    return self.render(context)
  File "C:\Users\pavel\PycharmProjects\ProjectLab5\.venv\lib\site-packages\django\template\defaulttags.py", line 238, in render
    nodelist.append(node.render_annotated(context))
  File "C:\Users\pavel\PycharmProjects\ProjectLab5\.venv\lib\site-packages\django\template\base.py", line 966, in render_annotated
    return self.render(context)
  File "C:\Users\pavel\PycharmProjects\ProjectLab5\.venv\lib\site-packages\django\template\defaulttags.py", line 471, in render
    url = reverse(view_name, args=args, kwargs=kwargs, current_app=current_app)
  File "C:\Users\pavel\PycharmProjects\ProjectLab5\.venv\lib\site-packages\django\urls\base.py", line 88, in reverse
    return resolver._reverse_with_prefix(view, prefix, *args, **kwargs)
  File "C:\Users\pavel\PycharmProjects\ProjectLab5\.venv\lib\site-packages\django\urls\resolvers.py", line 828, in _reverse_with_prefix
    raise NoReverseMatch(msg)
django.urls.exceptions.NoReverseMatch: Reverse for 'car_add' with arguments '(1,)' not found. 1 pattern(s) tried: ['car_list/detail/$']
[2025-05-14 15:47:26,857] ERROR [django.server] "GET /car_list HTTP/1.1" 500 137649
[2025-05-14 15:47:27,469] ERROR [django.request] Internal Server Error: /car_list
Traceback (most recent call last):
  File "C:\Users\pavel\PycharmProjects\ProjectLab5\.venv\lib\site-packages\django\core\handlers\exception.py", line 55, in inner
    response = get_response(request)
  File "C:\Users\pavel\PycharmProjects\ProjectLab5\.venv\lib\site-packages\django\core\handlers\base.py", line 197, in _get_response
    response = wrapped_callback(request, *callback_args, **callback_kwargs)
  File "C:\Users\pavel\PycharmProjects\ProjectLab5\AutoSalon\salon\views.py", line 170, in car_list
    return render(request, 'salon/car_list.html', {'cars': cars, 'sort_by': sort_by})
  File "C:\Users\pavel\PycharmProjects\ProjectLab5\.venv\lib\site-packages\django\shortcuts.py", line 24, in render
    content = loader.render_to_string(template_name, context, request, using=using)
  File "C:\Users\pavel\PycharmProjects\ProjectLab5\.venv\lib\site-packages\django\template\loader.py", line 62, in render_to_string
    return template.render(context, request)
  File "C:\Users\pavel\PycharmProjects\ProjectLab5\.venv\lib\site-packages\django\template\backends\django.py", line 61, in render
    return self.template.render(context)
  File "C:\Users\pavel\PycharmProjects\ProjectLab5\.venv\lib\site-packages\django\template\base.py", line 175, in render
    return self._render(context)
  File "C:\Users\pavel\PycharmProjects\ProjectLab5\.venv\lib\site-packages\django\template\base.py", line 167, in _render
    return self.nodelist.render(context)
  File "C:\Users\pavel\PycharmProjects\ProjectLab5\.venv\lib\site-packages\django\template\base.py", line 1005, in render
    return SafeString("".join([node.render_annotated(context) for node in self]))
  File "C:\Users\pavel\PycharmProjects\ProjectLab5\.venv\lib\site-packages\django\template\base.py", line 1005, in <listcomp>
    return SafeString("".join([node.render_annotated(context) for node in self]))
  File "C:\Users\pavel\PycharmProjects\ProjectLab5\.venv\lib\site-packages\django\template\base.py", line 966, in render_annotated
    return self.render(context)
  File "C:\Users\pavel\PycharmProjects\ProjectLab5\.venv\lib\site-packages\django\template\defaulttags.py", line 238, in render
    nodelist.append(node.render_annotated(context))
  File "C:\Users\pavel\PycharmProjects\ProjectLab5\.venv\lib\site-packages\django\template\base.py", line 966, in render_annotated
    return self.render(context)
  File "C:\Users\pavel\PycharmProjects\ProjectLab5\.venv\lib\site-packages\django\template\defaulttags.py", line 471, in render
    url = reverse(view_name, args=args, kwargs=kwargs, current_app=current_app)
  File "C:\Users\pavel\PycharmProjects\ProjectLab5\.venv\lib\site-packages\django\urls\base.py", line 88, in reverse
    return resolver._reverse_with_prefix(view, prefix, *args, **kwargs)
  File "C:\Users\pavel\PycharmProjects\ProjectLab5\.venv\lib\site-packages\django\urls\resolvers.py", line 828, in _reverse_with_prefix
    raise NoReverseMatch(msg)
django.urls.exceptions.NoReverseMatch: Reverse for 'car_add' with arguments '(1,)' not found. 1 pattern(s) tried: ['car_list/detail/$']
[2025-05-14 15:47:27,469] ERROR [django.server] "GET /car_list HTTP/1.1" 500 137649
[2025-05-14 15:47:50,601] ERROR [django.request] Internal Server Error: /car_list
Traceback (most recent call last):
  File "C:\Users\pavel\PycharmProjects\ProjectLab5\.venv\lib\site-packages\django\core\handlers\exception.py", line 55, in inner
    response = get_response(request)
  File "C:\Users\pavel\PycharmProjects\ProjectLab5\.venv\lib\site-packages\django\core\handlers\base.py", line 197, in _get_response
    response = wrapped_callback(request, *callback_args, **callback_kwargs)
  File "C:\Users\pavel\PycharmProjects\ProjectLab5\AutoSalon\salon\views.py", line 170, in car_list
    return render(request, 'salon/car_list.html', {'cars': cars, 'sort_by': sort_by})
  File "C:\Users\pavel\PycharmProjects\ProjectLab5\.venv\lib\site-packages\django\shortcuts.py", line 24, in render
    content = loader.render_to_string(template_name, context, request, using=using)
  File "C:\Users\pavel\PycharmProjects\ProjectLab5\.venv\lib\site-packages\django\template\loader.py", line 62, in render_to_string
    return template.render(context, request)
  File "C:\Users\pavel\PycharmProjects\ProjectLab5\.venv\lib\site-packages\django\template\backends\django.py", line 61, in render
    return self.template.render(context)
  File "C:\Users\pavel\PycharmProjects\ProjectLab5\.venv\lib\site-packages\django\template\base.py", line 175, in render
    return self._render(context)
  File "C:\Users\pavel\PycharmProjects\ProjectLab5\.venv\lib\site-packages\django\template\base.py", line 167, in _render
    return self.nodelist.render(context)
  File "C:\Users\pavel\PycharmProjects\ProjectLab5\.venv\lib\site-packages\django\template\base.py", line 1005, in render
    return SafeString("".join([node.render_annotated(context) for node in self]))
  File "C:\Users\pavel\PycharmProjects\ProjectLab5\.venv\lib\site-packages\django\template\base.py", line 1005, in <listcomp>
    return SafeString("".join([node.render_annotated(context) for node in self]))
  File "C:\Users\pavel\PycharmProjects\ProjectLab5\.venv\lib\site-packages\django\template\base.py", line 966, in render_annotated
    return self.render(context)
  File "C:\Users\pavel\PycharmProjects\ProjectLab5\.venv\lib\site-packages\django\template\defaulttags.py", line 238, in render
    nodelist.append(node.render_annotated(context))
  File "C:\Users\pavel\PycharmProjects\ProjectLab5\.venv\lib\site-packages\django\template\base.py", line 966, in render_annotated
    return self.render(context)
  File "C:\Users\pavel\PycharmProjects\ProjectLab5\.venv\lib\site-packages\django\template\defaulttags.py", line 471, in render
    url = reverse(view_name, args=args, kwargs=kwargs, current_app=current_app)
  File "C:\Users\pavel\PycharmProjects\ProjectLab5\.venv\lib\site-packages\django\urls\base.py", line 88, in reverse
    return resolver._reverse_with_prefix(view, prefix, *args, **kwargs)
  File "C:\Users\pavel\PycharmProjects\ProjectLab5\.venv\lib\site-packages\django\urls\resolvers.py", line 828, in _reverse_with_prefix
    raise NoReverseMatch(msg)
django.urls.exceptions.NoReverseMatch: Reverse for 'car_detail' not found. 'car_detail' is not a valid view function or pattern name.
[2025-05-14 15:47:50,603] ERROR [django.server] "GET /car_list HTTP/1.1" 500 136261
[2025-05-14 15:50:04,986] INFO [salon.views] Timezone: Europe/Moscow
[2025-05-14 15:50:05,150] INFO [django.server] "GET / HTTP/1.1" 200 4011
[2025-05-14 15:50:07,299] ERROR [django.request] Internal Server Error: /car_list
Traceback (most recent call last):
  File "C:\Users\pavel\PycharmProjects\ProjectLab5\.venv\lib\site-packages\django\core\handlers\exception.py", line 55, in inner
    response = get_response(request)
  File "C:\Users\pavel\PycharmProjects\ProjectLab5\.venv\lib\site-packages\django\core\handlers\base.py", line 197, in _get_response
    response = wrapped_callback(request, *callback_args, **callback_kwargs)
  File "C:\Users\pavel\PycharmProjects\ProjectLab5\AutoSalon\salon\views.py", line 170, in car_list
    return render(request, 'salon/car_list.html', {'cars': cars, 'sort_by': sort_by})
  File "C:\Users\pavel\PycharmProjects\ProjectLab5\.venv\lib\site-packages\django\shortcuts.py", line 24, in render
    content = loader.render_to_string(template_name, context, request, using=using)
  File "C:\Users\pavel\PycharmProjects\ProjectLab5\.venv\lib\site-packages\django\template\loader.py", line 62, in render_to_string
    return template.render(context, request)
  File "C:\Users\pavel\PycharmProjects\ProjectLab5\.venv\lib\site-packages\django\template\backends\django.py", line 61, in render
    return self.template.render(context)
  File "C:\Users\pavel\PycharmProjects\ProjectLab5\.venv\lib\site-packages\django\template\base.py", line 175, in render
    return self._render(context)
  File "C:\Users\pavel\PycharmProjects\ProjectLab5\.venv\lib\site-packages\django\template\base.py", line 167, in _render
    return self.nodelist.render(context)
  File "C:\Users\pavel\PycharmProjects\ProjectLab5\.venv\lib\site-packages\django\template\base.py", line 1005, in render
    return SafeString("".join([node.render_annotated(context) for node in self]))
  File "C:\Users\pavel\PycharmProjects\ProjectLab5\.venv\lib\site-packages\django\template\base.py", line 1005, in <listcomp>
    return SafeString("".join([node.render_annotated(context) for node in self]))
  File "C:\Users\pavel\PycharmProjects\ProjectLab5\.venv\lib\site-packages\django\template\base.py", line 966, in render_annotated
    return self.render(context)
  File "C:\Users\pavel\PycharmProjects\ProjectLab5\.venv\lib\site-packages\django\template\defaulttags.py", line 238, in render
    nodelist.append(node.render_annotated(context))
  File "C:\Users\pavel\PycharmProjects\ProjectLab5\.venv\lib\site-packages\django\template\base.py", line 966, in render_annotated
    return self.render(context)
  File "C:\Users\pavel\PycharmProjects\ProjectLab5\.venv\lib\site-packages\django\template\defaulttags.py", line 471, in render
    url = reverse(view_name, args=args, kwargs=kwargs, current_app=current_app)
  File "C:\Users\pavel\PycharmProjects\ProjectLab5\.venv\lib\site-packages\django\urls\base.py", line 88, in reverse
    return resolver._reverse_with_prefix(view, prefix, *args, **kwargs)
  File "C:\Users\pavel\PycharmProjects\ProjectLab5\.venv\lib\site-packages\django\urls\resolvers.py", line 828, in _reverse_with_prefix
    raise NoReverseMatch(msg)
django.urls.exceptions.NoReverseMatch: Reverse for 'car_detail' not found. 'car_detail' is not a valid view function or pattern name.
[2025-05-14 15:50:07,301] ERROR [django.server] "GET /car_list HTTP/1.1" 500 136109
[2025-05-14 15:50:26,593] INFO [django.utils.autoreload] C:\Users\pavel\PycharmProjects\ProjectLab5\AutoSalon\salon\urls.py changed, reloading.
[2025-05-14 15:50:26,969] INFO [django.utils.autoreload] Watching for file changes with StatReloader
[2025-05-14 15:50:34,573] ERROR [django.request] Internal Server Error: /car_list
Traceback (most recent call last):
  File "C:\Users\pavel\PycharmProjects\ProjectLab5\.venv\lib\site-packages\django\core\handlers\exception.py", line 55, in inner
    response = get_response(request)
  File "C:\Users\pavel\PycharmProjects\ProjectLab5\.venv\lib\site-packages\django\core\handlers\base.py", line 197, in _get_response
    response = wrapped_callback(request, *callback_args, **callback_kwargs)
  File "C:\Users\pavel\PycharmProjects\ProjectLab5\AutoSalon\salon\views.py", line 170, in car_list
    return render(request, 'salon/car_list.html', {'cars': cars, 'sort_by': sort_by})
  File "C:\Users\pavel\PycharmProjects\ProjectLab5\.venv\lib\site-packages\django\shortcuts.py", line 24, in render
    content = loader.render_to_string(template_name, context, request, using=using)
  File "C:\Users\pavel\PycharmProjects\ProjectLab5\.venv\lib\site-packages\django\template\loader.py", line 62, in render_to_string
    return template.render(context, request)
  File "C:\Users\pavel\PycharmProjects\ProjectLab5\.venv\lib\site-packages\django\template\backends\django.py", line 61, in render
    return self.template.render(context)
  File "C:\Users\pavel\PycharmProjects\ProjectLab5\.venv\lib\site-packages\django\template\base.py", line 175, in render
    return self._render(context)
  File "C:\Users\pavel\PycharmProjects\ProjectLab5\.venv\lib\site-packages\django\template\base.py", line 167, in _render
    return self.nodelist.render(context)
  File "C:\Users\pavel\PycharmProjects\ProjectLab5\.venv\lib\site-packages\django\template\base.py", line 1005, in render
    return SafeString("".join([node.render_annotated(context) for node in self]))
  File "C:\Users\pavel\PycharmProjects\ProjectLab5\.venv\lib\site-packages\django\template\base.py", line 1005, in <listcomp>
    return SafeString("".join([node.render_annotated(context) for node in self]))
  File "C:\Users\pavel\PycharmProjects\ProjectLab5\.venv\lib\site-packages\django\template\base.py", line 966, in render_annotated
    return self.render(context)
  File "C:\Users\pavel\PycharmProjects\ProjectLab5\.venv\lib\site-packages\django\template\defaulttags.py", line 238, in render
    nodelist.append(node.render_annotated(context))
  File "C:\Users\pavel\PycharmProjects\ProjectLab5\.venv\lib\site-packages\django\template\base.py", line 966, in render_annotated
    return self.render(context)
  File "C:\Users\pavel\PycharmProjects\ProjectLab5\.venv\lib\site-packages\django\template\defaulttags.py", line 471, in render
    url = reverse(view_name, args=args, kwargs=kwargs, current_app=current_app)
  File "C:\Users\pavel\PycharmProjects\ProjectLab5\.venv\lib\site-packages\django\urls\base.py", line 88, in reverse
    return resolver._reverse_with_prefix(view, prefix, *args, **kwargs)
  File "C:\Users\pavel\PycharmProjects\ProjectLab5\.venv\lib\site-packages\django\urls\resolvers.py", line 828, in _reverse_with_prefix
    raise NoReverseMatch(msg)
django.urls.exceptions.NoReverseMatch: Reverse for 'car_detail' not found. 'car_detail' is not a valid view function or pattern name.
[2025-05-14 15:50:34,577] ERROR [django.server] "GET /car_list HTTP/1.1" 500 136246
[2025-05-14 15:51:39,833] INFO [django.utils.autoreload] C:\Users\pavel\PycharmProjects\ProjectLab5\AutoSalon\salon\urls.py changed, reloading.
[2025-05-14 15:51:40,223] INFO [django.utils.autoreload] Watching for file changes with StatReloader
[2025-05-14 15:51:43,355] ERROR [django.request] Internal Server Error: /car_list
Traceback (most recent call last):
  File "C:\Users\pavel\PycharmProjects\ProjectLab5\.venv\lib\site-packages\django\core\handlers\exception.py", line 55, in inner
    response = get_response(request)
  File "C:\Users\pavel\PycharmProjects\ProjectLab5\.venv\lib\site-packages\django\core\handlers\base.py", line 197, in _get_response
    response = wrapped_callback(request, *callback_args, **callback_kwargs)
  File "C:\Users\pavel\PycharmProjects\ProjectLab5\AutoSalon\salon\views.py", line 170, in car_list
    return render(request, 'salon/car_list.html', {'cars': cars, 'sort_by': sort_by})
  File "C:\Users\pavel\PycharmProjects\ProjectLab5\.venv\lib\site-packages\django\shortcuts.py", line 24, in render
    content = loader.render_to_string(template_name, context, request, using=using)
  File "C:\Users\pavel\PycharmProjects\ProjectLab5\.venv\lib\site-packages\django\template\loader.py", line 62, in render_to_string
    return template.render(context, request)
  File "C:\Users\pavel\PycharmProjects\ProjectLab5\.venv\lib\site-packages\django\template\backends\django.py", line 61, in render
    return self.template.render(context)
  File "C:\Users\pavel\PycharmProjects\ProjectLab5\.venv\lib\site-packages\django\template\base.py", line 175, in render
    return self._render(context)
  File "C:\Users\pavel\PycharmProjects\ProjectLab5\.venv\lib\site-packages\django\template\base.py", line 167, in _render
    return self.nodelist.render(context)
  File "C:\Users\pavel\PycharmProjects\ProjectLab5\.venv\lib\site-packages\django\template\base.py", line 1005, in render
    return SafeString("".join([node.render_annotated(context) for node in self]))
  File "C:\Users\pavel\PycharmProjects\ProjectLab5\.venv\lib\site-packages\django\template\base.py", line 1005, in <listcomp>
    return SafeString("".join([node.render_annotated(context) for node in self]))
  File "C:\Users\pavel\PycharmProjects\ProjectLab5\.venv\lib\site-packages\django\template\base.py", line 966, in render_annotated
    return self.render(context)
  File "C:\Users\pavel\PycharmProjects\ProjectLab5\.venv\lib\site-packages\django\template\defaulttags.py", line 321, in render
    return nodelist.render(context)
  File "C:\Users\pavel\PycharmProjects\ProjectLab5\.venv\lib\site-packages\django\template\base.py", line 1005, in render
    return SafeString("".join([node.render_annotated(context) for node in self]))
  File "C:\Users\pavel\PycharmProjects\ProjectLab5\.venv\lib\site-packages\django\template\base.py", line 1005, in <listcomp>
    return SafeString("".join([node.render_annotated(context) for node in self]))
  File "C:\Users\pavel\PycharmProjects\ProjectLab5\.venv\lib\site-packages\django\template\base.py", line 966, in render_annotated
    return self.render(context)
  File "C:\Users\pavel\PycharmProjects\ProjectLab5\.venv\lib\site-packages\django\template\defaulttags.py", line 471, in render
    url = reverse(view_name, args=args, kwargs=kwargs, current_app=current_app)
  File "C:\Users\pavel\PycharmProjects\ProjectLab5\.venv\lib\site-packages\django\urls\base.py", line 88, in reverse
    return resolver._reverse_with_prefix(view, prefix, *args, **kwargs)
  File "C:\Users\pavel\PycharmProjects\ProjectLab5\.venv\lib\site-packages\django\urls\resolvers.py", line 828, in _reverse_with_prefix
    raise NoReverseMatch(msg)
django.urls.exceptions.NoReverseMatch: Reverse for 'car_add' not found. 'car_add' is not a valid view function or pattern name.
[2025-05-14 15:51:43,357] ERROR [django.server] "GET /car_list HTTP/1.1" 500 141987
[2025-05-14 15:51:45,298] ERROR [django.request] Internal Server Error: /car_list
Traceback (most recent call last):
  File "C:\Users\pavel\PycharmProjects\ProjectLab5\.venv\lib\site-packages\django\core\handlers\exception.py", line 55, in inner
    response = get_response(request)
  File "C:\Users\pavel\PycharmProjects\ProjectLab5\.venv\lib\site-packages\django\core\handlers\base.py", line 197, in _get_response
    response = wrapped_callback(request, *callback_args, **callback_kwargs)
  File "C:\Users\pavel\PycharmProjects\ProjectLab5\AutoSalon\salon\views.py", line 170, in car_list
    return render(request, 'salon/car_list.html', {'cars': cars, 'sort_by': sort_by})
  File "C:\Users\pavel\PycharmProjects\ProjectLab5\.venv\lib\site-packages\django\shortcuts.py", line 24, in render
    content = loader.render_to_string(template_name, context, request, using=using)
  File "C:\Users\pavel\PycharmProjects\ProjectLab5\.venv\lib\site-packages\django\template\loader.py", line 62, in render_to_string
    return template.render(context, request)
  File "C:\Users\pavel\PycharmProjects\ProjectLab5\.venv\lib\site-packages\django\template\backends\django.py", line 61, in render
    return self.template.render(context)
  File "C:\Users\pavel\PycharmProjects\ProjectLab5\.venv\lib\site-packages\django\template\base.py", line 175, in render
    return self._render(context)
  File "C:\Users\pavel\PycharmProjects\ProjectLab5\.venv\lib\site-packages\django\template\base.py", line 167, in _render
    return self.nodelist.render(context)
  File "C:\Users\pavel\PycharmProjects\ProjectLab5\.venv\lib\site-packages\django\template\base.py", line 1005, in render
    return SafeString("".join([node.render_annotated(context) for node in self]))
  File "C:\Users\pavel\PycharmProjects\ProjectLab5\.venv\lib\site-packages\django\template\base.py", line 1005, in <listcomp>
    return SafeString("".join([node.render_annotated(context) for node in self]))
  File "C:\Users\pavel\PycharmProjects\ProjectLab5\.venv\lib\site-packages\django\template\base.py", line 966, in render_annotated
    return self.render(context)
  File "C:\Users\pavel\PycharmProjects\ProjectLab5\.venv\lib\site-packages\django\template\defaulttags.py", line 321, in render
    return nodelist.render(context)
  File "C:\Users\pavel\PycharmProjects\ProjectLab5\.venv\lib\site-packages\django\template\base.py", line 1005, in render
    return SafeString("".join([node.render_annotated(context) for node in self]))
  File "C:\Users\pavel\PycharmProjects\ProjectLab5\.venv\lib\site-packages\django\template\base.py", line 1005, in <listcomp>
    return SafeString("".join([node.render_annotated(context) for node in self]))
  File "C:\Users\pavel\PycharmProjects\ProjectLab5\.venv\lib\site-packages\django\template\base.py", line 966, in render_annotated
    return self.render(context)
  File "C:\Users\pavel\PycharmProjects\ProjectLab5\.venv\lib\site-packages\django\template\defaulttags.py", line 471, in render
    url = reverse(view_name, args=args, kwargs=kwargs, current_app=current_app)
  File "C:\Users\pavel\PycharmProjects\ProjectLab5\.venv\lib\site-packages\django\urls\base.py", line 88, in reverse
    return resolver._reverse_with_prefix(view, prefix, *args, **kwargs)
  File "C:\Users\pavel\PycharmProjects\ProjectLab5\.venv\lib\site-packages\django\urls\resolvers.py", line 828, in _reverse_with_prefix
    raise NoReverseMatch(msg)
django.urls.exceptions.NoReverseMatch: Reverse for 'car_add' not found. 'car_add' is not a valid view function or pattern name.
[2025-05-14 15:51:45,299] ERROR [django.server] "GET /car_list HTTP/1.1" 500 141987
[2025-05-14 15:51:54,448] ERROR [django.request] Internal Server Error: /car_list
Traceback (most recent call last):
  File "C:\Users\pavel\PycharmProjects\ProjectLab5\.venv\lib\site-packages\django\core\handlers\exception.py", line 55, in inner
    response = get_response(request)
  File "C:\Users\pavel\PycharmProjects\ProjectLab5\.venv\lib\site-packages\django\core\handlers\base.py", line 197, in _get_response
    response = wrapped_callback(request, *callback_args, **callback_kwargs)
  File "C:\Users\pavel\PycharmProjects\ProjectLab5\AutoSalon\salon\views.py", line 170, in car_list
    return render(request, 'salon/car_list.html', {'cars': cars, 'sort_by': sort_by})
  File "C:\Users\pavel\PycharmProjects\ProjectLab5\.venv\lib\site-packages\django\shortcuts.py", line 24, in render
    content = loader.render_to_string(template_name, context, request, using=using)
  File "C:\Users\pavel\PycharmProjects\ProjectLab5\.venv\lib\site-packages\django\template\loader.py", line 62, in render_to_string
    return template.render(context, request)
  File "C:\Users\pavel\PycharmProjects\ProjectLab5\.venv\lib\site-packages\django\template\backends\django.py", line 61, in render
    return self.template.render(context)
  File "C:\Users\pavel\PycharmProjects\ProjectLab5\.venv\lib\site-packages\django\template\base.py", line 175, in render
    return self._render(context)
  File "C:\Users\pavel\PycharmProjects\ProjectLab5\.venv\lib\site-packages\django\template\base.py", line 167, in _render
    return self.nodelist.render(context)
  File "C:\Users\pavel\PycharmProjects\ProjectLab5\.venv\lib\site-packages\django\template\base.py", line 1005, in render
    return SafeString("".join([node.render_annotated(context) for node in self]))
  File "C:\Users\pavel\PycharmProjects\ProjectLab5\.venv\lib\site-packages\django\template\base.py", line 1005, in <listcomp>
    return SafeString("".join([node.render_annotated(context) for node in self]))
  File "C:\Users\pavel\PycharmProjects\ProjectLab5\.venv\lib\site-packages\django\template\base.py", line 966, in render_annotated
    return self.render(context)
  File "C:\Users\pavel\PycharmProjects\ProjectLab5\.venv\lib\site-packages\django\template\defaulttags.py", line 321, in render
    return nodelist.render(context)
  File "C:\Users\pavel\PycharmProjects\ProjectLab5\.venv\lib\site-packages\django\template\base.py", line 1005, in render
    return SafeString("".join([node.render_annotated(context) for node in self]))
  File "C:\Users\pavel\PycharmProjects\ProjectLab5\.venv\lib\site-packages\django\template\base.py", line 1005, in <listcomp>
    return SafeString("".join([node.render_annotated(context) for node in self]))
  File "C:\Users\pavel\PycharmProjects\ProjectLab5\.venv\lib\site-packages\django\template\base.py", line 966, in render_annotated
    return self.render(context)
  File "C:\Users\pavel\PycharmProjects\ProjectLab5\.venv\lib\site-packages\django\template\defaulttags.py", line 471, in render
    url = reverse(view_name, args=args, kwargs=kwargs, current_app=current_app)
  File "C:\Users\pavel\PycharmProjects\ProjectLab5\.venv\lib\site-packages\django\urls\base.py", line 88, in reverse
    return resolver._reverse_with_prefix(view, prefix, *args, **kwargs)
  File "C:\Users\pavel\PycharmProjects\ProjectLab5\.venv\lib\site-packages\django\urls\resolvers.py", line 828, in _reverse_with_prefix
    raise NoReverseMatch(msg)
django.urls.exceptions.NoReverseMatch: Reverse for 'car_add' not found. 'car_add' is not a valid view function or pattern name.
[2025-05-14 15:51:54,449] ERROR [django.server] "GET /car_list HTTP/1.1" 500 141987
[2025-05-14 15:51:55,348] ERROR [django.request] Internal Server Error: /car_list
Traceback (most recent call last):
  File "C:\Users\pavel\PycharmProjects\ProjectLab5\.venv\lib\site-packages\django\core\handlers\exception.py", line 55, in inner
    response = get_response(request)
  File "C:\Users\pavel\PycharmProjects\ProjectLab5\.venv\lib\site-packages\django\core\handlers\base.py", line 197, in _get_response
    response = wrapped_callback(request, *callback_args, **callback_kwargs)
  File "C:\Users\pavel\PycharmProjects\ProjectLab5\AutoSalon\salon\views.py", line 170, in car_list
    return render(request, 'salon/car_list.html', {'cars': cars, 'sort_by': sort_by})
  File "C:\Users\pavel\PycharmProjects\ProjectLab5\.venv\lib\site-packages\django\shortcuts.py", line 24, in render
    content = loader.render_to_string(template_name, context, request, using=using)
  File "C:\Users\pavel\PycharmProjects\ProjectLab5\.venv\lib\site-packages\django\template\loader.py", line 62, in render_to_string
    return template.render(context, request)
  File "C:\Users\pavel\PycharmProjects\ProjectLab5\.venv\lib\site-packages\django\template\backends\django.py", line 61, in render
    return self.template.render(context)
  File "C:\Users\pavel\PycharmProjects\ProjectLab5\.venv\lib\site-packages\django\template\base.py", line 175, in render
    return self._render(context)
  File "C:\Users\pavel\PycharmProjects\ProjectLab5\.venv\lib\site-packages\django\template\base.py", line 167, in _render
    return self.nodelist.render(context)
  File "C:\Users\pavel\PycharmProjects\ProjectLab5\.venv\lib\site-packages\django\template\base.py", line 1005, in render
    return SafeString("".join([node.render_annotated(context) for node in self]))
  File "C:\Users\pavel\PycharmProjects\ProjectLab5\.venv\lib\site-packages\django\template\base.py", line 1005, in <listcomp>
    return SafeString("".join([node.render_annotated(context) for node in self]))
  File "C:\Users\pavel\PycharmProjects\ProjectLab5\.venv\lib\site-packages\django\template\base.py", line 966, in render_annotated
    return self.render(context)
  File "C:\Users\pavel\PycharmProjects\ProjectLab5\.venv\lib\site-packages\django\template\defaulttags.py", line 321, in render
    return nodelist.render(context)
  File "C:\Users\pavel\PycharmProjects\ProjectLab5\.venv\lib\site-packages\django\template\base.py", line 1005, in render
    return SafeString("".join([node.render_annotated(context) for node in self]))
  File "C:\Users\pavel\PycharmProjects\ProjectLab5\.venv\lib\site-packages\django\template\base.py", line 1005, in <listcomp>
    return SafeString("".join([node.render_annotated(context) for node in self]))
  File "C:\Users\pavel\PycharmProjects\ProjectLab5\.venv\lib\site-packages\django\template\base.py", line 966, in render_annotated
    return self.render(context)
  File "C:\Users\pavel\PycharmProjects\ProjectLab5\.venv\lib\site-packages\django\template\defaulttags.py", line 471, in render
    url = reverse(view_name, args=args, kwargs=kwargs, current_app=current_app)
  File "C:\Users\pavel\PycharmProjects\ProjectLab5\.venv\lib\site-packages\django\urls\base.py", line 88, in reverse
    return resolver._reverse_with_prefix(view, prefix, *args, **kwargs)
  File "C:\Users\pavel\PycharmProjects\ProjectLab5\.venv\lib\site-packages\django\urls\resolvers.py", line 828, in _reverse_with_prefix
    raise NoReverseMatch(msg)
django.urls.exceptions.NoReverseMatch: Reverse for 'car_add' not found. 'car_add' is not a valid view function or pattern name.
[2025-05-14 15:51:55,349] ERROR [django.server] "GET /car_list HTTP/1.1" 500 141987
[2025-05-14 15:51:55,809] ERROR [django.request] Internal Server Error: /car_list
Traceback (most recent call last):
  File "C:\Users\pavel\PycharmProjects\ProjectLab5\.venv\lib\site-packages\django\core\handlers\exception.py", line 55, in inner
    response = get_response(request)
  File "C:\Users\pavel\PycharmProjects\ProjectLab5\.venv\lib\site-packages\django\core\handlers\base.py", line 197, in _get_response
    response = wrapped_callback(request, *callback_args, **callback_kwargs)
  File "C:\Users\pavel\PycharmProjects\ProjectLab5\AutoSalon\salon\views.py", line 170, in car_list
    return render(request, 'salon/car_list.html', {'cars': cars, 'sort_by': sort_by})
  File "C:\Users\pavel\PycharmProjects\ProjectLab5\.venv\lib\site-packages\django\shortcuts.py", line 24, in render
    content = loader.render_to_string(template_name, context, request, using=using)
  File "C:\Users\pavel\PycharmProjects\ProjectLab5\.venv\lib\site-packages\django\template\loader.py", line 62, in render_to_string
    return template.render(context, request)
  File "C:\Users\pavel\PycharmProjects\ProjectLab5\.venv\lib\site-packages\django\template\backends\django.py", line 61, in render
    return self.template.render(context)
  File "C:\Users\pavel\PycharmProjects\ProjectLab5\.venv\lib\site-packages\django\template\base.py", line 175, in render
    return self._render(context)
  File "C:\Users\pavel\PycharmProjects\ProjectLab5\.venv\lib\site-packages\django\template\base.py", line 167, in _render
    return self.nodelist.render(context)
  File "C:\Users\pavel\PycharmProjects\ProjectLab5\.venv\lib\site-packages\django\template\base.py", line 1005, in render
    return SafeString("".join([node.render_annotated(context) for node in self]))
  File "C:\Users\pavel\PycharmProjects\ProjectLab5\.venv\lib\site-packages\django\template\base.py", line 1005, in <listcomp>
    return SafeString("".join([node.render_annotated(context) for node in self]))
  File "C:\Users\pavel\PycharmProjects\ProjectLab5\.venv\lib\site-packages\django\template\base.py", line 966, in render_annotated
    return self.render(context)
  File "C:\Users\pavel\PycharmProjects\ProjectLab5\.venv\lib\site-packages\django\template\defaulttags.py", line 321, in render
    return nodelist.render(context)
  File "C:\Users\pavel\PycharmProjects\ProjectLab5\.venv\lib\site-packages\django\template\base.py", line 1005, in render
    return SafeString("".join([node.render_annotated(context) for node in self]))
  File "C:\Users\pavel\PycharmProjects\ProjectLab5\.venv\lib\site-packages\django\template\base.py", line 1005, in <listcomp>
    return SafeString("".join([node.render_annotated(context) for node in self]))
  File "C:\Users\pavel\PycharmProjects\ProjectLab5\.venv\lib\site-packages\django\template\base.py", line 966, in render_annotated
    return self.render(context)
  File "C:\Users\pavel\PycharmProjects\ProjectLab5\.venv\lib\site-packages\django\template\defaulttags.py", line 471, in render
    url = reverse(view_name, args=args, kwargs=kwargs, current_app=current_app)
  File "C:\Users\pavel\PycharmProjects\ProjectLab5\.venv\lib\site-packages\django\urls\base.py", line 88, in reverse
    return resolver._reverse_with_prefix(view, prefix, *args, **kwargs)
  File "C:\Users\pavel\PycharmProjects\ProjectLab5\.venv\lib\site-packages\django\urls\resolvers.py", line 828, in _reverse_with_prefix
    raise NoReverseMatch(msg)
django.urls.exceptions.NoReverseMatch: Reverse for 'car_add' not found. 'car_add' is not a valid view function or pattern name.
[2025-05-14 15:51:55,811] ERROR [django.server] "GET /car_list HTTP/1.1" 500 141987
[2025-05-14 15:52:04,746] ERROR [django.request] Internal Server Error: /car_list
Traceback (most recent call last):
  File "C:\Users\pavel\PycharmProjects\ProjectLab5\.venv\lib\site-packages\django\core\handlers\exception.py", line 55, in inner
    response = get_response(request)
  File "C:\Users\pavel\PycharmProjects\ProjectLab5\.venv\lib\site-packages\django\core\handlers\base.py", line 197, in _get_response
    response = wrapped_callback(request, *callback_args, **callback_kwargs)
  File "C:\Users\pavel\PycharmProjects\ProjectLab5\AutoSalon\salon\views.py", line 170, in car_list
    return render(request, 'salon/car_list.html', {'cars': cars, 'sort_by': sort_by})
  File "C:\Users\pavel\PycharmProjects\ProjectLab5\.venv\lib\site-packages\django\shortcuts.py", line 24, in render
    content = loader.render_to_string(template_name, context, request, using=using)
  File "C:\Users\pavel\PycharmProjects\ProjectLab5\.venv\lib\site-packages\django\template\loader.py", line 62, in render_to_string
    return template.render(context, request)
  File "C:\Users\pavel\PycharmProjects\ProjectLab5\.venv\lib\site-packages\django\template\backends\django.py", line 61, in render
    return self.template.render(context)
  File "C:\Users\pavel\PycharmProjects\ProjectLab5\.venv\lib\site-packages\django\template\base.py", line 175, in render
    return self._render(context)
  File "C:\Users\pavel\PycharmProjects\ProjectLab5\.venv\lib\site-packages\django\template\base.py", line 167, in _render
    return self.nodelist.render(context)
  File "C:\Users\pavel\PycharmProjects\ProjectLab5\.venv\lib\site-packages\django\template\base.py", line 1005, in render
    return SafeString("".join([node.render_annotated(context) for node in self]))
  File "C:\Users\pavel\PycharmProjects\ProjectLab5\.venv\lib\site-packages\django\template\base.py", line 1005, in <listcomp>
    return SafeString("".join([node.render_annotated(context) for node in self]))
  File "C:\Users\pavel\PycharmProjects\ProjectLab5\.venv\lib\site-packages\django\template\base.py", line 966, in render_annotated
    return self.render(context)
  File "C:\Users\pavel\PycharmProjects\ProjectLab5\.venv\lib\site-packages\django\template\defaulttags.py", line 238, in render
    nodelist.append(node.render_annotated(context))
  File "C:\Users\pavel\PycharmProjects\ProjectLab5\.venv\lib\site-packages\django\template\base.py", line 966, in render_annotated
    return self.render(context)
  File "C:\Users\pavel\PycharmProjects\ProjectLab5\.venv\lib\site-packages\django\template\defaulttags.py", line 471, in render
    url = reverse(view_name, args=args, kwargs=kwargs, current_app=current_app)
  File "C:\Users\pavel\PycharmProjects\ProjectLab5\.venv\lib\site-packages\django\urls\base.py", line 88, in reverse
    return resolver._reverse_with_prefix(view, prefix, *args, **kwargs)
  File "C:\Users\pavel\PycharmProjects\ProjectLab5\.venv\lib\site-packages\django\urls\resolvers.py", line 828, in _reverse_with_prefix
    raise NoReverseMatch(msg)
django.urls.exceptions.NoReverseMatch: Reverse for 'car_detail' with arguments '(1,)' not found. 1 pattern(s) tried: ['car_list/?$']
[2025-05-14 15:52:04,747] ERROR [django.server] "GET /car_list HTTP/1.1" 500 137605
[2025-05-14 15:52:05,659] ERROR [django.request] Internal Server Error: /car_list
Traceback (most recent call last):
  File "C:\Users\pavel\PycharmProjects\ProjectLab5\.venv\lib\site-packages\django\core\handlers\exception.py", line 55, in inner
    response = get_response(request)
  File "C:\Users\pavel\PycharmProjects\ProjectLab5\.venv\lib\site-packages\django\core\handlers\base.py", line 197, in _get_response
    response = wrapped_callback(request, *callback_args, **callback_kwargs)
  File "C:\Users\pavel\PycharmProjects\ProjectLab5\AutoSalon\salon\views.py", line 170, in car_list
    return render(request, 'salon/car_list.html', {'cars': cars, 'sort_by': sort_by})
  File "C:\Users\pavel\PycharmProjects\ProjectLab5\.venv\lib\site-packages\django\shortcuts.py", line 24, in render
    content = loader.render_to_string(template_name, context, request, using=using)
  File "C:\Users\pavel\PycharmProjects\ProjectLab5\.venv\lib\site-packages\django\template\loader.py", line 62, in render_to_string
    return template.render(context, request)
  File "C:\Users\pavel\PycharmProjects\ProjectLab5\.venv\lib\site-packages\django\template\backends\django.py", line 61, in render
    return self.template.render(context)
  File "C:\Users\pavel\PycharmProjects\ProjectLab5\.venv\lib\site-packages\django\template\base.py", line 175, in render
    return self._render(context)
  File "C:\Users\pavel\PycharmProjects\ProjectLab5\.venv\lib\site-packages\django\template\base.py", line 167, in _render
    return self.nodelist.render(context)
  File "C:\Users\pavel\PycharmProjects\ProjectLab5\.venv\lib\site-packages\django\template\base.py", line 1005, in render
    return SafeString("".join([node.render_annotated(context) for node in self]))
  File "C:\Users\pavel\PycharmProjects\ProjectLab5\.venv\lib\site-packages\django\template\base.py", line 1005, in <listcomp>
    return SafeString("".join([node.render_annotated(context) for node in self]))
  File "C:\Users\pavel\PycharmProjects\ProjectLab5\.venv\lib\site-packages\django\template\base.py", line 966, in render_annotated
    return self.render(context)
  File "C:\Users\pavel\PycharmProjects\ProjectLab5\.venv\lib\site-packages\django\template\defaulttags.py", line 238, in render
    nodelist.append(node.render_annotated(context))
  File "C:\Users\pavel\PycharmProjects\ProjectLab5\.venv\lib\site-packages\django\template\base.py", line 966, in render_annotated
    return self.render(context)
  File "C:\Users\pavel\PycharmProjects\ProjectLab5\.venv\lib\site-packages\django\template\defaulttags.py", line 471, in render
    url = reverse(view_name, args=args, kwargs=kwargs, current_app=current_app)
  File "C:\Users\pavel\PycharmProjects\ProjectLab5\.venv\lib\site-packages\django\urls\base.py", line 88, in reverse
    return resolver._reverse_with_prefix(view, prefix, *args, **kwargs)
  File "C:\Users\pavel\PycharmProjects\ProjectLab5\.venv\lib\site-packages\django\urls\resolvers.py", line 828, in _reverse_with_prefix
    raise NoReverseMatch(msg)
django.urls.exceptions.NoReverseMatch: Reverse for 'car_detail' with arguments '(1,)' not found. 1 pattern(s) tried: ['car_list/?$']
[2025-05-14 15:52:05,660] ERROR [django.server] "GET /car_list HTTP/1.1" 500 137605
[2025-05-14 15:52:06,152] ERROR [django.request] Internal Server Error: /car_list
Traceback (most recent call last):
  File "C:\Users\pavel\PycharmProjects\ProjectLab5\.venv\lib\site-packages\django\core\handlers\exception.py", line 55, in inner
    response = get_response(request)
  File "C:\Users\pavel\PycharmProjects\ProjectLab5\.venv\lib\site-packages\django\core\handlers\base.py", line 197, in _get_response
    response = wrapped_callback(request, *callback_args, **callback_kwargs)
  File "C:\Users\pavel\PycharmProjects\ProjectLab5\AutoSalon\salon\views.py", line 170, in car_list
    return render(request, 'salon/car_list.html', {'cars': cars, 'sort_by': sort_by})
  File "C:\Users\pavel\PycharmProjects\ProjectLab5\.venv\lib\site-packages\django\shortcuts.py", line 24, in render
    content = loader.render_to_string(template_name, context, request, using=using)
  File "C:\Users\pavel\PycharmProjects\ProjectLab5\.venv\lib\site-packages\django\template\loader.py", line 62, in render_to_string
    return template.render(context, request)
  File "C:\Users\pavel\PycharmProjects\ProjectLab5\.venv\lib\site-packages\django\template\backends\django.py", line 61, in render
    return self.template.render(context)
  File "C:\Users\pavel\PycharmProjects\ProjectLab5\.venv\lib\site-packages\django\template\base.py", line 175, in render
    return self._render(context)
  File "C:\Users\pavel\PycharmProjects\ProjectLab5\.venv\lib\site-packages\django\template\base.py", line 167, in _render
    return self.nodelist.render(context)
  File "C:\Users\pavel\PycharmProjects\ProjectLab5\.venv\lib\site-packages\django\template\base.py", line 1005, in render
    return SafeString("".join([node.render_annotated(context) for node in self]))
  File "C:\Users\pavel\PycharmProjects\ProjectLab5\.venv\lib\site-packages\django\template\base.py", line 1005, in <listcomp>
    return SafeString("".join([node.render_annotated(context) for node in self]))
  File "C:\Users\pavel\PycharmProjects\ProjectLab5\.venv\lib\site-packages\django\template\base.py", line 966, in render_annotated
    return self.render(context)
  File "C:\Users\pavel\PycharmProjects\ProjectLab5\.venv\lib\site-packages\django\template\defaulttags.py", line 238, in render
    nodelist.append(node.render_annotated(context))
  File "C:\Users\pavel\PycharmProjects\ProjectLab5\.venv\lib\site-packages\django\template\base.py", line 966, in render_annotated
    return self.render(context)
  File "C:\Users\pavel\PycharmProjects\ProjectLab5\.venv\lib\site-packages\django\template\defaulttags.py", line 471, in render
    url = reverse(view_name, args=args, kwargs=kwargs, current_app=current_app)
  File "C:\Users\pavel\PycharmProjects\ProjectLab5\.venv\lib\site-packages\django\urls\base.py", line 88, in reverse
    return resolver._reverse_with_prefix(view, prefix, *args, **kwargs)
  File "C:\Users\pavel\PycharmProjects\ProjectLab5\.venv\lib\site-packages\django\urls\resolvers.py", line 828, in _reverse_with_prefix
    raise NoReverseMatch(msg)
django.urls.exceptions.NoReverseMatch: Reverse for 'car_detail' with arguments '(1,)' not found. 1 pattern(s) tried: ['car_list/?$']
[2025-05-14 15:52:06,153] ERROR [django.server] "GET /car_list HTTP/1.1" 500 137605
[2025-05-14 15:52:06,618] ERROR [django.request] Internal Server Error: /car_list
Traceback (most recent call last):
  File "C:\Users\pavel\PycharmProjects\ProjectLab5\.venv\lib\site-packages\django\core\handlers\exception.py", line 55, in inner
    response = get_response(request)
  File "C:\Users\pavel\PycharmProjects\ProjectLab5\.venv\lib\site-packages\django\core\handlers\base.py", line 197, in _get_response
    response = wrapped_callback(request, *callback_args, **callback_kwargs)
  File "C:\Users\pavel\PycharmProjects\ProjectLab5\AutoSalon\salon\views.py", line 170, in car_list
    return render(request, 'salon/car_list.html', {'cars': cars, 'sort_by': sort_by})
  File "C:\Users\pavel\PycharmProjects\ProjectLab5\.venv\lib\site-packages\django\shortcuts.py", line 24, in render
    content = loader.render_to_string(template_name, context, request, using=using)
  File "C:\Users\pavel\PycharmProjects\ProjectLab5\.venv\lib\site-packages\django\template\loader.py", line 62, in render_to_string
    return template.render(context, request)
  File "C:\Users\pavel\PycharmProjects\ProjectLab5\.venv\lib\site-packages\django\template\backends\django.py", line 61, in render
    return self.template.render(context)
  File "C:\Users\pavel\PycharmProjects\ProjectLab5\.venv\lib\site-packages\django\template\base.py", line 175, in render
    return self._render(context)
  File "C:\Users\pavel\PycharmProjects\ProjectLab5\.venv\lib\site-packages\django\template\base.py", line 167, in _render
    return self.nodelist.render(context)
  File "C:\Users\pavel\PycharmProjects\ProjectLab5\.venv\lib\site-packages\django\template\base.py", line 1005, in render
    return SafeString("".join([node.render_annotated(context) for node in self]))
  File "C:\Users\pavel\PycharmProjects\ProjectLab5\.venv\lib\site-packages\django\template\base.py", line 1005, in <listcomp>
    return SafeString("".join([node.render_annotated(context) for node in self]))
  File "C:\Users\pavel\PycharmProjects\ProjectLab5\.venv\lib\site-packages\django\template\base.py", line 966, in render_annotated
    return self.render(context)
  File "C:\Users\pavel\PycharmProjects\ProjectLab5\.venv\lib\site-packages\django\template\defaulttags.py", line 238, in render
    nodelist.append(node.render_annotated(context))
  File "C:\Users\pavel\PycharmProjects\ProjectLab5\.venv\lib\site-packages\django\template\base.py", line 966, in render_annotated
    return self.render(context)
  File "C:\Users\pavel\PycharmProjects\ProjectLab5\.venv\lib\site-packages\django\template\defaulttags.py", line 471, in render
    url = reverse(view_name, args=args, kwargs=kwargs, current_app=current_app)
  File "C:\Users\pavel\PycharmProjects\ProjectLab5\.venv\lib\site-packages\django\urls\base.py", line 88, in reverse
    return resolver._reverse_with_prefix(view, prefix, *args, **kwargs)
  File "C:\Users\pavel\PycharmProjects\ProjectLab5\.venv\lib\site-packages\django\urls\resolvers.py", line 828, in _reverse_with_prefix
    raise NoReverseMatch(msg)
django.urls.exceptions.NoReverseMatch: Reverse for 'car_detail' with arguments '(1,)' not found. 1 pattern(s) tried: ['car_list/?$']
[2025-05-14 15:52:06,619] ERROR [django.server] "GET /car_list HTTP/1.1" 500 137605
[2025-05-14 15:52:07,139] ERROR [django.request] Internal Server Error: /car_list
Traceback (most recent call last):
  File "C:\Users\pavel\PycharmProjects\ProjectLab5\.venv\lib\site-packages\django\core\handlers\exception.py", line 55, in inner
    response = get_response(request)
  File "C:\Users\pavel\PycharmProjects\ProjectLab5\.venv\lib\site-packages\django\core\handlers\base.py", line 197, in _get_response
    response = wrapped_callback(request, *callback_args, **callback_kwargs)
  File "C:\Users\pavel\PycharmProjects\ProjectLab5\AutoSalon\salon\views.py", line 170, in car_list
    return render(request, 'salon/car_list.html', {'cars': cars, 'sort_by': sort_by})
  File "C:\Users\pavel\PycharmProjects\ProjectLab5\.venv\lib\site-packages\django\shortcuts.py", line 24, in render
    content = loader.render_to_string(template_name, context, request, using=using)
  File "C:\Users\pavel\PycharmProjects\ProjectLab5\.venv\lib\site-packages\django\template\loader.py", line 62, in render_to_string
    return template.render(context, request)
  File "C:\Users\pavel\PycharmProjects\ProjectLab5\.venv\lib\site-packages\django\template\backends\django.py", line 61, in render
    return self.template.render(context)
  File "C:\Users\pavel\PycharmProjects\ProjectLab5\.venv\lib\site-packages\django\template\base.py", line 175, in render
    return self._render(context)
  File "C:\Users\pavel\PycharmProjects\ProjectLab5\.venv\lib\site-packages\django\template\base.py", line 167, in _render
    return self.nodelist.render(context)
  File "C:\Users\pavel\PycharmProjects\ProjectLab5\.venv\lib\site-packages\django\template\base.py", line 1005, in render
    return SafeString("".join([node.render_annotated(context) for node in self]))
  File "C:\Users\pavel\PycharmProjects\ProjectLab5\.venv\lib\site-packages\django\template\base.py", line 1005, in <listcomp>
    return SafeString("".join([node.render_annotated(context) for node in self]))
  File "C:\Users\pavel\PycharmProjects\ProjectLab5\.venv\lib\site-packages\django\template\base.py", line 966, in render_annotated
    return self.render(context)
  File "C:\Users\pavel\PycharmProjects\ProjectLab5\.venv\lib\site-packages\django\template\defaulttags.py", line 238, in render
    nodelist.append(node.render_annotated(context))
  File "C:\Users\pavel\PycharmProjects\ProjectLab5\.venv\lib\site-packages\django\template\base.py", line 966, in render_annotated
    return self.render(context)
  File "C:\Users\pavel\PycharmProjects\ProjectLab5\.venv\lib\site-packages\django\template\defaulttags.py", line 471, in render
    url = reverse(view_name, args=args, kwargs=kwargs, current_app=current_app)
  File "C:\Users\pavel\PycharmProjects\ProjectLab5\.venv\lib\site-packages\django\urls\base.py", line 88, in reverse
    return resolver._reverse_with_prefix(view, prefix, *args, **kwargs)
  File "C:\Users\pavel\PycharmProjects\ProjectLab5\.venv\lib\site-packages\django\urls\resolvers.py", line 828, in _reverse_with_prefix
    raise NoReverseMatch(msg)
django.urls.exceptions.NoReverseMatch: Reverse for 'car_detail' with arguments '(1,)' not found. 1 pattern(s) tried: ['car_list/?$']
[2025-05-14 15:52:07,140] ERROR [django.server] "GET /car_list HTTP/1.1" 500 137605
[2025-05-14 15:52:07,642] ERROR [django.request] Internal Server Error: /car_list
Traceback (most recent call last):
  File "C:\Users\pavel\PycharmProjects\ProjectLab5\.venv\lib\site-packages\django\core\handlers\exception.py", line 55, in inner
    response = get_response(request)
  File "C:\Users\pavel\PycharmProjects\ProjectLab5\.venv\lib\site-packages\django\core\handlers\base.py", line 197, in _get_response
    response = wrapped_callback(request, *callback_args, **callback_kwargs)
  File "C:\Users\pavel\PycharmProjects\ProjectLab5\AutoSalon\salon\views.py", line 170, in car_list
    return render(request, 'salon/car_list.html', {'cars': cars, 'sort_by': sort_by})
  File "C:\Users\pavel\PycharmProjects\ProjectLab5\.venv\lib\site-packages\django\shortcuts.py", line 24, in render
    content = loader.render_to_string(template_name, context, request, using=using)
  File "C:\Users\pavel\PycharmProjects\ProjectLab5\.venv\lib\site-packages\django\template\loader.py", line 62, in render_to_string
    return template.render(context, request)
  File "C:\Users\pavel\PycharmProjects\ProjectLab5\.venv\lib\site-packages\django\template\backends\django.py", line 61, in render
    return self.template.render(context)
  File "C:\Users\pavel\PycharmProjects\ProjectLab5\.venv\lib\site-packages\django\template\base.py", line 175, in render
    return self._render(context)
  File "C:\Users\pavel\PycharmProjects\ProjectLab5\.venv\lib\site-packages\django\template\base.py", line 167, in _render
    return self.nodelist.render(context)
  File "C:\Users\pavel\PycharmProjects\ProjectLab5\.venv\lib\site-packages\django\template\base.py", line 1005, in render
    return SafeString("".join([node.render_annotated(context) for node in self]))
  File "C:\Users\pavel\PycharmProjects\ProjectLab5\.venv\lib\site-packages\django\template\base.py", line 1005, in <listcomp>
    return SafeString("".join([node.render_annotated(context) for node in self]))
  File "C:\Users\pavel\PycharmProjects\ProjectLab5\.venv\lib\site-packages\django\template\base.py", line 966, in render_annotated
    return self.render(context)
  File "C:\Users\pavel\PycharmProjects\ProjectLab5\.venv\lib\site-packages\django\template\defaulttags.py", line 238, in render
    nodelist.append(node.render_annotated(context))
  File "C:\Users\pavel\PycharmProjects\ProjectLab5\.venv\lib\site-packages\django\template\base.py", line 966, in render_annotated
    return self.render(context)
  File "C:\Users\pavel\PycharmProjects\ProjectLab5\.venv\lib\site-packages\django\template\defaulttags.py", line 471, in render
    url = reverse(view_name, args=args, kwargs=kwargs, current_app=current_app)
  File "C:\Users\pavel\PycharmProjects\ProjectLab5\.venv\lib\site-packages\django\urls\base.py", line 88, in reverse
    return resolver._reverse_with_prefix(view, prefix, *args, **kwargs)
  File "C:\Users\pavel\PycharmProjects\ProjectLab5\.venv\lib\site-packages\django\urls\resolvers.py", line 828, in _reverse_with_prefix
    raise NoReverseMatch(msg)
django.urls.exceptions.NoReverseMatch: Reverse for 'car_detail' with arguments '(1,)' not found. 1 pattern(s) tried: ['car_list/?$']
[2025-05-14 15:52:07,643] ERROR [django.server] "GET /car_list HTTP/1.1" 500 137605
[2025-05-14 15:52:08,109] ERROR [django.request] Internal Server Error: /car_list
Traceback (most recent call last):
  File "C:\Users\pavel\PycharmProjects\ProjectLab5\.venv\lib\site-packages\django\core\handlers\exception.py", line 55, in inner
    response = get_response(request)
  File "C:\Users\pavel\PycharmProjects\ProjectLab5\.venv\lib\site-packages\django\core\handlers\base.py", line 197, in _get_response
    response = wrapped_callback(request, *callback_args, **callback_kwargs)
  File "C:\Users\pavel\PycharmProjects\ProjectLab5\AutoSalon\salon\views.py", line 170, in car_list
    return render(request, 'salon/car_list.html', {'cars': cars, 'sort_by': sort_by})
  File "C:\Users\pavel\PycharmProjects\ProjectLab5\.venv\lib\site-packages\django\shortcuts.py", line 24, in render
    content = loader.render_to_string(template_name, context, request, using=using)
  File "C:\Users\pavel\PycharmProjects\ProjectLab5\.venv\lib\site-packages\django\template\loader.py", line 62, in render_to_string
    return template.render(context, request)
  File "C:\Users\pavel\PycharmProjects\ProjectLab5\.venv\lib\site-packages\django\template\backends\django.py", line 61, in render
    return self.template.render(context)
  File "C:\Users\pavel\PycharmProjects\ProjectLab5\.venv\lib\site-packages\django\template\base.py", line 175, in render
    return self._render(context)
  File "C:\Users\pavel\PycharmProjects\ProjectLab5\.venv\lib\site-packages\django\template\base.py", line 167, in _render
    return self.nodelist.render(context)
  File "C:\Users\pavel\PycharmProjects\ProjectLab5\.venv\lib\site-packages\django\template\base.py", line 1005, in render
    return SafeString("".join([node.render_annotated(context) for node in self]))
  File "C:\Users\pavel\PycharmProjects\ProjectLab5\.venv\lib\site-packages\django\template\base.py", line 1005, in <listcomp>
    return SafeString("".join([node.render_annotated(context) for node in self]))
  File "C:\Users\pavel\PycharmProjects\ProjectLab5\.venv\lib\site-packages\django\template\base.py", line 966, in render_annotated
    return self.render(context)
  File "C:\Users\pavel\PycharmProjects\ProjectLab5\.venv\lib\site-packages\django\template\defaulttags.py", line 238, in render
    nodelist.append(node.render_annotated(context))
  File "C:\Users\pavel\PycharmProjects\ProjectLab5\.venv\lib\site-packages\django\template\base.py", line 966, in render_annotated
    return self.render(context)
  File "C:\Users\pavel\PycharmProjects\ProjectLab5\.venv\lib\site-packages\django\template\defaulttags.py", line 471, in render
    url = reverse(view_name, args=args, kwargs=kwargs, current_app=current_app)
  File "C:\Users\pavel\PycharmProjects\ProjectLab5\.venv\lib\site-packages\django\urls\base.py", line 88, in reverse
    return resolver._reverse_with_prefix(view, prefix, *args, **kwargs)
  File "C:\Users\pavel\PycharmProjects\ProjectLab5\.venv\lib\site-packages\django\urls\resolvers.py", line 828, in _reverse_with_prefix
    raise NoReverseMatch(msg)
django.urls.exceptions.NoReverseMatch: Reverse for 'car_detail' with arguments '(1,)' not found. 1 pattern(s) tried: ['car_list/?$']
[2025-05-14 15:52:08,111] ERROR [django.server] "GET /car_list HTTP/1.1" 500 137605
[2025-05-14 15:52:08,592] ERROR [django.request] Internal Server Error: /car_list
Traceback (most recent call last):
  File "C:\Users\pavel\PycharmProjects\ProjectLab5\.venv\lib\site-packages\django\core\handlers\exception.py", line 55, in inner
    response = get_response(request)
  File "C:\Users\pavel\PycharmProjects\ProjectLab5\.venv\lib\site-packages\django\core\handlers\base.py", line 197, in _get_response
    response = wrapped_callback(request, *callback_args, **callback_kwargs)
  File "C:\Users\pavel\PycharmProjects\ProjectLab5\AutoSalon\salon\views.py", line 170, in car_list
    return render(request, 'salon/car_list.html', {'cars': cars, 'sort_by': sort_by})
  File "C:\Users\pavel\PycharmProjects\ProjectLab5\.venv\lib\site-packages\django\shortcuts.py", line 24, in render
    content = loader.render_to_string(template_name, context, request, using=using)
  File "C:\Users\pavel\PycharmProjects\ProjectLab5\.venv\lib\site-packages\django\template\loader.py", line 62, in render_to_string
    return template.render(context, request)
  File "C:\Users\pavel\PycharmProjects\ProjectLab5\.venv\lib\site-packages\django\template\backends\django.py", line 61, in render
    return self.template.render(context)
  File "C:\Users\pavel\PycharmProjects\ProjectLab5\.venv\lib\site-packages\django\template\base.py", line 175, in render
    return self._render(context)
  File "C:\Users\pavel\PycharmProjects\ProjectLab5\.venv\lib\site-packages\django\template\base.py", line 167, in _render
    return self.nodelist.render(context)
  File "C:\Users\pavel\PycharmProjects\ProjectLab5\.venv\lib\site-packages\django\template\base.py", line 1005, in render
    return SafeString("".join([node.render_annotated(context) for node in self]))
  File "C:\Users\pavel\PycharmProjects\ProjectLab5\.venv\lib\site-packages\django\template\base.py", line 1005, in <listcomp>
    return SafeString("".join([node.render_annotated(context) for node in self]))
  File "C:\Users\pavel\PycharmProjects\ProjectLab5\.venv\lib\site-packages\django\template\base.py", line 966, in render_annotated
    return self.render(context)
  File "C:\Users\pavel\PycharmProjects\ProjectLab5\.venv\lib\site-packages\django\template\defaulttags.py", line 238, in render
    nodelist.append(node.render_annotated(context))
  File "C:\Users\pavel\PycharmProjects\ProjectLab5\.venv\lib\site-packages\django\template\base.py", line 966, in render_annotated
    return self.render(context)
  File "C:\Users\pavel\PycharmProjects\ProjectLab5\.venv\lib\site-packages\django\template\defaulttags.py", line 471, in render
    url = reverse(view_name, args=args, kwargs=kwargs, current_app=current_app)
  File "C:\Users\pavel\PycharmProjects\ProjectLab5\.venv\lib\site-packages\django\urls\base.py", line 88, in reverse
    return resolver._reverse_with_prefix(view, prefix, *args, **kwargs)
  File "C:\Users\pavel\PycharmProjects\ProjectLab5\.venv\lib\site-packages\django\urls\resolvers.py", line 828, in _reverse_with_prefix
    raise NoReverseMatch(msg)
django.urls.exceptions.NoReverseMatch: Reverse for 'car_detail' with arguments '(1,)' not found. 1 pattern(s) tried: ['car_list/?$']
[2025-05-14 15:52:08,593] ERROR [django.server] "GET /car_list HTTP/1.1" 500 137605
[2025-05-14 15:52:30,505] INFO [django.utils.autoreload] C:\Users\pavel\PycharmProjects\ProjectLab5\AutoSalon\salon\urls.py changed, reloading.
[2025-05-14 15:52:30,903] INFO [django.utils.autoreload] Watching for file changes with StatReloader
[2025-05-14 15:52:31,278] ERROR [django.request] Internal Server Error: /car_list
Traceback (most recent call last):
  File "C:\Users\pavel\PycharmProjects\ProjectLab5\.venv\lib\site-packages\django\core\handlers\exception.py", line 55, in inner
    response = get_response(request)
  File "C:\Users\pavel\PycharmProjects\ProjectLab5\.venv\lib\site-packages\django\core\handlers\base.py", line 197, in _get_response
    response = wrapped_callback(request, *callback_args, **callback_kwargs)
  File "C:\Users\pavel\PycharmProjects\ProjectLab5\AutoSalon\salon\views.py", line 170, in car_list
    return render(request, 'salon/car_list.html', {'cars': cars, 'sort_by': sort_by})
  File "C:\Users\pavel\PycharmProjects\ProjectLab5\.venv\lib\site-packages\django\shortcuts.py", line 24, in render
    content = loader.render_to_string(template_name, context, request, using=using)
  File "C:\Users\pavel\PycharmProjects\ProjectLab5\.venv\lib\site-packages\django\template\loader.py", line 62, in render_to_string
    return template.render(context, request)
  File "C:\Users\pavel\PycharmProjects\ProjectLab5\.venv\lib\site-packages\django\template\backends\django.py", line 61, in render
    return self.template.render(context)
  File "C:\Users\pavel\PycharmProjects\ProjectLab5\.venv\lib\site-packages\django\template\base.py", line 175, in render
    return self._render(context)
  File "C:\Users\pavel\PycharmProjects\ProjectLab5\.venv\lib\site-packages\django\template\base.py", line 167, in _render
    return self.nodelist.render(context)
  File "C:\Users\pavel\PycharmProjects\ProjectLab5\.venv\lib\site-packages\django\template\base.py", line 1005, in render
    return SafeString("".join([node.render_annotated(context) for node in self]))
  File "C:\Users\pavel\PycharmProjects\ProjectLab5\.venv\lib\site-packages\django\template\base.py", line 1005, in <listcomp>
    return SafeString("".join([node.render_annotated(context) for node in self]))
  File "C:\Users\pavel\PycharmProjects\ProjectLab5\.venv\lib\site-packages\django\template\base.py", line 966, in render_annotated
    return self.render(context)
  File "C:\Users\pavel\PycharmProjects\ProjectLab5\.venv\lib\site-packages\django\template\defaulttags.py", line 238, in render
    nodelist.append(node.render_annotated(context))
  File "C:\Users\pavel\PycharmProjects\ProjectLab5\.venv\lib\site-packages\django\template\base.py", line 966, in render_annotated
    return self.render(context)
  File "C:\Users\pavel\PycharmProjects\ProjectLab5\.venv\lib\site-packages\django\template\defaulttags.py", line 471, in render
    url = reverse(view_name, args=args, kwargs=kwargs, current_app=current_app)
  File "C:\Users\pavel\PycharmProjects\ProjectLab5\.venv\lib\site-packages\django\urls\base.py", line 88, in reverse
    return resolver._reverse_with_prefix(view, prefix, *args, **kwargs)
  File "C:\Users\pavel\PycharmProjects\ProjectLab5\.venv\lib\site-packages\django\urls\resolvers.py", line 828, in _reverse_with_prefix
    raise NoReverseMatch(msg)
django.urls.exceptions.NoReverseMatch: Reverse for 'car_detail' with arguments '(1,)' not found. 1 pattern(s) tried: ['car_list/detail/?$']
[2025-05-14 15:52:31,280] ERROR [django.server] "GET /car_list HTTP/1.1" 500 137696
[2025-05-14 15:52:31,917] ERROR [django.request] Internal Server Error: /car_list
Traceback (most recent call last):
  File "C:\Users\pavel\PycharmProjects\ProjectLab5\.venv\lib\site-packages\django\core\handlers\exception.py", line 55, in inner
    response = get_response(request)
  File "C:\Users\pavel\PycharmProjects\ProjectLab5\.venv\lib\site-packages\django\core\handlers\base.py", line 197, in _get_response
    response = wrapped_callback(request, *callback_args, **callback_kwargs)
  File "C:\Users\pavel\PycharmProjects\ProjectLab5\AutoSalon\salon\views.py", line 170, in car_list
    return render(request, 'salon/car_list.html', {'cars': cars, 'sort_by': sort_by})
  File "C:\Users\pavel\PycharmProjects\ProjectLab5\.venv\lib\site-packages\django\shortcuts.py", line 24, in render
    content = loader.render_to_string(template_name, context, request, using=using)
  File "C:\Users\pavel\PycharmProjects\ProjectLab5\.venv\lib\site-packages\django\template\loader.py", line 62, in render_to_string
    return template.render(context, request)
  File "C:\Users\pavel\PycharmProjects\ProjectLab5\.venv\lib\site-packages\django\template\backends\django.py", line 61, in render
    return self.template.render(context)
  File "C:\Users\pavel\PycharmProjects\ProjectLab5\.venv\lib\site-packages\django\template\base.py", line 175, in render
    return self._render(context)
  File "C:\Users\pavel\PycharmProjects\ProjectLab5\.venv\lib\site-packages\django\template\base.py", line 167, in _render
    return self.nodelist.render(context)
  File "C:\Users\pavel\PycharmProjects\ProjectLab5\.venv\lib\site-packages\django\template\base.py", line 1005, in render
    return SafeString("".join([node.render_annotated(context) for node in self]))
  File "C:\Users\pavel\PycharmProjects\ProjectLab5\.venv\lib\site-packages\django\template\base.py", line 1005, in <listcomp>
    return SafeString("".join([node.render_annotated(context) for node in self]))
  File "C:\Users\pavel\PycharmProjects\ProjectLab5\.venv\lib\site-packages\django\template\base.py", line 966, in render_annotated
    return self.render(context)
  File "C:\Users\pavel\PycharmProjects\ProjectLab5\.venv\lib\site-packages\django\template\defaulttags.py", line 238, in render
    nodelist.append(node.render_annotated(context))
  File "C:\Users\pavel\PycharmProjects\ProjectLab5\.venv\lib\site-packages\django\template\base.py", line 966, in render_annotated
    return self.render(context)
  File "C:\Users\pavel\PycharmProjects\ProjectLab5\.venv\lib\site-packages\django\template\defaulttags.py", line 471, in render
    url = reverse(view_name, args=args, kwargs=kwargs, current_app=current_app)
  File "C:\Users\pavel\PycharmProjects\ProjectLab5\.venv\lib\site-packages\django\urls\base.py", line 88, in reverse
    return resolver._reverse_with_prefix(view, prefix, *args, **kwargs)
  File "C:\Users\pavel\PycharmProjects\ProjectLab5\.venv\lib\site-packages\django\urls\resolvers.py", line 828, in _reverse_with_prefix
    raise NoReverseMatch(msg)
django.urls.exceptions.NoReverseMatch: Reverse for 'car_detail' with arguments '(1,)' not found. 1 pattern(s) tried: ['car_list/detail/?$']
[2025-05-14 15:52:31,919] ERROR [django.server] "GET /car_list HTTP/1.1" 500 137696
[2025-05-14 15:52:32,433] ERROR [django.request] Internal Server Error: /car_list
Traceback (most recent call last):
  File "C:\Users\pavel\PycharmProjects\ProjectLab5\.venv\lib\site-packages\django\core\handlers\exception.py", line 55, in inner
    response = get_response(request)
  File "C:\Users\pavel\PycharmProjects\ProjectLab5\.venv\lib\site-packages\django\core\handlers\base.py", line 197, in _get_response
    response = wrapped_callback(request, *callback_args, **callback_kwargs)
  File "C:\Users\pavel\PycharmProjects\ProjectLab5\AutoSalon\salon\views.py", line 170, in car_list
    return render(request, 'salon/car_list.html', {'cars': cars, 'sort_by': sort_by})
  File "C:\Users\pavel\PycharmProjects\ProjectLab5\.venv\lib\site-packages\django\shortcuts.py", line 24, in render
    content = loader.render_to_string(template_name, context, request, using=using)
  File "C:\Users\pavel\PycharmProjects\ProjectLab5\.venv\lib\site-packages\django\template\loader.py", line 62, in render_to_string
    return template.render(context, request)
  File "C:\Users\pavel\PycharmProjects\ProjectLab5\.venv\lib\site-packages\django\template\backends\django.py", line 61, in render
    return self.template.render(context)
  File "C:\Users\pavel\PycharmProjects\ProjectLab5\.venv\lib\site-packages\django\template\base.py", line 175, in render
    return self._render(context)
  File "C:\Users\pavel\PycharmProjects\ProjectLab5\.venv\lib\site-packages\django\template\base.py", line 167, in _render
    return self.nodelist.render(context)
  File "C:\Users\pavel\PycharmProjects\ProjectLab5\.venv\lib\site-packages\django\template\base.py", line 1005, in render
    return SafeString("".join([node.render_annotated(context) for node in self]))
  File "C:\Users\pavel\PycharmProjects\ProjectLab5\.venv\lib\site-packages\django\template\base.py", line 1005, in <listcomp>
    return SafeString("".join([node.render_annotated(context) for node in self]))
  File "C:\Users\pavel\PycharmProjects\ProjectLab5\.venv\lib\site-packages\django\template\base.py", line 966, in render_annotated
    return self.render(context)
  File "C:\Users\pavel\PycharmProjects\ProjectLab5\.venv\lib\site-packages\django\template\defaulttags.py", line 238, in render
    nodelist.append(node.render_annotated(context))
  File "C:\Users\pavel\PycharmProjects\ProjectLab5\.venv\lib\site-packages\django\template\base.py", line 966, in render_annotated
    return self.render(context)
  File "C:\Users\pavel\PycharmProjects\ProjectLab5\.venv\lib\site-packages\django\template\defaulttags.py", line 471, in render
    url = reverse(view_name, args=args, kwargs=kwargs, current_app=current_app)
  File "C:\Users\pavel\PycharmProjects\ProjectLab5\.venv\lib\site-packages\django\urls\base.py", line 88, in reverse
    return resolver._reverse_with_prefix(view, prefix, *args, **kwargs)
  File "C:\Users\pavel\PycharmProjects\ProjectLab5\.venv\lib\site-packages\django\urls\resolvers.py", line 828, in _reverse_with_prefix
    raise NoReverseMatch(msg)
django.urls.exceptions.NoReverseMatch: Reverse for 'car_detail' with arguments '(1,)' not found. 1 pattern(s) tried: ['car_list/detail/?$']
[2025-05-14 15:52:32,434] ERROR [django.server] "GET /car_list HTTP/1.1" 500 137696
[2025-05-14 15:52:50,269] INFO [django.utils.autoreload] Watching for file changes with StatReloader
[2025-05-14 15:52:51,221] INFO [salon.views] Timezone: Europe/Moscow
[2025-05-14 15:52:51,361] INFO [django.server] "GET / HTTP/1.1" 200 4011
[2025-05-14 15:52:53,730] ERROR [django.request] Internal Server Error: /car_list
Traceback (most recent call last):
  File "C:\Users\pavel\PycharmProjects\ProjectLab5\.venv\lib\site-packages\django\core\handlers\exception.py", line 55, in inner
    response = get_response(request)
  File "C:\Users\pavel\PycharmProjects\ProjectLab5\.venv\lib\site-packages\django\core\handlers\base.py", line 197, in _get_response
    response = wrapped_callback(request, *callback_args, **callback_kwargs)
  File "C:\Users\pavel\PycharmProjects\ProjectLab5\AutoSalon\salon\views.py", line 170, in car_list
    return render(request, 'salon/car_list.html', {'cars': cars, 'sort_by': sort_by})
  File "C:\Users\pavel\PycharmProjects\ProjectLab5\.venv\lib\site-packages\django\shortcuts.py", line 24, in render
    content = loader.render_to_string(template_name, context, request, using=using)
  File "C:\Users\pavel\PycharmProjects\ProjectLab5\.venv\lib\site-packages\django\template\loader.py", line 62, in render_to_string
    return template.render(context, request)
  File "C:\Users\pavel\PycharmProjects\ProjectLab5\.venv\lib\site-packages\django\template\backends\django.py", line 61, in render
    return self.template.render(context)
  File "C:\Users\pavel\PycharmProjects\ProjectLab5\.venv\lib\site-packages\django\template\base.py", line 175, in render
    return self._render(context)
  File "C:\Users\pavel\PycharmProjects\ProjectLab5\.venv\lib\site-packages\django\template\base.py", line 167, in _render
    return self.nodelist.render(context)
  File "C:\Users\pavel\PycharmProjects\ProjectLab5\.venv\lib\site-packages\django\template\base.py", line 1005, in render
    return SafeString("".join([node.render_annotated(context) for node in self]))
  File "C:\Users\pavel\PycharmProjects\ProjectLab5\.venv\lib\site-packages\django\template\base.py", line 1005, in <listcomp>
    return SafeString("".join([node.render_annotated(context) for node in self]))
  File "C:\Users\pavel\PycharmProjects\ProjectLab5\.venv\lib\site-packages\django\template\base.py", line 966, in render_annotated
    return self.render(context)
  File "C:\Users\pavel\PycharmProjects\ProjectLab5\.venv\lib\site-packages\django\template\defaulttags.py", line 238, in render
    nodelist.append(node.render_annotated(context))
  File "C:\Users\pavel\PycharmProjects\ProjectLab5\.venv\lib\site-packages\django\template\base.py", line 966, in render_annotated
    return self.render(context)
  File "C:\Users\pavel\PycharmProjects\ProjectLab5\.venv\lib\site-packages\django\template\defaulttags.py", line 471, in render
    url = reverse(view_name, args=args, kwargs=kwargs, current_app=current_app)
  File "C:\Users\pavel\PycharmProjects\ProjectLab5\.venv\lib\site-packages\django\urls\base.py", line 88, in reverse
    return resolver._reverse_with_prefix(view, prefix, *args, **kwargs)
  File "C:\Users\pavel\PycharmProjects\ProjectLab5\.venv\lib\site-packages\django\urls\resolvers.py", line 828, in _reverse_with_prefix
    raise NoReverseMatch(msg)
django.urls.exceptions.NoReverseMatch: Reverse for 'car_detail' with arguments '(1,)' not found. 1 pattern(s) tried: ['car_list/detail/?$']
[2025-05-14 15:52:53,732] ERROR [django.server] "GET /car_list HTTP/1.1" 500 137555
[2025-05-14 15:55:56,319] INFO [django.utils.autoreload] C:\Users\pavel\PycharmProjects\ProjectLab5\AutoSalon\salon\views.py changed, reloading.
[2025-05-14 15:55:56,732] INFO [django.utils.autoreload] Watching for file changes with StatReloader
[2025-05-14 15:56:48,974] INFO [django.utils.autoreload] C:\Users\pavel\PycharmProjects\ProjectLab5\AutoSalon\salon\urls.py changed, reloading.
[2025-05-14 15:56:49,344] INFO [django.utils.autoreload] Watching for file changes with StatReloader
[2025-05-14 15:56:50,149] INFO [salon.views] Timezone: Europe/Moscow
[2025-05-14 15:56:50,275] INFO [django.server] "GET / HTTP/1.1" 200 4011
[2025-05-14 15:56:52,385] ERROR [django.request] Internal Server Error: /car_list
Traceback (most recent call last):
  File "C:\Users\pavel\PycharmProjects\ProjectLab5\.venv\lib\site-packages\django\core\handlers\exception.py", line 55, in inner
    response = get_response(request)
  File "C:\Users\pavel\PycharmProjects\ProjectLab5\.venv\lib\site-packages\django\core\handlers\base.py", line 197, in _get_response
    response = wrapped_callback(request, *callback_args, **callback_kwargs)
  File "C:\Users\pavel\PycharmProjects\ProjectLab5\AutoSalon\salon\views.py", line 170, in car_list
    return render(request, 'salon/car_list.html', {'cars': cars, 'sort_by': sort_by})
  File "C:\Users\pavel\PycharmProjects\ProjectLab5\.venv\lib\site-packages\django\shortcuts.py", line 24, in render
    content = loader.render_to_string(template_name, context, request, using=using)
  File "C:\Users\pavel\PycharmProjects\ProjectLab5\.venv\lib\site-packages\django\template\loader.py", line 62, in render_to_string
    return template.render(context, request)
  File "C:\Users\pavel\PycharmProjects\ProjectLab5\.venv\lib\site-packages\django\template\backends\django.py", line 61, in render
    return self.template.render(context)
  File "C:\Users\pavel\PycharmProjects\ProjectLab5\.venv\lib\site-packages\django\template\base.py", line 175, in render
    return self._render(context)
  File "C:\Users\pavel\PycharmProjects\ProjectLab5\.venv\lib\site-packages\django\template\base.py", line 167, in _render
    return self.nodelist.render(context)
  File "C:\Users\pavel\PycharmProjects\ProjectLab5\.venv\lib\site-packages\django\template\base.py", line 1005, in render
    return SafeString("".join([node.render_annotated(context) for node in self]))
  File "C:\Users\pavel\PycharmProjects\ProjectLab5\.venv\lib\site-packages\django\template\base.py", line 1005, in <listcomp>
    return SafeString("".join([node.render_annotated(context) for node in self]))
  File "C:\Users\pavel\PycharmProjects\ProjectLab5\.venv\lib\site-packages\django\template\base.py", line 966, in render_annotated
    return self.render(context)
  File "C:\Users\pavel\PycharmProjects\ProjectLab5\.venv\lib\site-packages\django\template\defaulttags.py", line 238, in render
    nodelist.append(node.render_annotated(context))
  File "C:\Users\pavel\PycharmProjects\ProjectLab5\.venv\lib\site-packages\django\template\base.py", line 966, in render_annotated
    return self.render(context)
  File "C:\Users\pavel\PycharmProjects\ProjectLab5\.venv\lib\site-packages\django\template\defaulttags.py", line 471, in render
    url = reverse(view_name, args=args, kwargs=kwargs, current_app=current_app)
  File "C:\Users\pavel\PycharmProjects\ProjectLab5\.venv\lib\site-packages\django\urls\base.py", line 88, in reverse
    return resolver._reverse_with_prefix(view, prefix, *args, **kwargs)
  File "C:\Users\pavel\PycharmProjects\ProjectLab5\.venv\lib\site-packages\django\urls\resolvers.py", line 828, in _reverse_with_prefix
    raise NoReverseMatch(msg)
django.urls.exceptions.NoReverseMatch: Reverse for 'car_detail' with arguments '(1,)' not found. 1 pattern(s) tried: ['car_list/<int:car_id>/?$']
[2025-05-14 15:56:52,387] ERROR [django.server] "GET /car_list HTTP/1.1" 500 137742
[2025-05-14 15:57:48,716] INFO [django.utils.autoreload] C:\Users\pavel\PycharmProjects\ProjectLab5\AutoSalon\salon\urls.py changed, reloading.
[2025-05-14 15:57:49,107] INFO [django.utils.autoreload] Watching for file changes with StatReloader
[2025-05-14 15:57:50,266] INFO [salon.views] Timezone: Europe/Moscow
[2025-05-14 15:57:50,410] INFO [django.server] "GET / HTTP/1.1" 200 4011
[2025-05-14 15:57:52,760] INFO [django.server] "GET /car_list HTTP/1.1" 200 1572
[2025-05-14 15:57:53,185] INFO [django.server] "GET /media/car_photos/bentley.jpg HTTP/1.1" 200 8854
[2025-05-14 15:57:53,185] INFO [django.server] "GET /media/car_photos/bentley_sNcwMM0.jpg HTTP/1.1" 200 8854
[2025-05-14 15:57:53,185] INFO [django.server] "GET /media/car_photos/bentley_bn1MkKE.jpg HTTP/1.1" 200 8854
[2025-05-14 15:59:17,143] INFO [django.server] "GET /car_list HTTP/1.1" 200 862
[2025-05-14 15:59:19,599] INFO [django.server] "GET /car_list?sort=price HTTP/1.1" 200 862
[2025-05-14 15:59:20,313] INFO [django.server] "GET /car_list?sort=popular HTTP/1.1" 200 862
[2025-05-14 15:59:21,003] INFO [django.server] "GET /car_list?sort=default HTTP/1.1" 200 862
[2025-05-14 16:00:11,318] ERROR [django.request] Internal Server Error: /car_list/1
Traceback (most recent call last):
  File "C:\Users\pavel\PycharmProjects\ProjectLab5\.venv\lib\site-packages\django\core\handlers\exception.py", line 55, in inner
    response = get_response(request)
  File "C:\Users\pavel\PycharmProjects\ProjectLab5\.venv\lib\site-packages\django\core\handlers\base.py", line 197, in _get_response
    response = wrapped_callback(request, *callback_args, **callback_kwargs)
TypeError: car_detail() got an unexpected keyword argument 'pk'
[2025-05-14 16:00:11,319] ERROR [django.server] "GET /car_list/1 HTTP/1.1" 500 66570
[2025-05-14 16:01:11,379] INFO [django.utils.autoreload] C:\Users\pavel\PycharmProjects\ProjectLab5\AutoSalon\salon\views.py changed, reloading.
[2025-05-14 16:01:11,777] INFO [django.utils.autoreload] Watching for file changes with StatReloader
[2025-05-14 16:01:12,092] ERROR [django.request] Internal Server Error: /car_list/1
Traceback (most recent call last):
  File "C:\Users\pavel\PycharmProjects\ProjectLab5\.venv\lib\site-packages\django\core\handlers\exception.py", line 55, in inner
    response = get_response(request)
  File "C:\Users\pavel\PycharmProjects\ProjectLab5\.venv\lib\site-packages\django\core\handlers\base.py", line 197, in _get_response
    response = wrapped_callback(request, *callback_args, **callback_kwargs)
  File "C:\Users\pavel\PycharmProjects\ProjectLab5\AutoSalon\salon\views.py", line 174, in car_detail
    car = get_object_or_404(Car, pk)
  File "C:\Users\pavel\PycharmProjects\ProjectLab5\.venv\lib\site-packages\django\shortcuts.py", line 85, in get_object_or_404
    return queryset.get(*args, **kwargs)
  File "C:\Users\pavel\PycharmProjects\ProjectLab5\.venv\lib\site-packages\django\db\models\query.py", line 623, in get
    clone = self._chain() if self.query.combinator else self.filter(*args, **kwargs)
  File "C:\Users\pavel\PycharmProjects\ProjectLab5\.venv\lib\site-packages\django\db\models\query.py", line 1436, in filter
    return self._filter_or_exclude(False, args, kwargs)
  File "C:\Users\pavel\PycharmProjects\ProjectLab5\.venv\lib\site-packages\django\db\models\query.py", line 1454, in _filter_or_exclude
    clone._filter_or_exclude_inplace(negate, args, kwargs)
  File "C:\Users\pavel\PycharmProjects\ProjectLab5\.venv\lib\site-packages\django\db\models\query.py", line 1461, in _filter_or_exclude_inplace
    self._query.add_q(Q(*args, **kwargs))
  File "C:\Users\pavel\PycharmProjects\ProjectLab5\.venv\lib\site-packages\django\db\models\sql\query.py", line 1546, in add_q
    clause, _ = self._add_q(q_object, self.used_aliases)
  File "C:\Users\pavel\PycharmProjects\ProjectLab5\.venv\lib\site-packages\django\db\models\sql\query.py", line 1577, in _add_q
    child_clause, needed_inner = self.build_filter(
  File "C:\Users\pavel\PycharmProjects\ProjectLab5\.venv\lib\site-packages\django\db\models\sql\query.py", line 1424, in build_filter
    arg, value = filter_expr
ValueError: not enough values to unpack (expected 2, got 1)
[2025-05-14 16:01:12,094] ERROR [django.server] "GET /car_list/1 HTTP/1.1" 500 106484
[2025-05-14 16:01:15,549] ERROR [django.request] Internal Server Error: /car_list/1
Traceback (most recent call last):
  File "C:\Users\pavel\PycharmProjects\ProjectLab5\.venv\lib\site-packages\django\core\handlers\exception.py", line 55, in inner
    response = get_response(request)
  File "C:\Users\pavel\PycharmProjects\ProjectLab5\.venv\lib\site-packages\django\core\handlers\base.py", line 197, in _get_response
    response = wrapped_callback(request, *callback_args, **callback_kwargs)
  File "C:\Users\pavel\PycharmProjects\ProjectLab5\AutoSalon\salon\views.py", line 174, in car_detail
    car = get_object_or_404(Car, pk)
  File "C:\Users\pavel\PycharmProjects\ProjectLab5\.venv\lib\site-packages\django\shortcuts.py", line 85, in get_object_or_404
    return queryset.get(*args, **kwargs)
  File "C:\Users\pavel\PycharmProjects\ProjectLab5\.venv\lib\site-packages\django\db\models\query.py", line 623, in get
    clone = self._chain() if self.query.combinator else self.filter(*args, **kwargs)
  File "C:\Users\pavel\PycharmProjects\ProjectLab5\.venv\lib\site-packages\django\db\models\query.py", line 1436, in filter
    return self._filter_or_exclude(False, args, kwargs)
  File "C:\Users\pavel\PycharmProjects\ProjectLab5\.venv\lib\site-packages\django\db\models\query.py", line 1454, in _filter_or_exclude
    clone._filter_or_exclude_inplace(negate, args, kwargs)
  File "C:\Users\pavel\PycharmProjects\ProjectLab5\.venv\lib\site-packages\django\db\models\query.py", line 1461, in _filter_or_exclude_inplace
    self._query.add_q(Q(*args, **kwargs))
  File "C:\Users\pavel\PycharmProjects\ProjectLab5\.venv\lib\site-packages\django\db\models\sql\query.py", line 1546, in add_q
    clause, _ = self._add_q(q_object, self.used_aliases)
  File "C:\Users\pavel\PycharmProjects\ProjectLab5\.venv\lib\site-packages\django\db\models\sql\query.py", line 1577, in _add_q
    child_clause, needed_inner = self.build_filter(
  File "C:\Users\pavel\PycharmProjects\ProjectLab5\.venv\lib\site-packages\django\db\models\sql\query.py", line 1424, in build_filter
    arg, value = filter_expr
ValueError: not enough values to unpack (expected 2, got 1)
[2025-05-14 16:01:15,550] ERROR [django.server] "GET /car_list/1 HTTP/1.1" 500 106347
[2025-05-14 16:01:35,420] INFO [django.utils.autoreload] C:\Users\pavel\PycharmProjects\ProjectLab5\AutoSalon\salon\urls.py changed, reloading.
[2025-05-14 16:01:35,815] INFO [django.utils.autoreload] Watching for file changes with StatReloader
[2025-05-14 16:01:36,035] INFO [django.server] "GET /car_list/1 HTTP/1.1" 301 0
[2025-05-14 16:01:36,061] ERROR [django.request] Internal Server Error: /car_list/1/
Traceback (most recent call last):
  File "C:\Users\pavel\PycharmProjects\ProjectLab5\.venv\lib\site-packages\django\core\handlers\exception.py", line 55, in inner
    response = get_response(request)
  File "C:\Users\pavel\PycharmProjects\ProjectLab5\.venv\lib\site-packages\django\core\handlers\base.py", line 197, in _get_response
    response = wrapped_callback(request, *callback_args, **callback_kwargs)
  File "C:\Users\pavel\PycharmProjects\ProjectLab5\AutoSalon\salon\views.py", line 174, in car_detail
    car = get_object_or_404(Car, pk)
  File "C:\Users\pavel\PycharmProjects\ProjectLab5\.venv\lib\site-packages\django\shortcuts.py", line 85, in get_object_or_404
    return queryset.get(*args, **kwargs)
  File "C:\Users\pavel\PycharmProjects\ProjectLab5\.venv\lib\site-packages\django\db\models\query.py", line 623, in get
    clone = self._chain() if self.query.combinator else self.filter(*args, **kwargs)
  File "C:\Users\pavel\PycharmProjects\ProjectLab5\.venv\lib\site-packages\django\db\models\query.py", line 1436, in filter
    return self._filter_or_exclude(False, args, kwargs)
  File "C:\Users\pavel\PycharmProjects\ProjectLab5\.venv\lib\site-packages\django\db\models\query.py", line 1454, in _filter_or_exclude
    clone._filter_or_exclude_inplace(negate, args, kwargs)
  File "C:\Users\pavel\PycharmProjects\ProjectLab5\.venv\lib\site-packages\django\db\models\query.py", line 1461, in _filter_or_exclude_inplace
    self._query.add_q(Q(*args, **kwargs))
  File "C:\Users\pavel\PycharmProjects\ProjectLab5\.venv\lib\site-packages\django\db\models\sql\query.py", line 1546, in add_q
    clause, _ = self._add_q(q_object, self.used_aliases)
  File "C:\Users\pavel\PycharmProjects\ProjectLab5\.venv\lib\site-packages\django\db\models\sql\query.py", line 1577, in _add_q
    child_clause, needed_inner = self.build_filter(
  File "C:\Users\pavel\PycharmProjects\ProjectLab5\.venv\lib\site-packages\django\db\models\sql\query.py", line 1424, in build_filter
    arg, value = filter_expr
ValueError: not enough values to unpack (expected 2, got 1)
[2025-05-14 16:01:36,062] ERROR [django.server] "GET /car_list/1/ HTTP/1.1" 500 106494
[2025-05-14 16:02:18,746] ERROR [django.request] Internal Server Error: /car_list/1/
Traceback (most recent call last):
  File "C:\Users\pavel\PycharmProjects\ProjectLab5\.venv\lib\site-packages\django\core\handlers\exception.py", line 55, in inner
    response = get_response(request)
  File "C:\Users\pavel\PycharmProjects\ProjectLab5\.venv\lib\site-packages\django\core\handlers\base.py", line 197, in _get_response
    response = wrapped_callback(request, *callback_args, **callback_kwargs)
  File "C:\Users\pavel\PycharmProjects\ProjectLab5\AutoSalon\salon\views.py", line 174, in car_detail
    car = get_object_or_404(Car, pk)
  File "C:\Users\pavel\PycharmProjects\ProjectLab5\.venv\lib\site-packages\django\shortcuts.py", line 85, in get_object_or_404
    return queryset.get(*args, **kwargs)
  File "C:\Users\pavel\PycharmProjects\ProjectLab5\.venv\lib\site-packages\django\db\models\query.py", line 623, in get
    clone = self._chain() if self.query.combinator else self.filter(*args, **kwargs)
  File "C:\Users\pavel\PycharmProjects\ProjectLab5\.venv\lib\site-packages\django\db\models\query.py", line 1436, in filter
    return self._filter_or_exclude(False, args, kwargs)
  File "C:\Users\pavel\PycharmProjects\ProjectLab5\.venv\lib\site-packages\django\db\models\query.py", line 1454, in _filter_or_exclude
    clone._filter_or_exclude_inplace(negate, args, kwargs)
  File "C:\Users\pavel\PycharmProjects\ProjectLab5\.venv\lib\site-packages\django\db\models\query.py", line 1461, in _filter_or_exclude_inplace
    self._query.add_q(Q(*args, **kwargs))
  File "C:\Users\pavel\PycharmProjects\ProjectLab5\.venv\lib\site-packages\django\db\models\sql\query.py", line 1546, in add_q
    clause, _ = self._add_q(q_object, self.used_aliases)
  File "C:\Users\pavel\PycharmProjects\ProjectLab5\.venv\lib\site-packages\django\db\models\sql\query.py", line 1577, in _add_q
    child_clause, needed_inner = self.build_filter(
  File "C:\Users\pavel\PycharmProjects\ProjectLab5\.venv\lib\site-packages\django\db\models\sql\query.py", line 1424, in build_filter
    arg, value = filter_expr
ValueError: not enough values to unpack (expected 2, got 1)
[2025-05-14 16:02:18,746] ERROR [django.server] "GET /car_list/1/ HTTP/1.1" 500 106494
[2025-05-14 16:02:20,347] ERROR [django.request] Internal Server Error: /car_list/1/
Traceback (most recent call last):
  File "C:\Users\pavel\PycharmProjects\ProjectLab5\.venv\lib\site-packages\django\core\handlers\exception.py", line 55, in inner
    response = get_response(request)
  File "C:\Users\pavel\PycharmProjects\ProjectLab5\.venv\lib\site-packages\django\core\handlers\base.py", line 197, in _get_response
    response = wrapped_callback(request, *callback_args, **callback_kwargs)
  File "C:\Users\pavel\PycharmProjects\ProjectLab5\AutoSalon\salon\views.py", line 174, in car_detail
    car = get_object_or_404(Car, pk)
  File "C:\Users\pavel\PycharmProjects\ProjectLab5\.venv\lib\site-packages\django\shortcuts.py", line 85, in get_object_or_404
    return queryset.get(*args, **kwargs)
  File "C:\Users\pavel\PycharmProjects\ProjectLab5\.venv\lib\site-packages\django\db\models\query.py", line 623, in get
    clone = self._chain() if self.query.combinator else self.filter(*args, **kwargs)
  File "C:\Users\pavel\PycharmProjects\ProjectLab5\.venv\lib\site-packages\django\db\models\query.py", line 1436, in filter
    return self._filter_or_exclude(False, args, kwargs)
  File "C:\Users\pavel\PycharmProjects\ProjectLab5\.venv\lib\site-packages\django\db\models\query.py", line 1454, in _filter_or_exclude
    clone._filter_or_exclude_inplace(negate, args, kwargs)
  File "C:\Users\pavel\PycharmProjects\ProjectLab5\.venv\lib\site-packages\django\db\models\query.py", line 1461, in _filter_or_exclude_inplace
    self._query.add_q(Q(*args, **kwargs))
  File "C:\Users\pavel\PycharmProjects\ProjectLab5\.venv\lib\site-packages\django\db\models\sql\query.py", line 1546, in add_q
    clause, _ = self._add_q(q_object, self.used_aliases)
  File "C:\Users\pavel\PycharmProjects\ProjectLab5\.venv\lib\site-packages\django\db\models\sql\query.py", line 1577, in _add_q
    child_clause, needed_inner = self.build_filter(
  File "C:\Users\pavel\PycharmProjects\ProjectLab5\.venv\lib\site-packages\django\db\models\sql\query.py", line 1424, in build_filter
    arg, value = filter_expr
ValueError: not enough values to unpack (expected 2, got 1)
[2025-05-14 16:02:20,349] ERROR [django.server] "GET /car_list/1/ HTTP/1.1" 500 106494
[2025-05-14 16:02:20,773] ERROR [django.request] Internal Server Error: /car_list/1/
Traceback (most recent call last):
  File "C:\Users\pavel\PycharmProjects\ProjectLab5\.venv\lib\site-packages\django\core\handlers\exception.py", line 55, in inner
    response = get_response(request)
  File "C:\Users\pavel\PycharmProjects\ProjectLab5\.venv\lib\site-packages\django\core\handlers\base.py", line 197, in _get_response
    response = wrapped_callback(request, *callback_args, **callback_kwargs)
  File "C:\Users\pavel\PycharmProjects\ProjectLab5\AutoSalon\salon\views.py", line 174, in car_detail
    car = get_object_or_404(Car, pk)
  File "C:\Users\pavel\PycharmProjects\ProjectLab5\.venv\lib\site-packages\django\shortcuts.py", line 85, in get_object_or_404
    return queryset.get(*args, **kwargs)
  File "C:\Users\pavel\PycharmProjects\ProjectLab5\.venv\lib\site-packages\django\db\models\query.py", line 623, in get
    clone = self._chain() if self.query.combinator else self.filter(*args, **kwargs)
  File "C:\Users\pavel\PycharmProjects\ProjectLab5\.venv\lib\site-packages\django\db\models\query.py", line 1436, in filter
    return self._filter_or_exclude(False, args, kwargs)
  File "C:\Users\pavel\PycharmProjects\ProjectLab5\.venv\lib\site-packages\django\db\models\query.py", line 1454, in _filter_or_exclude
    clone._filter_or_exclude_inplace(negate, args, kwargs)
  File "C:\Users\pavel\PycharmProjects\ProjectLab5\.venv\lib\site-packages\django\db\models\query.py", line 1461, in _filter_or_exclude_inplace
    self._query.add_q(Q(*args, **kwargs))
  File "C:\Users\pavel\PycharmProjects\ProjectLab5\.venv\lib\site-packages\django\db\models\sql\query.py", line 1546, in add_q
    clause, _ = self._add_q(q_object, self.used_aliases)
  File "C:\Users\pavel\PycharmProjects\ProjectLab5\.venv\lib\site-packages\django\db\models\sql\query.py", line 1577, in _add_q
    child_clause, needed_inner = self.build_filter(
  File "C:\Users\pavel\PycharmProjects\ProjectLab5\.venv\lib\site-packages\django\db\models\sql\query.py", line 1424, in build_filter
    arg, value = filter_expr
ValueError: not enough values to unpack (expected 2, got 1)
[2025-05-14 16:02:20,774] ERROR [django.server] "GET /car_list/1/ HTTP/1.1" 500 106494
[2025-05-14 16:02:24,526] ERROR [django.request] Internal Server Error: /car_list/1/
Traceback (most recent call last):
  File "C:\Users\pavel\PycharmProjects\ProjectLab5\.venv\lib\site-packages\django\core\handlers\exception.py", line 55, in inner
    response = get_response(request)
  File "C:\Users\pavel\PycharmProjects\ProjectLab5\.venv\lib\site-packages\django\core\handlers\base.py", line 197, in _get_response
    response = wrapped_callback(request, *callback_args, **callback_kwargs)
  File "C:\Users\pavel\PycharmProjects\ProjectLab5\AutoSalon\salon\views.py", line 174, in car_detail
    car = get_object_or_404(Car, pk)
  File "C:\Users\pavel\PycharmProjects\ProjectLab5\.venv\lib\site-packages\django\shortcuts.py", line 85, in get_object_or_404
    return queryset.get(*args, **kwargs)
  File "C:\Users\pavel\PycharmProjects\ProjectLab5\.venv\lib\site-packages\django\db\models\query.py", line 623, in get
    clone = self._chain() if self.query.combinator else self.filter(*args, **kwargs)
  File "C:\Users\pavel\PycharmProjects\ProjectLab5\.venv\lib\site-packages\django\db\models\query.py", line 1436, in filter
    return self._filter_or_exclude(False, args, kwargs)
  File "C:\Users\pavel\PycharmProjects\ProjectLab5\.venv\lib\site-packages\django\db\models\query.py", line 1454, in _filter_or_exclude
    clone._filter_or_exclude_inplace(negate, args, kwargs)
  File "C:\Users\pavel\PycharmProjects\ProjectLab5\.venv\lib\site-packages\django\db\models\query.py", line 1461, in _filter_or_exclude_inplace
    self._query.add_q(Q(*args, **kwargs))
  File "C:\Users\pavel\PycharmProjects\ProjectLab5\.venv\lib\site-packages\django\db\models\sql\query.py", line 1546, in add_q
    clause, _ = self._add_q(q_object, self.used_aliases)
  File "C:\Users\pavel\PycharmProjects\ProjectLab5\.venv\lib\site-packages\django\db\models\sql\query.py", line 1577, in _add_q
    child_clause, needed_inner = self.build_filter(
  File "C:\Users\pavel\PycharmProjects\ProjectLab5\.venv\lib\site-packages\django\db\models\sql\query.py", line 1424, in build_filter
    arg, value = filter_expr
ValueError: not enough values to unpack (expected 2, got 1)
[2025-05-14 16:02:24,527] ERROR [django.server] "GET /car_list/1/ HTTP/1.1" 500 106494
[2025-05-14 16:03:09,005] INFO [django.utils.autoreload] Watching for file changes with StatReloader
[2025-05-14 16:03:09,895] INFO [salon.views] Timezone: Europe/Moscow
[2025-05-14 16:03:10,048] INFO [django.server] "GET / HTTP/1.1" 200 4011
[2025-05-14 16:03:11,989] INFO [django.server] "GET /car_list HTTP/1.1" 200 863
[2025-05-14 16:03:12,013] INFO [django.server] "GET /media/car_photos/bentley.jpg HTTP/1.1" 304 0
[2025-05-14 16:03:13,049] ERROR [django.request] Internal Server Error: /car_list/1/
Traceback (most recent call last):
  File "C:\Users\pavel\PycharmProjects\ProjectLab5\.venv\lib\site-packages\django\core\handlers\exception.py", line 55, in inner
    response = get_response(request)
  File "C:\Users\pavel\PycharmProjects\ProjectLab5\.venv\lib\site-packages\django\core\handlers\base.py", line 197, in _get_response
    response = wrapped_callback(request, *callback_args, **callback_kwargs)
  File "C:\Users\pavel\PycharmProjects\ProjectLab5\AutoSalon\salon\views.py", line 174, in car_detail
    car = get_object_or_404(Car, pk)
  File "C:\Users\pavel\PycharmProjects\ProjectLab5\.venv\lib\site-packages\django\shortcuts.py", line 85, in get_object_or_404
    return queryset.get(*args, **kwargs)
  File "C:\Users\pavel\PycharmProjects\ProjectLab5\.venv\lib\site-packages\django\db\models\query.py", line 623, in get
    clone = self._chain() if self.query.combinator else self.filter(*args, **kwargs)
  File "C:\Users\pavel\PycharmProjects\ProjectLab5\.venv\lib\site-packages\django\db\models\query.py", line 1436, in filter
    return self._filter_or_exclude(False, args, kwargs)
  File "C:\Users\pavel\PycharmProjects\ProjectLab5\.venv\lib\site-packages\django\db\models\query.py", line 1454, in _filter_or_exclude
    clone._filter_or_exclude_inplace(negate, args, kwargs)
  File "C:\Users\pavel\PycharmProjects\ProjectLab5\.venv\lib\site-packages\django\db\models\query.py", line 1461, in _filter_or_exclude_inplace
    self._query.add_q(Q(*args, **kwargs))
  File "C:\Users\pavel\PycharmProjects\ProjectLab5\.venv\lib\site-packages\django\db\models\sql\query.py", line 1546, in add_q
    clause, _ = self._add_q(q_object, self.used_aliases)
  File "C:\Users\pavel\PycharmProjects\ProjectLab5\.venv\lib\site-packages\django\db\models\sql\query.py", line 1577, in _add_q
    child_clause, needed_inner = self.build_filter(
  File "C:\Users\pavel\PycharmProjects\ProjectLab5\.venv\lib\site-packages\django\db\models\sql\query.py", line 1424, in build_filter
    arg, value = filter_expr
ValueError: not enough values to unpack (expected 2, got 1)
[2025-05-14 16:03:13,052] ERROR [django.server] "GET /car_list/1/ HTTP/1.1" 500 106344
[2025-05-14 16:04:25,764] INFO [django.utils.autoreload] C:\Users\pavel\PycharmProjects\ProjectLab5\AutoSalon\salon\views.py changed, reloading.
[2025-05-14 16:04:26,123] INFO [django.utils.autoreload] Watching for file changes with StatReloader
[2025-05-14 16:04:26,348] INFO [django.server] "GET /car_list/1/ HTTP/1.1" 200 1641
[2025-05-14 16:04:30,502] INFO [django.server] "GET /car_list HTTP/1.1" 200 863
[2025-05-14 16:04:31,712] INFO [django.server] "GET /car_list/1/ HTTP/1.1" 200 1641
[2025-05-14 16:04:34,614] INFO [django.server] "GET /car_list HTTP/1.1" 200 863
[2025-05-14 16:07:31,702] INFO [django.utils.autoreload] C:\Users\pavel\PycharmProjects\ProjectLab5\AutoSalon\salon\views.py changed, reloading.
[2025-05-14 16:07:32,062] INFO [django.utils.autoreload] Watching for file changes with StatReloader
[2025-05-14 16:10:30,350] INFO [django.server] "GET /car_list HTTP/1.1" 200 863
[2025-05-14 16:10:30,372] INFO [django.server] "GET /media/car_photos/bentley.jpg HTTP/1.1" 304 0
[2025-05-14 16:10:30,963] INFO [django.server] "GET /car_list HTTP/1.1" 200 863
[2025-05-14 16:10:31,546] ERROR [django.request] Internal Server Error: /car_list/1/
Traceback (most recent call last):
  File "C:\Users\pavel\PycharmProjects\ProjectLab5\.venv\lib\site-packages\django\core\handlers\exception.py", line 55, in inner
    response = get_response(request)
  File "C:\Users\pavel\PycharmProjects\ProjectLab5\.venv\lib\site-packages\django\core\handlers\base.py", line 197, in _get_response
    response = wrapped_callback(request, *callback_args, **callback_kwargs)
  File "C:\Users\pavel\PycharmProjects\ProjectLab5\AutoSalon\salon\views.py", line 175, in car_detail
    return render(request, 'salon/car_view.html', {'car': car})
  File "C:\Users\pavel\PycharmProjects\ProjectLab5\.venv\lib\site-packages\django\shortcuts.py", line 24, in render
    content = loader.render_to_string(template_name, context, request, using=using)
  File "C:\Users\pavel\PycharmProjects\ProjectLab5\.venv\lib\site-packages\django\template\loader.py", line 61, in render_to_string
    template = get_template(template_name, using=using)
  File "C:\Users\pavel\PycharmProjects\ProjectLab5\.venv\lib\site-packages\django\template\loader.py", line 19, in get_template
    raise TemplateDoesNotExist(template_name, chain=chain)
django.template.exceptions.TemplateDoesNotExist: salon/car_view.html
[2025-05-14 16:10:31,547] ERROR [django.server] "GET /car_list/1/ HTTP/1.1" 500 85147
[2025-05-14 16:10:53,542] INFO [django.utils.autoreload] C:\Users\pavel\PycharmProjects\ProjectLab5\AutoSalon\salon\views.py changed, reloading.
[2025-05-14 16:10:53,965] INFO [django.utils.autoreload] Watching for file changes with StatReloader
[2025-05-14 16:10:54,375] INFO [django.server] "GET /car_list/1/ HTTP/1.1" 200 1641
[2025-05-14 16:13:23,044] INFO [django.server] "GET /car_list/1/ HTTP/1.1" 200 1641
[2025-05-14 16:13:25,555] INFO [django.server] "GET /car_list HTTP/1.1" 200 873
[2025-05-14 16:13:25,574] INFO [django.server] "GET /media/car_photos/bentley.jpg HTTP/1.1" 304 0
[2025-05-14 16:15:14,601] INFO [django.utils.autoreload] C:\Users\pavel\PycharmProjects\ProjectLab5\AutoSalon\salon\views.py changed, reloading.
[2025-05-14 16:15:14,970] INFO [django.utils.autoreload] Watching for file changes with StatReloader
[2025-05-14 16:15:15,398] ERROR [django.request] Internal Server Error: /car_list
Traceback (most recent call last):
  File "C:\Users\pavel\PycharmProjects\ProjectLab5\.venv\lib\site-packages\django\core\handlers\exception.py", line 55, in inner
    response = get_response(request)
  File "C:\Users\pavel\PycharmProjects\ProjectLab5\.venv\lib\site-packages\django\core\handlers\base.py", line 197, in _get_response
    response = wrapped_callback(request, *callback_args, **callback_kwargs)
  File "C:\Users\pavel\PycharmProjects\ProjectLab5\AutoSalon\salon\views.py", line 170, in car_list
    return render(request, 'salon/car_list.html', {'cars': cars, 'sort_by': sort_by})
  File "C:\Users\pavel\PycharmProjects\ProjectLab5\.venv\lib\site-packages\django\shortcuts.py", line 24, in render
    content = loader.render_to_string(template_name, context, request, using=using)
  File "C:\Users\pavel\PycharmProjects\ProjectLab5\.venv\lib\site-packages\django\template\loader.py", line 62, in render_to_string
    return template.render(context, request)
  File "C:\Users\pavel\PycharmProjects\ProjectLab5\.venv\lib\site-packages\django\template\backends\django.py", line 61, in render
    return self.template.render(context)
  File "C:\Users\pavel\PycharmProjects\ProjectLab5\.venv\lib\site-packages\django\template\base.py", line 175, in render
    return self._render(context)
  File "C:\Users\pavel\PycharmProjects\ProjectLab5\.venv\lib\site-packages\django\template\base.py", line 167, in _render
    return self.nodelist.render(context)
  File "C:\Users\pavel\PycharmProjects\ProjectLab5\.venv\lib\site-packages\django\template\base.py", line 1005, in render
    return SafeString("".join([node.render_annotated(context) for node in self]))
  File "C:\Users\pavel\PycharmProjects\ProjectLab5\.venv\lib\site-packages\django\template\base.py", line 1005, in <listcomp>
    return SafeString("".join([node.render_annotated(context) for node in self]))
  File "C:\Users\pavel\PycharmProjects\ProjectLab5\.venv\lib\site-packages\django\template\base.py", line 966, in render_annotated
    return self.render(context)
  File "C:\Users\pavel\PycharmProjects\ProjectLab5\.venv\lib\site-packages\django\template\defaulttags.py", line 238, in render
    nodelist.append(node.render_annotated(context))
  File "C:\Users\pavel\PycharmProjects\ProjectLab5\.venv\lib\site-packages\django\template\base.py", line 966, in render_annotated
    return self.render(context)
  File "C:\Users\pavel\PycharmProjects\ProjectLab5\.venv\lib\site-packages\django\template\defaulttags.py", line 471, in render
    url = reverse(view_name, args=args, kwargs=kwargs, current_app=current_app)
  File "C:\Users\pavel\PycharmProjects\ProjectLab5\.venv\lib\site-packages\django\urls\base.py", line 88, in reverse
    return resolver._reverse_with_prefix(view, prefix, *args, **kwargs)
  File "C:\Users\pavel\PycharmProjects\ProjectLab5\.venv\lib\site-packages\django\urls\resolvers.py", line 828, in _reverse_with_prefix
    raise NoReverseMatch(msg)
django.urls.exceptions.NoReverseMatch: Reverse for 'car_view' not found. 'car_view' is not a valid view function or pattern name.
[2025-05-14 16:15:15,399] ERROR [django.server] "GET /car_list HTTP/1.1" 500 135205
[2025-05-14 16:16:38,305] ERROR [django.request] Internal Server Error: /car_list
Traceback (most recent call last):
  File "C:\Users\pavel\PycharmProjects\ProjectLab5\.venv\lib\site-packages\django\core\handlers\exception.py", line 55, in inner
    response = get_response(request)
  File "C:\Users\pavel\PycharmProjects\ProjectLab5\.venv\lib\site-packages\django\core\handlers\base.py", line 197, in _get_response
    response = wrapped_callback(request, *callback_args, **callback_kwargs)
  File "C:\Users\pavel\PycharmProjects\ProjectLab5\AutoSalon\salon\views.py", line 170, in car_list
    return render(request, 'salon/car_list.html', {'cars': cars, 'sort_by': sort_by})
  File "C:\Users\pavel\PycharmProjects\ProjectLab5\.venv\lib\site-packages\django\shortcuts.py", line 24, in render
    content = loader.render_to_string(template_name, context, request, using=using)
  File "C:\Users\pavel\PycharmProjects\ProjectLab5\.venv\lib\site-packages\django\template\loader.py", line 62, in render_to_string
    return template.render(context, request)
  File "C:\Users\pavel\PycharmProjects\ProjectLab5\.venv\lib\site-packages\django\template\backends\django.py", line 61, in render
    return self.template.render(context)
  File "C:\Users\pavel\PycharmProjects\ProjectLab5\.venv\lib\site-packages\django\template\base.py", line 175, in render
    return self._render(context)
  File "C:\Users\pavel\PycharmProjects\ProjectLab5\.venv\lib\site-packages\django\template\base.py", line 167, in _render
    return self.nodelist.render(context)
  File "C:\Users\pavel\PycharmProjects\ProjectLab5\.venv\lib\site-packages\django\template\base.py", line 1005, in render
    return SafeString("".join([node.render_annotated(context) for node in self]))
  File "C:\Users\pavel\PycharmProjects\ProjectLab5\.venv\lib\site-packages\django\template\base.py", line 1005, in <listcomp>
    return SafeString("".join([node.render_annotated(context) for node in self]))
  File "C:\Users\pavel\PycharmProjects\ProjectLab5\.venv\lib\site-packages\django\template\base.py", line 966, in render_annotated
    return self.render(context)
  File "C:\Users\pavel\PycharmProjects\ProjectLab5\.venv\lib\site-packages\django\template\defaulttags.py", line 238, in render
    nodelist.append(node.render_annotated(context))
  File "C:\Users\pavel\PycharmProjects\ProjectLab5\.venv\lib\site-packages\django\template\base.py", line 966, in render_annotated
    return self.render(context)
  File "C:\Users\pavel\PycharmProjects\ProjectLab5\.venv\lib\site-packages\django\template\defaulttags.py", line 471, in render
    url = reverse(view_name, args=args, kwargs=kwargs, current_app=current_app)
  File "C:\Users\pavel\PycharmProjects\ProjectLab5\.venv\lib\site-packages\django\urls\base.py", line 88, in reverse
    return resolver._reverse_with_prefix(view, prefix, *args, **kwargs)
  File "C:\Users\pavel\PycharmProjects\ProjectLab5\.venv\lib\site-packages\django\urls\resolvers.py", line 828, in _reverse_with_prefix
    raise NoReverseMatch(msg)
django.urls.exceptions.NoReverseMatch: Reverse for 'car_view' not found. 'car_view' is not a valid view function or pattern name.
[2025-05-14 16:16:38,306] ERROR [django.server] "GET /car_list HTTP/1.1" 500 135205
[2025-05-14 16:17:08,762] INFO [django.server] "GET /logout HTTP/1.1" 302 0
[2025-05-14 16:17:08,766] INFO [salon.views] Timezone: Europe/Moscow
[2025-05-14 16:17:08,899] INFO [django.server] "GET /home HTTP/1.1" 200 4016
[2025-05-14 16:17:10,907] INFO [django.server] "GET /register HTTP/1.1" 200 2453
[2025-05-14 16:23:24,022] INFO [django.utils.autoreload] C:\Users\pavel\PycharmProjects\ProjectLab5\AutoSalon\salon\views.py changed, reloading.
[2025-05-14 16:23:24,457] INFO [django.utils.autoreload] Watching for file changes with StatReloader
[2025-05-14 16:24:47,824] INFO [django.utils.autoreload] Watching for file changes with StatReloader
[2025-05-14 16:24:48,991] INFO [salon.views] Timezone: Europe/Moscow
[2025-05-14 16:24:49,406] INFO [django.server] "GET / HTTP/1.1" 200 4016
[2025-05-14 16:24:51,704] ERROR [django.request] Internal Server Error: /car_list
Traceback (most recent call last):
  File "C:\Users\pavel\PycharmProjects\ProjectLab5\.venv\lib\site-packages\django\core\handlers\exception.py", line 55, in inner
    response = get_response(request)
  File "C:\Users\pavel\PycharmProjects\ProjectLab5\.venv\lib\site-packages\django\core\handlers\base.py", line 197, in _get_response
    response = wrapped_callback(request, *callback_args, **callback_kwargs)
  File "C:\Users\pavel\PycharmProjects\ProjectLab5\AutoSalon\salon\views.py", line 170, in car_list
    return render(request, 'salon/car_list.html', {'cars': cars, 'sort_by': sort_by})
  File "C:\Users\pavel\PycharmProjects\ProjectLab5\.venv\lib\site-packages\django\shortcuts.py", line 24, in render
    content = loader.render_to_string(template_name, context, request, using=using)
  File "C:\Users\pavel\PycharmProjects\ProjectLab5\.venv\lib\site-packages\django\template\loader.py", line 62, in render_to_string
    return template.render(context, request)
  File "C:\Users\pavel\PycharmProjects\ProjectLab5\.venv\lib\site-packages\django\template\backends\django.py", line 61, in render
    return self.template.render(context)
  File "C:\Users\pavel\PycharmProjects\ProjectLab5\.venv\lib\site-packages\django\template\base.py", line 175, in render
    return self._render(context)
  File "C:\Users\pavel\PycharmProjects\ProjectLab5\.venv\lib\site-packages\django\template\base.py", line 167, in _render
    return self.nodelist.render(context)
  File "C:\Users\pavel\PycharmProjects\ProjectLab5\.venv\lib\site-packages\django\template\base.py", line 1005, in render
    return SafeString("".join([node.render_annotated(context) for node in self]))
  File "C:\Users\pavel\PycharmProjects\ProjectLab5\.venv\lib\site-packages\django\template\base.py", line 1005, in <listcomp>
    return SafeString("".join([node.render_annotated(context) for node in self]))
  File "C:\Users\pavel\PycharmProjects\ProjectLab5\.venv\lib\site-packages\django\template\base.py", line 966, in render_annotated
    return self.render(context)
  File "C:\Users\pavel\PycharmProjects\ProjectLab5\.venv\lib\site-packages\django\template\defaulttags.py", line 238, in render
    nodelist.append(node.render_annotated(context))
  File "C:\Users\pavel\PycharmProjects\ProjectLab5\.venv\lib\site-packages\django\template\base.py", line 966, in render_annotated
    return self.render(context)
  File "C:\Users\pavel\PycharmProjects\ProjectLab5\.venv\lib\site-packages\django\template\defaulttags.py", line 471, in render
    url = reverse(view_name, args=args, kwargs=kwargs, current_app=current_app)
  File "C:\Users\pavel\PycharmProjects\ProjectLab5\.venv\lib\site-packages\django\urls\base.py", line 88, in reverse
    return resolver._reverse_with_prefix(view, prefix, *args, **kwargs)
  File "C:\Users\pavel\PycharmProjects\ProjectLab5\.venv\lib\site-packages\django\urls\resolvers.py", line 828, in _reverse_with_prefix
    raise NoReverseMatch(msg)
django.urls.exceptions.NoReverseMatch: Reverse for 'car_view' not found. 'car_view' is not a valid view function or pattern name.
[2025-05-14 16:24:51,706] ERROR [django.server] "GET /car_list HTTP/1.1" 500 134924
[2025-05-14 16:26:47,669] ERROR [django.request] Internal Server Error: /car_list
Traceback (most recent call last):
  File "C:\Users\pavel\PycharmProjects\ProjectLab5\.venv\lib\site-packages\django\core\handlers\exception.py", line 55, in inner
    response = get_response(request)
  File "C:\Users\pavel\PycharmProjects\ProjectLab5\.venv\lib\site-packages\django\core\handlers\base.py", line 197, in _get_response
    response = wrapped_callback(request, *callback_args, **callback_kwargs)
  File "C:\Users\pavel\PycharmProjects\ProjectLab5\AutoSalon\salon\views.py", line 170, in car_list
    return render(request, 'salon/car_list.html', {'cars': cars, 'sort_by': sort_by})
  File "C:\Users\pavel\PycharmProjects\ProjectLab5\.venv\lib\site-packages\django\shortcuts.py", line 24, in render
    content = loader.render_to_string(template_name, context, request, using=using)
  File "C:\Users\pavel\PycharmProjects\ProjectLab5\.venv\lib\site-packages\django\template\loader.py", line 62, in render_to_string
    return template.render(context, request)
  File "C:\Users\pavel\PycharmProjects\ProjectLab5\.venv\lib\site-packages\django\template\backends\django.py", line 61, in render
    return self.template.render(context)
  File "C:\Users\pavel\PycharmProjects\ProjectLab5\.venv\lib\site-packages\django\template\base.py", line 175, in render
    return self._render(context)
  File "C:\Users\pavel\PycharmProjects\ProjectLab5\.venv\lib\site-packages\django\template\base.py", line 167, in _render
    return self.nodelist.render(context)
  File "C:\Users\pavel\PycharmProjects\ProjectLab5\.venv\lib\site-packages\django\template\base.py", line 1005, in render
    return SafeString("".join([node.render_annotated(context) for node in self]))
  File "C:\Users\pavel\PycharmProjects\ProjectLab5\.venv\lib\site-packages\django\template\base.py", line 1005, in <listcomp>
    return SafeString("".join([node.render_annotated(context) for node in self]))
  File "C:\Users\pavel\PycharmProjects\ProjectLab5\.venv\lib\site-packages\django\template\base.py", line 966, in render_annotated
    return self.render(context)
  File "C:\Users\pavel\PycharmProjects\ProjectLab5\.venv\lib\site-packages\django\template\defaulttags.py", line 238, in render
    nodelist.append(node.render_annotated(context))
  File "C:\Users\pavel\PycharmProjects\ProjectLab5\.venv\lib\site-packages\django\template\base.py", line 966, in render_annotated
    return self.render(context)
  File "C:\Users\pavel\PycharmProjects\ProjectLab5\.venv\lib\site-packages\django\template\defaulttags.py", line 471, in render
    url = reverse(view_name, args=args, kwargs=kwargs, current_app=current_app)
  File "C:\Users\pavel\PycharmProjects\ProjectLab5\.venv\lib\site-packages\django\urls\base.py", line 88, in reverse
    return resolver._reverse_with_prefix(view, prefix, *args, **kwargs)
  File "C:\Users\pavel\PycharmProjects\ProjectLab5\.venv\lib\site-packages\django\urls\resolvers.py", line 828, in _reverse_with_prefix
    raise NoReverseMatch(msg)
django.urls.exceptions.NoReverseMatch: Reverse for 'car_view' not found. 'car_view' is not a valid view function or pattern name.
[2025-05-14 16:26:47,671] ERROR [django.server] "GET /car_list HTTP/1.1" 500 135061
[2025-05-14 16:27:46,425] INFO [django.utils.autoreload] C:\Users\pavel\PycharmProjects\ProjectLab5\AutoSalon\salon\urls.py changed, reloading.
[2025-05-14 16:27:46,828] INFO [django.utils.autoreload] Watching for file changes with StatReloader
[2025-05-14 16:27:47,827] INFO [django.server] "GET /car_list HTTP/1.1" 200 767
[2025-05-14 16:27:48,057] INFO [django.server] "GET /media/car_photos/bentley.jpg HTTP/1.1" 200 8854
[2025-05-14 16:43:17,411] INFO [django.server] "GET /car_list HTTP/1.1" 200 766
[2025-05-14 16:43:17,432] INFO [django.server] "GET /media/car_photos/bentley.jpg HTTP/1.1" 304 0
[2025-05-14 16:43:19,493] INFO [django.server] "GET /car_list?sort=default HTTP/1.1" 200 766
[2025-05-14 16:43:20,188] INFO [django.server] "GET /car_list?sort=price HTTP/1.1" 200 766
[2025-05-14 16:44:03,604] INFO [django.server] "GET /car_list/1/ HTTP/1.1" 200 811
[2025-05-14 16:44:16,873] INFO [django.server] "GET /car_list HTTP/1.1" 200 766
[2025-05-14 16:44:18,559] INFO [django.server] "GET /car_list/1/ HTTP/1.1" 200 811
[2025-05-14 16:44:24,807] INFO [django.server] "GET /car_list HTTP/1.1" 200 766
[2025-05-14 16:44:27,233] INFO [django.server] "GET /car_list/1/ HTTP/1.1" 200 811
[2025-05-14 16:45:15,883] INFO [django.server] "GET /car_list HTTP/1.1" 200 766
[2025-05-14 17:19:42,702] INFO [django.server] "GET /car_list/1/ HTTP/1.1" 200 811
[2025-05-14 17:19:42,730] INFO [django.server] "GET /media/car_photos/bentley.jpg HTTP/1.1" 304 0
[2025-05-14 17:20:03,244] INFO [django.server] "GET /car_list HTTP/1.1" 200 765
[2025-05-14 17:20:04,222] INFO [django.server] "GET /car_list/1/ HTTP/1.1" 200 981
[2025-05-14 17:20:30,835] INFO [django.server] "GET /car_list/1/ HTTP/1.1" 200 977
[2025-05-14 17:20:36,816] INFO [django.server] "GET /login?next=/reviews/add HTTP/1.1" 200 1229
[2025-05-14 17:20:44,743] INFO [django.server] "GET /car_list HTTP/1.1" 200 765
[2025-05-14 17:20:50,877] INFO [salon.views] Timezone: Europe/Moscow
[2025-05-14 17:20:51,231] INFO [django.server] "GET / HTTP/1.1" 200 4016
[2025-05-14 17:20:51,266] INFO [django.server] "GET /static/logo.jpg HTTP/1.1" 304 0
[2025-05-14 17:20:55,273] INFO [django.server] "GET /register HTTP/1.1" 200 2453
[2025-05-14 17:21:31,194] INFO [django.server] "POST /register HTTP/1.1" 200 2750
[2025-05-14 17:21:57,237] INFO [django.server] "POST /register HTTP/1.1" 302 0
[2025-05-14 17:21:57,240] INFO [salon.views] Timezone: Europe/Moscow
[2025-05-14 17:21:57,354] INFO [django.server] "GET /home HTTP/1.1" 200 4016
[2025-05-14 17:22:00,205] INFO [salon.views] Timezone: Europe/Moscow
[2025-05-14 17:22:00,436] INFO [django.server] "GET /home HTTP/1.1" 200 4016
[2025-05-14 17:22:17,872] INFO [django.server] "GET /login HTTP/1.1" 200 1229
[2025-05-14 17:22:25,003] INFO [django.server] "POST /login HTTP/1.1" 302 0
[2025-05-14 17:22:25,010] INFO [salon.views] Timezone: Europe/Moscow
[2025-05-14 17:22:25,130] INFO [django.server] "GET /home HTTP/1.1" 200 4010
[2025-05-14 17:22:29,283] INFO [django.server] "GET /car_list HTTP/1.1" 200 765
[2025-05-14 17:22:30,715] ERROR [django.request] Internal Server Error: /car_list/1/
Traceback (most recent call last):
  File "C:\Users\pavel\PycharmProjects\ProjectLab5\.venv\lib\site-packages\django\core\handlers\exception.py", line 55, in inner
    response = get_response(request)
  File "C:\Users\pavel\PycharmProjects\ProjectLab5\.venv\lib\site-packages\django\core\handlers\base.py", line 197, in _get_response
    response = wrapped_callback(request, *callback_args, **callback_kwargs)
  File "C:\Users\pavel\PycharmProjects\ProjectLab5\AutoSalon\salon\views.py", line 175, in car_detail
    return render(request, 'salon/car_view.html', {'car': car})
  File "C:\Users\pavel\PycharmProjects\ProjectLab5\.venv\lib\site-packages\django\shortcuts.py", line 24, in render
    content = loader.render_to_string(template_name, context, request, using=using)
  File "C:\Users\pavel\PycharmProjects\ProjectLab5\.venv\lib\site-packages\django\template\loader.py", line 62, in render_to_string
    return template.render(context, request)
  File "C:\Users\pavel\PycharmProjects\ProjectLab5\.venv\lib\site-packages\django\template\backends\django.py", line 61, in render
    return self.template.render(context)
  File "C:\Users\pavel\PycharmProjects\ProjectLab5\.venv\lib\site-packages\django\template\base.py", line 175, in render
    return self._render(context)
  File "C:\Users\pavel\PycharmProjects\ProjectLab5\.venv\lib\site-packages\django\template\base.py", line 167, in _render
    return self.nodelist.render(context)
  File "C:\Users\pavel\PycharmProjects\ProjectLab5\.venv\lib\site-packages\django\template\base.py", line 1005, in render
    return SafeString("".join([node.render_annotated(context) for node in self]))
  File "C:\Users\pavel\PycharmProjects\ProjectLab5\.venv\lib\site-packages\django\template\base.py", line 1005, in <listcomp>
    return SafeString("".join([node.render_annotated(context) for node in self]))
  File "C:\Users\pavel\PycharmProjects\ProjectLab5\.venv\lib\site-packages\django\template\base.py", line 966, in render_annotated
    return self.render(context)
  File "C:\Users\pavel\PycharmProjects\ProjectLab5\.venv\lib\site-packages\django\template\defaulttags.py", line 321, in render
    return nodelist.render(context)
  File "C:\Users\pavel\PycharmProjects\ProjectLab5\.venv\lib\site-packages\django\template\base.py", line 1005, in render
    return SafeString("".join([node.render_annotated(context) for node in self]))
  File "C:\Users\pavel\PycharmProjects\ProjectLab5\.venv\lib\site-packages\django\template\base.py", line 1005, in <listcomp>
    return SafeString("".join([node.render_annotated(context) for node in self]))
  File "C:\Users\pavel\PycharmProjects\ProjectLab5\.venv\lib\site-packages\django\template\base.py", line 966, in render_annotated
    return self.render(context)
  File "C:\Users\pavel\PycharmProjects\ProjectLab5\.venv\lib\site-packages\django\template\defaulttags.py", line 471, in render
    url = reverse(view_name, args=args, kwargs=kwargs, current_app=current_app)
  File "C:\Users\pavel\PycharmProjects\ProjectLab5\.venv\lib\site-packages\django\urls\base.py", line 88, in reverse
    return resolver._reverse_with_prefix(view, prefix, *args, **kwargs)
  File "C:\Users\pavel\PycharmProjects\ProjectLab5\.venv\lib\site-packages\django\urls\resolvers.py", line 828, in _reverse_with_prefix
    raise NoReverseMatch(msg)
django.urls.exceptions.NoReverseMatch: Reverse for 'buy_car' not found. 'buy_car' is not a valid view function or pattern name.
[2025-05-14 17:22:30,718] ERROR [django.server] "GET /car_list/1/ HTTP/1.1" 500 140329
[2025-05-14 17:23:52,167] INFO [django.utils.autoreload] C:\Users\pavel\PycharmProjects\ProjectLab5\AutoSalon\salon\views.py changed, reloading.
[2025-05-14 17:23:52,560] INFO [django.utils.autoreload] Watching for file changes with StatReloader
[2025-05-14 17:23:56,173] INFO [salon.views] Timezone: Europe/Moscow
[2025-05-14 17:23:56,297] INFO [django.server] "GET / HTTP/1.1" 200 4010
[2025-05-14 17:23:59,661] INFO [django.server] "GET /car_list HTTP/1.1" 200 765
[2025-05-14 17:23:59,863] INFO [django.server] "GET /media/car_photos/bentley.jpg HTTP/1.1" 200 8854
[2025-05-14 17:24:01,388] INFO [django.server] "GET /car_list/1/ HTTP/1.1" 200 832
[2025-05-14 17:24:05,377] INFO [django.server] "GET /car_list/1/ HTTP/1.1" 200 832
[2025-05-14 17:24:10,192] INFO [django.server] "GET /car_list/1/ HTTP/1.1" 200 832
[2025-05-14 17:24:56,242] INFO [django.server] "GET /car_list/1/ HTTP/1.1" 200 832
[2025-05-14 17:25:15,737] INFO [django.utils.autoreload] C:\Users\pavel\PycharmProjects\ProjectLab5\AutoSalon\salon\urls.py changed, reloading.
[2025-05-14 17:25:16,113] INFO [django.utils.autoreload] Watching for file changes with StatReloader
[2025-05-14 17:25:16,341] INFO [django.server] "GET /car_list/1/ HTTP/1.1" 200 832
[2025-05-14 17:25:19,096] INFO [django.server] "GET /car_list/1/ HTTP/1.1" 200 832
[2025-05-14 17:26:06,238] INFO [django.utils.autoreload] C:\Users\pavel\PycharmProjects\ProjectLab5\AutoSalon\salon\views.py changed, reloading.
[2025-05-14 17:26:06,607] INFO [django.utils.autoreload] Watching for file changes with StatReloader
[2025-05-14 17:26:08,140] INFO [django.server] "GET /car_list HTTP/1.1" 200 765
[2025-05-14 17:26:09,272] ERROR [django.request] Internal Server Error: /car_list/1/
Traceback (most recent call last):
  File "C:\Users\pavel\PycharmProjects\ProjectLab5\.venv\lib\site-packages\django\core\handlers\exception.py", line 55, in inner
    response = get_response(request)
  File "C:\Users\pavel\PycharmProjects\ProjectLab5\.venv\lib\site-packages\django\core\handlers\base.py", line 197, in _get_response
    response = wrapped_callback(request, *callback_args, **callback_kwargs)
  File "C:\Users\pavel\PycharmProjects\ProjectLab5\AutoSalon\salon\views.py", line 175, in car_detail
    return render(request, 'salon/car_view.html', {'car': car})
  File "C:\Users\pavel\PycharmProjects\ProjectLab5\.venv\lib\site-packages\django\shortcuts.py", line 24, in render
    content = loader.render_to_string(template_name, context, request, using=using)
  File "C:\Users\pavel\PycharmProjects\ProjectLab5\.venv\lib\site-packages\django\template\loader.py", line 62, in render_to_string
    return template.render(context, request)
  File "C:\Users\pavel\PycharmProjects\ProjectLab5\.venv\lib\site-packages\django\template\backends\django.py", line 61, in render
    return self.template.render(context)
  File "C:\Users\pavel\PycharmProjects\ProjectLab5\.venv\lib\site-packages\django\template\base.py", line 175, in render
    return self._render(context)
  File "C:\Users\pavel\PycharmProjects\ProjectLab5\.venv\lib\site-packages\django\template\base.py", line 167, in _render
    return self.nodelist.render(context)
  File "C:\Users\pavel\PycharmProjects\ProjectLab5\.venv\lib\site-packages\django\template\base.py", line 1005, in render
    return SafeString("".join([node.render_annotated(context) for node in self]))
  File "C:\Users\pavel\PycharmProjects\ProjectLab5\.venv\lib\site-packages\django\template\base.py", line 1005, in <listcomp>
    return SafeString("".join([node.render_annotated(context) for node in self]))
  File "C:\Users\pavel\PycharmProjects\ProjectLab5\.venv\lib\site-packages\django\template\base.py", line 966, in render_annotated
    return self.render(context)
  File "C:\Users\pavel\PycharmProjects\ProjectLab5\.venv\lib\site-packages\django\template\defaulttags.py", line 321, in render
    return nodelist.render(context)
  File "C:\Users\pavel\PycharmProjects\ProjectLab5\.venv\lib\site-packages\django\template\base.py", line 1005, in render
    return SafeString("".join([node.render_annotated(context) for node in self]))
  File "C:\Users\pavel\PycharmProjects\ProjectLab5\.venv\lib\site-packages\django\template\base.py", line 1005, in <listcomp>
    return SafeString("".join([node.render_annotated(context) for node in self]))
  File "C:\Users\pavel\PycharmProjects\ProjectLab5\.venv\lib\site-packages\django\template\base.py", line 966, in render_annotated
    return self.render(context)
  File "C:\Users\pavel\PycharmProjects\ProjectLab5\.venv\lib\site-packages\django\template\defaulttags.py", line 471, in render
    url = reverse(view_name, args=args, kwargs=kwargs, current_app=current_app)
  File "C:\Users\pavel\PycharmProjects\ProjectLab5\.venv\lib\site-packages\django\urls\base.py", line 88, in reverse
    return resolver._reverse_with_prefix(view, prefix, *args, **kwargs)
  File "C:\Users\pavel\PycharmProjects\ProjectLab5\.venv\lib\site-packages\django\urls\resolvers.py", line 828, in _reverse_with_prefix
    raise NoReverseMatch(msg)
django.urls.exceptions.NoReverseMatch: Reverse for 'buy_car' with no arguments not found. 1 pattern(s) tried: ['car_list/(?P<pk>\\d+)/buy_car?$']
[2025-05-14 17:26:09,275] ERROR [django.server] "GET /car_list/1/ HTTP/1.1" 500 142456
[2025-05-14 17:26:58,021] INFO [django.utils.autoreload] C:\Users\pavel\PycharmProjects\ProjectLab5\AutoSalon\salon\views.py changed, reloading.
[2025-05-14 17:26:58,380] INFO [django.utils.autoreload] Watching for file changes with StatReloader
[2025-05-14 17:27:00,021] ERROR [django.request] Internal Server Error: /car_list/1/
Traceback (most recent call last):
  File "C:\Users\pavel\PycharmProjects\ProjectLab5\.venv\lib\site-packages\django\core\handlers\exception.py", line 55, in inner
    response = get_response(request)
  File "C:\Users\pavel\PycharmProjects\ProjectLab5\.venv\lib\site-packages\django\core\handlers\base.py", line 197, in _get_response
    response = wrapped_callback(request, *callback_args, **callback_kwargs)
  File "C:\Users\pavel\PycharmProjects\ProjectLab5\AutoSalon\salon\views.py", line 175, in car_detail
    return render(request, 'salon/car_view.html', {'car': car})
  File "C:\Users\pavel\PycharmProjects\ProjectLab5\.venv\lib\site-packages\django\shortcuts.py", line 24, in render
    content = loader.render_to_string(template_name, context, request, using=using)
  File "C:\Users\pavel\PycharmProjects\ProjectLab5\.venv\lib\site-packages\django\template\loader.py", line 62, in render_to_string
    return template.render(context, request)
  File "C:\Users\pavel\PycharmProjects\ProjectLab5\.venv\lib\site-packages\django\template\backends\django.py", line 61, in render
    return self.template.render(context)
  File "C:\Users\pavel\PycharmProjects\ProjectLab5\.venv\lib\site-packages\django\template\base.py", line 175, in render
    return self._render(context)
  File "C:\Users\pavel\PycharmProjects\ProjectLab5\.venv\lib\site-packages\django\template\base.py", line 167, in _render
    return self.nodelist.render(context)
  File "C:\Users\pavel\PycharmProjects\ProjectLab5\.venv\lib\site-packages\django\template\base.py", line 1005, in render
    return SafeString("".join([node.render_annotated(context) for node in self]))
  File "C:\Users\pavel\PycharmProjects\ProjectLab5\.venv\lib\site-packages\django\template\base.py", line 1005, in <listcomp>
    return SafeString("".join([node.render_annotated(context) for node in self]))
  File "C:\Users\pavel\PycharmProjects\ProjectLab5\.venv\lib\site-packages\django\template\base.py", line 966, in render_annotated
    return self.render(context)
  File "C:\Users\pavel\PycharmProjects\ProjectLab5\.venv\lib\site-packages\django\template\defaulttags.py", line 321, in render
    return nodelist.render(context)
  File "C:\Users\pavel\PycharmProjects\ProjectLab5\.venv\lib\site-packages\django\template\base.py", line 1005, in render
    return SafeString("".join([node.render_annotated(context) for node in self]))
  File "C:\Users\pavel\PycharmProjects\ProjectLab5\.venv\lib\site-packages\django\template\base.py", line 1005, in <listcomp>
    return SafeString("".join([node.render_annotated(context) for node in self]))
  File "C:\Users\pavel\PycharmProjects\ProjectLab5\.venv\lib\site-packages\django\template\base.py", line 966, in render_annotated
    return self.render(context)
  File "C:\Users\pavel\PycharmProjects\ProjectLab5\.venv\lib\site-packages\django\template\defaulttags.py", line 471, in render
    url = reverse(view_name, args=args, kwargs=kwargs, current_app=current_app)
  File "C:\Users\pavel\PycharmProjects\ProjectLab5\.venv\lib\site-packages\django\urls\base.py", line 88, in reverse
    return resolver._reverse_with_prefix(view, prefix, *args, **kwargs)
  File "C:\Users\pavel\PycharmProjects\ProjectLab5\.venv\lib\site-packages\django\urls\resolvers.py", line 828, in _reverse_with_prefix
    raise NoReverseMatch(msg)
django.urls.exceptions.NoReverseMatch: Reverse for 'buy_car' with no arguments not found. 1 pattern(s) tried: ['car_list/(?P<pk>\\d+)/buy_car?$']
[2025-05-14 17:27:00,024] ERROR [django.server] "GET /car_list/1/ HTTP/1.1" 500 142582
[2025-05-14 17:27:03,372] ERROR [django.request] Internal Server Error: /car_list/1/
Traceback (most recent call last):
  File "C:\Users\pavel\PycharmProjects\ProjectLab5\.venv\lib\site-packages\django\core\handlers\exception.py", line 55, in inner
    response = get_response(request)
  File "C:\Users\pavel\PycharmProjects\ProjectLab5\.venv\lib\site-packages\django\core\handlers\base.py", line 197, in _get_response
    response = wrapped_callback(request, *callback_args, **callback_kwargs)
  File "C:\Users\pavel\PycharmProjects\ProjectLab5\AutoSalon\salon\views.py", line 175, in car_detail
    return render(request, 'salon/car_view.html', {'car': car})
  File "C:\Users\pavel\PycharmProjects\ProjectLab5\.venv\lib\site-packages\django\shortcuts.py", line 24, in render
    content = loader.render_to_string(template_name, context, request, using=using)
  File "C:\Users\pavel\PycharmProjects\ProjectLab5\.venv\lib\site-packages\django\template\loader.py", line 62, in render_to_string
    return template.render(context, request)
  File "C:\Users\pavel\PycharmProjects\ProjectLab5\.venv\lib\site-packages\django\template\backends\django.py", line 61, in render
    return self.template.render(context)
  File "C:\Users\pavel\PycharmProjects\ProjectLab5\.venv\lib\site-packages\django\template\base.py", line 175, in render
    return self._render(context)
  File "C:\Users\pavel\PycharmProjects\ProjectLab5\.venv\lib\site-packages\django\template\base.py", line 167, in _render
    return self.nodelist.render(context)
  File "C:\Users\pavel\PycharmProjects\ProjectLab5\.venv\lib\site-packages\django\template\base.py", line 1005, in render
    return SafeString("".join([node.render_annotated(context) for node in self]))
  File "C:\Users\pavel\PycharmProjects\ProjectLab5\.venv\lib\site-packages\django\template\base.py", line 1005, in <listcomp>
    return SafeString("".join([node.render_annotated(context) for node in self]))
  File "C:\Users\pavel\PycharmProjects\ProjectLab5\.venv\lib\site-packages\django\template\base.py", line 966, in render_annotated
    return self.render(context)
  File "C:\Users\pavel\PycharmProjects\ProjectLab5\.venv\lib\site-packages\django\template\defaulttags.py", line 321, in render
    return nodelist.render(context)
  File "C:\Users\pavel\PycharmProjects\ProjectLab5\.venv\lib\site-packages\django\template\base.py", line 1005, in render
    return SafeString("".join([node.render_annotated(context) for node in self]))
  File "C:\Users\pavel\PycharmProjects\ProjectLab5\.venv\lib\site-packages\django\template\base.py", line 1005, in <listcomp>
    return SafeString("".join([node.render_annotated(context) for node in self]))
  File "C:\Users\pavel\PycharmProjects\ProjectLab5\.venv\lib\site-packages\django\template\base.py", line 966, in render_annotated
    return self.render(context)
  File "C:\Users\pavel\PycharmProjects\ProjectLab5\.venv\lib\site-packages\django\template\defaulttags.py", line 471, in render
    url = reverse(view_name, args=args, kwargs=kwargs, current_app=current_app)
  File "C:\Users\pavel\PycharmProjects\ProjectLab5\.venv\lib\site-packages\django\urls\base.py", line 88, in reverse
    return resolver._reverse_with_prefix(view, prefix, *args, **kwargs)
  File "C:\Users\pavel\PycharmProjects\ProjectLab5\.venv\lib\site-packages\django\urls\resolvers.py", line 828, in _reverse_with_prefix
    raise NoReverseMatch(msg)
django.urls.exceptions.NoReverseMatch: Reverse for 'buy_car' with no arguments not found. 1 pattern(s) tried: ['car_list/(?P<pk>\\d+)/buy_car?$']
[2025-05-14 17:27:03,373] ERROR [django.server] "GET /car_list/1/ HTTP/1.1" 500 142445
[2025-05-14 17:28:11,148] INFO [django.utils.autoreload] C:\Users\pavel\PycharmProjects\ProjectLab5\AutoSalon\salon\urls.py changed, reloading.
[2025-05-14 17:28:11,492] INFO [django.utils.autoreload] Watching for file changes with StatReloader
[2025-05-14 17:28:12,065] ERROR [django.request] Internal Server Error: /car_list/1/
Traceback (most recent call last):
  File "C:\Users\pavel\PycharmProjects\ProjectLab5\.venv\lib\site-packages\django\core\handlers\exception.py", line 55, in inner
    response = get_response(request)
  File "C:\Users\pavel\PycharmProjects\ProjectLab5\.venv\lib\site-packages\django\core\handlers\base.py", line 197, in _get_response
    response = wrapped_callback(request, *callback_args, **callback_kwargs)
  File "C:\Users\pavel\PycharmProjects\ProjectLab5\AutoSalon\salon\views.py", line 175, in car_detail
    return render(request, 'salon/car_view.html', {'car': car})
  File "C:\Users\pavel\PycharmProjects\ProjectLab5\.venv\lib\site-packages\django\shortcuts.py", line 24, in render
    content = loader.render_to_string(template_name, context, request, using=using)
  File "C:\Users\pavel\PycharmProjects\ProjectLab5\.venv\lib\site-packages\django\template\loader.py", line 62, in render_to_string
    return template.render(context, request)
  File "C:\Users\pavel\PycharmProjects\ProjectLab5\.venv\lib\site-packages\django\template\backends\django.py", line 61, in render
    return self.template.render(context)
  File "C:\Users\pavel\PycharmProjects\ProjectLab5\.venv\lib\site-packages\django\template\base.py", line 175, in render
    return self._render(context)
  File "C:\Users\pavel\PycharmProjects\ProjectLab5\.venv\lib\site-packages\django\template\base.py", line 167, in _render
    return self.nodelist.render(context)
  File "C:\Users\pavel\PycharmProjects\ProjectLab5\.venv\lib\site-packages\django\template\base.py", line 1005, in render
    return SafeString("".join([node.render_annotated(context) for node in self]))
  File "C:\Users\pavel\PycharmProjects\ProjectLab5\.venv\lib\site-packages\django\template\base.py", line 1005, in <listcomp>
    return SafeString("".join([node.render_annotated(context) for node in self]))
  File "C:\Users\pavel\PycharmProjects\ProjectLab5\.venv\lib\site-packages\django\template\base.py", line 966, in render_annotated
    return self.render(context)
  File "C:\Users\pavel\PycharmProjects\ProjectLab5\.venv\lib\site-packages\django\template\defaulttags.py", line 321, in render
    return nodelist.render(context)
  File "C:\Users\pavel\PycharmProjects\ProjectLab5\.venv\lib\site-packages\django\template\base.py", line 1005, in render
    return SafeString("".join([node.render_annotated(context) for node in self]))
  File "C:\Users\pavel\PycharmProjects\ProjectLab5\.venv\lib\site-packages\django\template\base.py", line 1005, in <listcomp>
    return SafeString("".join([node.render_annotated(context) for node in self]))
  File "C:\Users\pavel\PycharmProjects\ProjectLab5\.venv\lib\site-packages\django\template\base.py", line 966, in render_annotated
    return self.render(context)
  File "C:\Users\pavel\PycharmProjects\ProjectLab5\.venv\lib\site-packages\django\template\defaulttags.py", line 471, in render
    url = reverse(view_name, args=args, kwargs=kwargs, current_app=current_app)
  File "C:\Users\pavel\PycharmProjects\ProjectLab5\.venv\lib\site-packages\django\urls\base.py", line 88, in reverse
    return resolver._reverse_with_prefix(view, prefix, *args, **kwargs)
  File "C:\Users\pavel\PycharmProjects\ProjectLab5\.venv\lib\site-packages\django\urls\resolvers.py", line 828, in _reverse_with_prefix
    raise NoReverseMatch(msg)
django.urls.exceptions.NoReverseMatch: Reverse for 'buy_car' with no arguments not found. 1 pattern(s) tried: ['car_list/(?P<pk>\\d+)/buy_car$']
[2025-05-14 17:28:12,068] ERROR [django.server] "GET /car_list/1/ HTTP/1.1" 500 142575
[2025-05-14 17:28:12,736] ERROR [django.request] Internal Server Error: /car_list/1/
Traceback (most recent call last):
  File "C:\Users\pavel\PycharmProjects\ProjectLab5\.venv\lib\site-packages\django\core\handlers\exception.py", line 55, in inner
    response = get_response(request)
  File "C:\Users\pavel\PycharmProjects\ProjectLab5\.venv\lib\site-packages\django\core\handlers\base.py", line 197, in _get_response
    response = wrapped_callback(request, *callback_args, **callback_kwargs)
  File "C:\Users\pavel\PycharmProjects\ProjectLab5\AutoSalon\salon\views.py", line 175, in car_detail
    return render(request, 'salon/car_view.html', {'car': car})
  File "C:\Users\pavel\PycharmProjects\ProjectLab5\.venv\lib\site-packages\django\shortcuts.py", line 24, in render
    content = loader.render_to_string(template_name, context, request, using=using)
  File "C:\Users\pavel\PycharmProjects\ProjectLab5\.venv\lib\site-packages\django\template\loader.py", line 62, in render_to_string
    return template.render(context, request)
  File "C:\Users\pavel\PycharmProjects\ProjectLab5\.venv\lib\site-packages\django\template\backends\django.py", line 61, in render
    return self.template.render(context)
  File "C:\Users\pavel\PycharmProjects\ProjectLab5\.venv\lib\site-packages\django\template\base.py", line 175, in render
    return self._render(context)
  File "C:\Users\pavel\PycharmProjects\ProjectLab5\.venv\lib\site-packages\django\template\base.py", line 167, in _render
    return self.nodelist.render(context)
  File "C:\Users\pavel\PycharmProjects\ProjectLab5\.venv\lib\site-packages\django\template\base.py", line 1005, in render
    return SafeString("".join([node.render_annotated(context) for node in self]))
  File "C:\Users\pavel\PycharmProjects\ProjectLab5\.venv\lib\site-packages\django\template\base.py", line 1005, in <listcomp>
    return SafeString("".join([node.render_annotated(context) for node in self]))
  File "C:\Users\pavel\PycharmProjects\ProjectLab5\.venv\lib\site-packages\django\template\base.py", line 966, in render_annotated
    return self.render(context)
  File "C:\Users\pavel\PycharmProjects\ProjectLab5\.venv\lib\site-packages\django\template\defaulttags.py", line 321, in render
    return nodelist.render(context)
  File "C:\Users\pavel\PycharmProjects\ProjectLab5\.venv\lib\site-packages\django\template\base.py", line 1005, in render
    return SafeString("".join([node.render_annotated(context) for node in self]))
  File "C:\Users\pavel\PycharmProjects\ProjectLab5\.venv\lib\site-packages\django\template\base.py", line 1005, in <listcomp>
    return SafeString("".join([node.render_annotated(context) for node in self]))
  File "C:\Users\pavel\PycharmProjects\ProjectLab5\.venv\lib\site-packages\django\template\base.py", line 966, in render_annotated
    return self.render(context)
  File "C:\Users\pavel\PycharmProjects\ProjectLab5\.venv\lib\site-packages\django\template\defaulttags.py", line 471, in render
    url = reverse(view_name, args=args, kwargs=kwargs, current_app=current_app)
  File "C:\Users\pavel\PycharmProjects\ProjectLab5\.venv\lib\site-packages\django\urls\base.py", line 88, in reverse
    return resolver._reverse_with_prefix(view, prefix, *args, **kwargs)
  File "C:\Users\pavel\PycharmProjects\ProjectLab5\.venv\lib\site-packages\django\urls\resolvers.py", line 828, in _reverse_with_prefix
    raise NoReverseMatch(msg)
django.urls.exceptions.NoReverseMatch: Reverse for 'buy_car' with no arguments not found. 1 pattern(s) tried: ['car_list/(?P<pk>\\d+)/buy_car$']
[2025-05-14 17:28:12,737] ERROR [django.server] "GET /car_list/1/ HTTP/1.1" 500 142575
[2025-05-14 17:28:13,214] ERROR [django.request] Internal Server Error: /car_list/1/
Traceback (most recent call last):
  File "C:\Users\pavel\PycharmProjects\ProjectLab5\.venv\lib\site-packages\django\core\handlers\exception.py", line 55, in inner
    response = get_response(request)
  File "C:\Users\pavel\PycharmProjects\ProjectLab5\.venv\lib\site-packages\django\core\handlers\base.py", line 197, in _get_response
    response = wrapped_callback(request, *callback_args, **callback_kwargs)
  File "C:\Users\pavel\PycharmProjects\ProjectLab5\AutoSalon\salon\views.py", line 175, in car_detail
    return render(request, 'salon/car_view.html', {'car': car})
  File "C:\Users\pavel\PycharmProjects\ProjectLab5\.venv\lib\site-packages\django\shortcuts.py", line 24, in render
    content = loader.render_to_string(template_name, context, request, using=using)
  File "C:\Users\pavel\PycharmProjects\ProjectLab5\.venv\lib\site-packages\django\template\loader.py", line 62, in render_to_string
    return template.render(context, request)
  File "C:\Users\pavel\PycharmProjects\ProjectLab5\.venv\lib\site-packages\django\template\backends\django.py", line 61, in render
    return self.template.render(context)
  File "C:\Users\pavel\PycharmProjects\ProjectLab5\.venv\lib\site-packages\django\template\base.py", line 175, in render
    return self._render(context)
  File "C:\Users\pavel\PycharmProjects\ProjectLab5\.venv\lib\site-packages\django\template\base.py", line 167, in _render
    return self.nodelist.render(context)
  File "C:\Users\pavel\PycharmProjects\ProjectLab5\.venv\lib\site-packages\django\template\base.py", line 1005, in render
    return SafeString("".join([node.render_annotated(context) for node in self]))
  File "C:\Users\pavel\PycharmProjects\ProjectLab5\.venv\lib\site-packages\django\template\base.py", line 1005, in <listcomp>
    return SafeString("".join([node.render_annotated(context) for node in self]))
  File "C:\Users\pavel\PycharmProjects\ProjectLab5\.venv\lib\site-packages\django\template\base.py", line 966, in render_annotated
    return self.render(context)
  File "C:\Users\pavel\PycharmProjects\ProjectLab5\.venv\lib\site-packages\django\template\defaulttags.py", line 321, in render
    return nodelist.render(context)
  File "C:\Users\pavel\PycharmProjects\ProjectLab5\.venv\lib\site-packages\django\template\base.py", line 1005, in render
    return SafeString("".join([node.render_annotated(context) for node in self]))
  File "C:\Users\pavel\PycharmProjects\ProjectLab5\.venv\lib\site-packages\django\template\base.py", line 1005, in <listcomp>
    return SafeString("".join([node.render_annotated(context) for node in self]))
  File "C:\Users\pavel\PycharmProjects\ProjectLab5\.venv\lib\site-packages\django\template\base.py", line 966, in render_annotated
    return self.render(context)
  File "C:\Users\pavel\PycharmProjects\ProjectLab5\.venv\lib\site-packages\django\template\defaulttags.py", line 471, in render
    url = reverse(view_name, args=args, kwargs=kwargs, current_app=current_app)
  File "C:\Users\pavel\PycharmProjects\ProjectLab5\.venv\lib\site-packages\django\urls\base.py", line 88, in reverse
    return resolver._reverse_with_prefix(view, prefix, *args, **kwargs)
  File "C:\Users\pavel\PycharmProjects\ProjectLab5\.venv\lib\site-packages\django\urls\resolvers.py", line 828, in _reverse_with_prefix
    raise NoReverseMatch(msg)
django.urls.exceptions.NoReverseMatch: Reverse for 'buy_car' with no arguments not found. 1 pattern(s) tried: ['car_list/(?P<pk>\\d+)/buy_car$']
[2025-05-14 17:28:13,214] ERROR [django.server] "GET /car_list/1/ HTTP/1.1" 500 142575
[2025-05-14 17:29:22,234] INFO [django.utils.autoreload] Watching for file changes with StatReloader
[2025-05-14 17:29:23,286] INFO [salon.views] Timezone: Europe/Moscow
[2025-05-14 17:29:23,418] INFO [django.server] "GET / HTTP/1.1" 200 4010
[2025-05-14 17:29:26,456] INFO [django.server] "GET /car_list HTTP/1.1" 200 765
[2025-05-14 17:29:27,491] ERROR [django.request] Internal Server Error: /car_list/1/
Traceback (most recent call last):
  File "C:\Users\pavel\PycharmProjects\ProjectLab5\.venv\lib\site-packages\django\core\handlers\exception.py", line 55, in inner
    response = get_response(request)
  File "C:\Users\pavel\PycharmProjects\ProjectLab5\.venv\lib\site-packages\django\core\handlers\base.py", line 197, in _get_response
    response = wrapped_callback(request, *callback_args, **callback_kwargs)
  File "C:\Users\pavel\PycharmProjects\ProjectLab5\AutoSalon\salon\views.py", line 175, in car_detail
    return render(request, 'salon/car_view.html', {'car': car})
  File "C:\Users\pavel\PycharmProjects\ProjectLab5\.venv\lib\site-packages\django\shortcuts.py", line 24, in render
    content = loader.render_to_string(template_name, context, request, using=using)
  File "C:\Users\pavel\PycharmProjects\ProjectLab5\.venv\lib\site-packages\django\template\loader.py", line 62, in render_to_string
    return template.render(context, request)
  File "C:\Users\pavel\PycharmProjects\ProjectLab5\.venv\lib\site-packages\django\template\backends\django.py", line 61, in render
    return self.template.render(context)
  File "C:\Users\pavel\PycharmProjects\ProjectLab5\.venv\lib\site-packages\django\template\base.py", line 175, in render
    return self._render(context)
  File "C:\Users\pavel\PycharmProjects\ProjectLab5\.venv\lib\site-packages\django\template\base.py", line 167, in _render
    return self.nodelist.render(context)
  File "C:\Users\pavel\PycharmProjects\ProjectLab5\.venv\lib\site-packages\django\template\base.py", line 1005, in render
    return SafeString("".join([node.render_annotated(context) for node in self]))
  File "C:\Users\pavel\PycharmProjects\ProjectLab5\.venv\lib\site-packages\django\template\base.py", line 1005, in <listcomp>
    return SafeString("".join([node.render_annotated(context) for node in self]))
  File "C:\Users\pavel\PycharmProjects\ProjectLab5\.venv\lib\site-packages\django\template\base.py", line 966, in render_annotated
    return self.render(context)
  File "C:\Users\pavel\PycharmProjects\ProjectLab5\.venv\lib\site-packages\django\template\defaulttags.py", line 321, in render
    return nodelist.render(context)
  File "C:\Users\pavel\PycharmProjects\ProjectLab5\.venv\lib\site-packages\django\template\base.py", line 1005, in render
    return SafeString("".join([node.render_annotated(context) for node in self]))
  File "C:\Users\pavel\PycharmProjects\ProjectLab5\.venv\lib\site-packages\django\template\base.py", line 1005, in <listcomp>
    return SafeString("".join([node.render_annotated(context) for node in self]))
  File "C:\Users\pavel\PycharmProjects\ProjectLab5\.venv\lib\site-packages\django\template\base.py", line 966, in render_annotated
    return self.render(context)
  File "C:\Users\pavel\PycharmProjects\ProjectLab5\.venv\lib\site-packages\django\template\defaulttags.py", line 471, in render
    url = reverse(view_name, args=args, kwargs=kwargs, current_app=current_app)
  File "C:\Users\pavel\PycharmProjects\ProjectLab5\.venv\lib\site-packages\django\urls\base.py", line 88, in reverse
    return resolver._reverse_with_prefix(view, prefix, *args, **kwargs)
  File "C:\Users\pavel\PycharmProjects\ProjectLab5\.venv\lib\site-packages\django\urls\resolvers.py", line 828, in _reverse_with_prefix
    raise NoReverseMatch(msg)
django.urls.exceptions.NoReverseMatch: Reverse for 'buy_car' with no arguments not found. 1 pattern(s) tried: ['car_list/(?P<pk>\\d+)/buy_car$']
[2025-05-14 17:29:27,493] ERROR [django.server] "GET /car_list/1/ HTTP/1.1" 500 142438
[2025-05-14 17:30:58,474] INFO [django.utils.autoreload] Watching for file changes with StatReloader
[2025-05-14 17:30:59,579] INFO [django.server] "GET /car_list/1/ HTTP/1.1" 200 908
[2025-05-14 17:31:01,627] ERROR [django.request] Internal Server Error: /car_list/1/buy_car
Traceback (most recent call last):
  File "C:\Users\pavel\PycharmProjects\ProjectLab5\.venv\lib\site-packages\django\core\handlers\exception.py", line 55, in inner
    response = get_response(request)
  File "C:\Users\pavel\PycharmProjects\ProjectLab5\.venv\lib\site-packages\django\core\handlers\base.py", line 197, in _get_response
    response = wrapped_callback(request, *callback_args, **callback_kwargs)
  File "C:\Users\pavel\PycharmProjects\ProjectLab5\.venv\lib\site-packages\django\contrib\auth\decorators.py", line 23, in _wrapper_view
    return view_func(request, *args, **kwargs)
TypeError: car_buy() got an unexpected keyword argument 'pk'
[2025-05-14 17:31:01,629] ERROR [django.server] "GET /car_list/1/buy_car HTTP/1.1" 500 71603
[2025-05-14 17:31:16,082] INFO [django.utils.autoreload] C:\Users\pavel\PycharmProjects\ProjectLab5\AutoSalon\salon\views.py changed, reloading.
[2025-05-14 17:31:16,480] INFO [django.utils.autoreload] Watching for file changes with StatReloader
[2025-05-14 17:31:16,737] INFO [django.server] "GET /car_list/1/ HTTP/1.1" 200 908
[2025-05-14 17:31:17,741] INFO [django.server] "GET /car_list/1/buy_car HTTP/1.1" 200 807
[2025-05-14 23:05:59,451] INFO [django.utils.autoreload] Watching for file changes with StatReloader
[2025-05-14 23:06:00,792] INFO [salon.views] Timezone: Europe/Moscow
[2025-05-14 23:06:00,955] INFO [django.server] "GET / HTTP/1.1" 200 4009
[2025-05-14 23:06:01,152] INFO [django.server] "GET /static/logo.jpg HTTP/1.1" 304 0
[2025-05-14 23:06:01,654] WARNING [django.request] Not Found: /favicon.ico
[2025-05-14 23:06:01,654] WARNING [django.server] "GET /favicon.ico HTTP/1.1" 404 5483
[2025-05-14 23:06:03,955] INFO [django.server] "GET /car_list HTTP/1.1" 200 765
[2025-05-14 23:06:03,984] INFO [django.server] "GET /media/car_photos/bentley.jpg HTTP/1.1" 304 0
[2025-05-14 23:06:05,293] INFO [django.server] "GET /car_list/1/ HTTP/1.1" 200 908
[2025-05-14 23:06:07,040] ERROR [django.request] Internal Server Error: /car_list/1/buy_car
Traceback (most recent call last):
  File "C:\Users\pavel\PycharmProjects\ProjectLab5\.venv\lib\site-packages\django\core\handlers\exception.py", line 55, in inner
    response = get_response(request)
  File "C:\Users\pavel\PycharmProjects\ProjectLab5\.venv\lib\site-packages\django\core\handlers\base.py", line 197, in _get_response
    response = wrapped_callback(request, *callback_args, **callback_kwargs)
  File "C:\Users\pavel\PycharmProjects\ProjectLab5\.venv\lib\site-packages\django\contrib\auth\decorators.py", line 23, in _wrapper_view
    return view_func(request, *args, **kwargs)
  File "C:\Users\pavel\PycharmProjects\ProjectLab5\AutoSalon\salon\views.py", line 181, in car_buy
    return render(request, 'salon/buy_car.html', {'car': car})
  File "C:\Users\pavel\PycharmProjects\ProjectLab5\.venv\lib\site-packages\django\shortcuts.py", line 24, in render
    content = loader.render_to_string(template_name, context, request, using=using)
  File "C:\Users\pavel\PycharmProjects\ProjectLab5\.venv\lib\site-packages\django\template\loader.py", line 62, in render_to_string
    return template.render(context, request)
  File "C:\Users\pavel\PycharmProjects\ProjectLab5\.venv\lib\site-packages\django\template\backends\django.py", line 61, in render
    return self.template.render(context)
  File "C:\Users\pavel\PycharmProjects\ProjectLab5\.venv\lib\site-packages\django\template\base.py", line 175, in render
    return self._render(context)
  File "C:\Users\pavel\PycharmProjects\ProjectLab5\.venv\lib\site-packages\django\template\base.py", line 167, in _render
    return self.nodelist.render(context)
  File "C:\Users\pavel\PycharmProjects\ProjectLab5\.venv\lib\site-packages\django\template\base.py", line 1005, in render
    return SafeString("".join([node.render_annotated(context) for node in self]))
  File "C:\Users\pavel\PycharmProjects\ProjectLab5\.venv\lib\site-packages\django\template\base.py", line 1005, in <listcomp>
    return SafeString("".join([node.render_annotated(context) for node in self]))
  File "C:\Users\pavel\PycharmProjects\ProjectLab5\.venv\lib\site-packages\django\template\base.py", line 966, in render_annotated
    return self.render(context)
  File "C:\Users\pavel\PycharmProjects\ProjectLab5\.venv\lib\site-packages\django\template\defaulttags.py", line 321, in render
    return nodelist.render(context)
  File "C:\Users\pavel\PycharmProjects\ProjectLab5\.venv\lib\site-packages\django\template\base.py", line 1005, in render
    return SafeString("".join([node.render_annotated(context) for node in self]))
  File "C:\Users\pavel\PycharmProjects\ProjectLab5\.venv\lib\site-packages\django\template\base.py", line 1005, in <listcomp>
    return SafeString("".join([node.render_annotated(context) for node in self]))
  File "C:\Users\pavel\PycharmProjects\ProjectLab5\.venv\lib\site-packages\django\template\base.py", line 966, in render_annotated
    return self.render(context)
  File "C:\Users\pavel\PycharmProjects\ProjectLab5\.venv\lib\site-packages\django\template\defaulttags.py", line 471, in render
    url = reverse(view_name, args=args, kwargs=kwargs, current_app=current_app)
  File "C:\Users\pavel\PycharmProjects\ProjectLab5\.venv\lib\site-packages\django\urls\base.py", line 88, in reverse
    return resolver._reverse_with_prefix(view, prefix, *args, **kwargs)
  File "C:\Users\pavel\PycharmProjects\ProjectLab5\.venv\lib\site-packages\django\urls\resolvers.py", line 828, in _reverse_with_prefix
    raise NoReverseMatch(msg)
django.urls.exceptions.NoReverseMatch: Reverse for 'purchase_car' not found. 'purchase_car' is not a valid view function or pattern name.
[2025-05-14 23:06:07,042] ERROR [django.server] "GET /car_list/1/buy_car HTTP/1.1" 500 145463
[2025-05-14 23:08:35,224] INFO [django.utils.autoreload] C:\Users\pavel\PycharmProjects\ProjectLab5\AutoSalon\salon\views.py changed, reloading.
[2025-05-14 23:08:35,606] INFO [django.utils.autoreload] Watching for file changes with StatReloader
[2025-05-14 23:09:14,548] INFO [django.utils.autoreload] C:\Users\pavel\PycharmProjects\ProjectLab5\AutoSalon\salon\views.py changed, reloading.
[2025-05-14 23:09:14,933] INFO [django.utils.autoreload] Watching for file changes with StatReloader
[2025-05-14 23:10:44,571] INFO [django.utils.autoreload] C:\Users\pavel\PycharmProjects\ProjectLab5\AutoSalon\salon\views.py changed, reloading.
[2025-05-14 23:10:44,904] INFO [django.utils.autoreload] Watching for file changes with StatReloader
[2025-05-14 23:11:32,354] INFO [django.utils.autoreload] Watching for file changes with StatReloader
[2025-05-14 23:11:34,028] INFO [salon.views] Timezone: Europe/Moscow
[2025-05-14 23:11:34,367] INFO [django.server] "GET / HTTP/1.1" 200 4009
[2025-05-14 23:11:38,127] INFO [django.server] "GET /car_list HTTP/1.1" 200 765
[2025-05-14 23:11:39,472] INFO [django.server] "GET /car_list/1/ HTTP/1.1" 200 908
[2025-05-14 23:11:40,297] INFO [django.server] "GET /car_list/1/buy_car HTTP/1.1" 200 1056
[2025-05-14 23:11:47,128] INFO [django.server] "GET /car_list HTTP/1.1" 200 765
[2025-05-14 23:11:48,309] INFO [django.server] "GET /car_list HTTP/1.1" 200 765
[2025-05-14 23:11:53,910] INFO [django.utils.autoreload] Watching for file changes with StatReloader
[2025-05-14 23:11:55,097] INFO [salon.views] Timezone: Europe/Moscow
[2025-05-14 23:11:55,223] INFO [django.server] "GET / HTTP/1.1" 200 4009
[2025-05-14 23:11:58,985] INFO [django.server] "GET /car_list HTTP/1.1" 200 765
[2025-05-14 23:12:01,150] INFO [django.server] "GET /car_list/1/ HTTP/1.1" 200 908
[2025-05-14 23:12:39,313] INFO [django.server] "GET /car_list/1/buy_car HTTP/1.1" 200 1056
[2025-05-14 23:12:51,400] INFO [django.server] "GET /car_list/1/buy_car HTTP/1.1" 200 1056
[2025-05-14 23:12:54,882] INFO [django.server] "GET /car_list HTTP/1.1" 200 765
[2025-05-14 23:12:57,644] INFO [django.server] "GET /car_list/1/ HTTP/1.1" 200 908
[2025-05-14 23:13:01,602] INFO [django.server] "GET /car_list/1/buy_car HTTP/1.1" 200 1056
[2025-05-14 23:13:36,326] INFO [django.utils.autoreload] C:\Users\pavel\PycharmProjects\ProjectLab5\AutoSalon\salon\views.py changed, reloading.
[2025-05-14 23:13:36,702] INFO [django.utils.autoreload] Watching for file changes with StatReloader
[2025-05-14 23:16:46,827] INFO [salon.views] Timezone: Europe/Moscow
[2025-05-14 23:16:46,952] INFO [django.server] "GET / HTTP/1.1" 200 4009
[2025-05-14 23:16:49,496] INFO [django.server] "GET /car_list HTTP/1.1" 200 765
[2025-05-14 23:16:50,674] ERROR [django.request] Internal Server Error: /car_list/1/
Traceback (most recent call last):
  File "C:\Users\pavel\PycharmProjects\ProjectLab5\.venv\lib\site-packages\django\core\handlers\exception.py", line 55, in inner
    response = get_response(request)
  File "C:\Users\pavel\PycharmProjects\ProjectLab5\.venv\lib\site-packages\django\core\handlers\base.py", line 197, in _get_response
    response = wrapped_callback(request, *callback_args, **callback_kwargs)
  File "C:\Users\pavel\PycharmProjects\ProjectLab5\AutoSalon\salon\views.py", line 175, in car_detail
    return render(request, 'salon/car_view.html', {'car': car})
  File "C:\Users\pavel\PycharmProjects\ProjectLab5\.venv\lib\site-packages\django\shortcuts.py", line 24, in render
    content = loader.render_to_string(template_name, context, request, using=using)
  File "C:\Users\pavel\PycharmProjects\ProjectLab5\.venv\lib\site-packages\django\template\loader.py", line 62, in render_to_string
    return template.render(context, request)
  File "C:\Users\pavel\PycharmProjects\ProjectLab5\.venv\lib\site-packages\django\template\backends\django.py", line 61, in render
    return self.template.render(context)
  File "C:\Users\pavel\PycharmProjects\ProjectLab5\.venv\lib\site-packages\django\template\base.py", line 175, in render
    return self._render(context)
  File "C:\Users\pavel\PycharmProjects\ProjectLab5\.venv\lib\site-packages\django\template\base.py", line 167, in _render
    return self.nodelist.render(context)
  File "C:\Users\pavel\PycharmProjects\ProjectLab5\.venv\lib\site-packages\django\template\base.py", line 1005, in render
    return SafeString("".join([node.render_annotated(context) for node in self]))
  File "C:\Users\pavel\PycharmProjects\ProjectLab5\.venv\lib\site-packages\django\template\base.py", line 1005, in <listcomp>
    return SafeString("".join([node.render_annotated(context) for node in self]))
  File "C:\Users\pavel\PycharmProjects\ProjectLab5\.venv\lib\site-packages\django\template\base.py", line 966, in render_annotated
    return self.render(context)
  File "C:\Users\pavel\PycharmProjects\ProjectLab5\.venv\lib\site-packages\django\template\defaulttags.py", line 321, in render
    return nodelist.render(context)
  File "C:\Users\pavel\PycharmProjects\ProjectLab5\.venv\lib\site-packages\django\template\base.py", line 1005, in render
    return SafeString("".join([node.render_annotated(context) for node in self]))
  File "C:\Users\pavel\PycharmProjects\ProjectLab5\.venv\lib\site-packages\django\template\base.py", line 1005, in <listcomp>
    return SafeString("".join([node.render_annotated(context) for node in self]))
  File "C:\Users\pavel\PycharmProjects\ProjectLab5\.venv\lib\site-packages\django\template\base.py", line 966, in render_annotated
    return self.render(context)
  File "C:\Users\pavel\PycharmProjects\ProjectLab5\.venv\lib\site-packages\django\template\defaulttags.py", line 471, in render
    url = reverse(view_name, args=args, kwargs=kwargs, current_app=current_app)
  File "C:\Users\pavel\PycharmProjects\ProjectLab5\.venv\lib\site-packages\django\urls\base.py", line 88, in reverse
    return resolver._reverse_with_prefix(view, prefix, *args, **kwargs)
  File "C:\Users\pavel\PycharmProjects\ProjectLab5\.venv\lib\site-packages\django\urls\resolvers.py", line 828, in _reverse_with_prefix
    raise NoReverseMatch(msg)
django.urls.exceptions.NoReverseMatch: Reverse for 'car_buy' not found. 'car_buy' is not a valid view function or pattern name.
[2025-05-14 23:16:50,676] ERROR [django.server] "GET /car_list/1/ HTTP/1.1" 500 141633
[2025-05-14 23:17:06,352] INFO [django.server] "GET /car_list/1/ HTTP/1.1" 200 908
[2025-05-14 23:17:07,744] ERROR [django.request] Internal Server Error: /car_list/1/buy_car
Traceback (most recent call last):
  File "C:\Users\pavel\PycharmProjects\ProjectLab5\.venv\lib\site-packages\django\core\handlers\exception.py", line 55, in inner
    response = get_response(request)
  File "C:\Users\pavel\PycharmProjects\ProjectLab5\.venv\lib\site-packages\django\core\handlers\base.py", line 197, in _get_response
    response = wrapped_callback(request, *callback_args, **callback_kwargs)
  File "C:\Users\pavel\PycharmProjects\ProjectLab5\.venv\lib\site-packages\django\contrib\auth\decorators.py", line 23, in _wrapper_view
    return view_func(request, *args, **kwargs)
  File "C:\Users\pavel\PycharmProjects\ProjectLab5\AutoSalon\salon\views.py", line 188, in car_buy
    return render(request, 'salon/buy_car.html', {'car': car})
  File "C:\Users\pavel\PycharmProjects\ProjectLab5\.venv\lib\site-packages\django\shortcuts.py", line 24, in render
    content = loader.render_to_string(template_name, context, request, using=using)
  File "C:\Users\pavel\PycharmProjects\ProjectLab5\.venv\lib\site-packages\django\template\loader.py", line 62, in render_to_string
    return template.render(context, request)
  File "C:\Users\pavel\PycharmProjects\ProjectLab5\.venv\lib\site-packages\django\template\backends\django.py", line 61, in render
    return self.template.render(context)
  File "C:\Users\pavel\PycharmProjects\ProjectLab5\.venv\lib\site-packages\django\template\base.py", line 175, in render
    return self._render(context)
  File "C:\Users\pavel\PycharmProjects\ProjectLab5\.venv\lib\site-packages\django\template\base.py", line 167, in _render
    return self.nodelist.render(context)
  File "C:\Users\pavel\PycharmProjects\ProjectLab5\.venv\lib\site-packages\django\template\base.py", line 1005, in render
    return SafeString("".join([node.render_annotated(context) for node in self]))
  File "C:\Users\pavel\PycharmProjects\ProjectLab5\.venv\lib\site-packages\django\template\base.py", line 1005, in <listcomp>
    return SafeString("".join([node.render_annotated(context) for node in self]))
  File "C:\Users\pavel\PycharmProjects\ProjectLab5\.venv\lib\site-packages\django\template\base.py", line 966, in render_annotated
    return self.render(context)
  File "C:\Users\pavel\PycharmProjects\ProjectLab5\.venv\lib\site-packages\django\template\defaulttags.py", line 321, in render
    return nodelist.render(context)
  File "C:\Users\pavel\PycharmProjects\ProjectLab5\.venv\lib\site-packages\django\template\base.py", line 1005, in render
    return SafeString("".join([node.render_annotated(context) for node in self]))
  File "C:\Users\pavel\PycharmProjects\ProjectLab5\.venv\lib\site-packages\django\template\base.py", line 1005, in <listcomp>
    return SafeString("".join([node.render_annotated(context) for node in self]))
  File "C:\Users\pavel\PycharmProjects\ProjectLab5\.venv\lib\site-packages\django\template\base.py", line 966, in render_annotated
    return self.render(context)
  File "C:\Users\pavel\PycharmProjects\ProjectLab5\.venv\lib\site-packages\django\template\defaulttags.py", line 471, in render
    url = reverse(view_name, args=args, kwargs=kwargs, current_app=current_app)
  File "C:\Users\pavel\PycharmProjects\ProjectLab5\.venv\lib\site-packages\django\urls\base.py", line 88, in reverse
    return resolver._reverse_with_prefix(view, prefix, *args, **kwargs)
  File "C:\Users\pavel\PycharmProjects\ProjectLab5\.venv\lib\site-packages\django\urls\resolvers.py", line 828, in _reverse_with_prefix
    raise NoReverseMatch(msg)
django.urls.exceptions.NoReverseMatch: Reverse for 'car_buy' not found. 'car_buy' is not a valid view function or pattern name.
[2025-05-14 23:17:07,745] ERROR [django.server] "GET /car_list/1/buy_car HTTP/1.1" 500 145855
[2025-05-14 23:17:18,348] INFO [django.utils.autoreload] Watching for file changes with StatReloader
[2025-05-14 23:17:20,055] INFO [salon.views] Timezone: Europe/Moscow
[2025-05-14 23:17:20,278] INFO [django.server] "GET / HTTP/1.1" 200 4009
[2025-05-14 23:17:22,221] INFO [django.server] "GET /car_list HTTP/1.1" 200 765
[2025-05-14 23:17:24,100] INFO [django.server] "GET /car_list/1/ HTTP/1.1" 200 908
[2025-05-14 23:17:24,843] ERROR [django.request] Internal Server Error: /car_list/1/buy_car
Traceback (most recent call last):
  File "C:\Users\pavel\PycharmProjects\ProjectLab5\.venv\lib\site-packages\django\core\handlers\exception.py", line 55, in inner
    response = get_response(request)
  File "C:\Users\pavel\PycharmProjects\ProjectLab5\.venv\lib\site-packages\django\core\handlers\base.py", line 197, in _get_response
    response = wrapped_callback(request, *callback_args, **callback_kwargs)
  File "C:\Users\pavel\PycharmProjects\ProjectLab5\.venv\lib\site-packages\django\contrib\auth\decorators.py", line 23, in _wrapper_view
    return view_func(request, *args, **kwargs)
  File "C:\Users\pavel\PycharmProjects\ProjectLab5\AutoSalon\salon\views.py", line 188, in car_buy
    return render(request, 'salon/buy_car.html', {'car': car})
  File "C:\Users\pavel\PycharmProjects\ProjectLab5\.venv\lib\site-packages\django\shortcuts.py", line 24, in render
    content = loader.render_to_string(template_name, context, request, using=using)
  File "C:\Users\pavel\PycharmProjects\ProjectLab5\.venv\lib\site-packages\django\template\loader.py", line 62, in render_to_string
    return template.render(context, request)
  File "C:\Users\pavel\PycharmProjects\ProjectLab5\.venv\lib\site-packages\django\template\backends\django.py", line 61, in render
    return self.template.render(context)
  File "C:\Users\pavel\PycharmProjects\ProjectLab5\.venv\lib\site-packages\django\template\base.py", line 175, in render
    return self._render(context)
  File "C:\Users\pavel\PycharmProjects\ProjectLab5\.venv\lib\site-packages\django\template\base.py", line 167, in _render
    return self.nodelist.render(context)
  File "C:\Users\pavel\PycharmProjects\ProjectLab5\.venv\lib\site-packages\django\template\base.py", line 1005, in render
    return SafeString("".join([node.render_annotated(context) for node in self]))
  File "C:\Users\pavel\PycharmProjects\ProjectLab5\.venv\lib\site-packages\django\template\base.py", line 1005, in <listcomp>
    return SafeString("".join([node.render_annotated(context) for node in self]))
  File "C:\Users\pavel\PycharmProjects\ProjectLab5\.venv\lib\site-packages\django\template\base.py", line 966, in render_annotated
    return self.render(context)
  File "C:\Users\pavel\PycharmProjects\ProjectLab5\.venv\lib\site-packages\django\template\defaulttags.py", line 321, in render
    return nodelist.render(context)
  File "C:\Users\pavel\PycharmProjects\ProjectLab5\.venv\lib\site-packages\django\template\base.py", line 1005, in render
    return SafeString("".join([node.render_annotated(context) for node in self]))
  File "C:\Users\pavel\PycharmProjects\ProjectLab5\.venv\lib\site-packages\django\template\base.py", line 1005, in <listcomp>
    return SafeString("".join([node.render_annotated(context) for node in self]))
  File "C:\Users\pavel\PycharmProjects\ProjectLab5\.venv\lib\site-packages\django\template\base.py", line 966, in render_annotated
    return self.render(context)
  File "C:\Users\pavel\PycharmProjects\ProjectLab5\.venv\lib\site-packages\django\template\defaulttags.py", line 471, in render
    url = reverse(view_name, args=args, kwargs=kwargs, current_app=current_app)
  File "C:\Users\pavel\PycharmProjects\ProjectLab5\.venv\lib\site-packages\django\urls\base.py", line 88, in reverse
    return resolver._reverse_with_prefix(view, prefix, *args, **kwargs)
  File "C:\Users\pavel\PycharmProjects\ProjectLab5\.venv\lib\site-packages\django\urls\resolvers.py", line 828, in _reverse_with_prefix
    raise NoReverseMatch(msg)
django.urls.exceptions.NoReverseMatch: Reverse for 'car_buy' not found. 'car_buy' is not a valid view function or pattern name.
[2025-05-14 23:17:24,845] ERROR [django.server] "GET /car_list/1/buy_car HTTP/1.1" 500 145855
[2025-05-14 23:18:05,374] ERROR [django.request] Internal Server Error: /car_list/1/buy_car
Traceback (most recent call last):
  File "C:\Users\pavel\PycharmProjects\ProjectLab5\.venv\lib\site-packages\django\core\handlers\exception.py", line 55, in inner
    response = get_response(request)
  File "C:\Users\pavel\PycharmProjects\ProjectLab5\.venv\lib\site-packages\django\core\handlers\base.py", line 197, in _get_response
    response = wrapped_callback(request, *callback_args, **callback_kwargs)
  File "C:\Users\pavel\PycharmProjects\ProjectLab5\.venv\lib\site-packages\django\contrib\auth\decorators.py", line 23, in _wrapper_view
    return view_func(request, *args, **kwargs)
  File "C:\Users\pavel\PycharmProjects\ProjectLab5\AutoSalon\salon\views.py", line 188, in car_buy
    return render(request, 'salon/buy_car.html', {'car': car})
  File "C:\Users\pavel\PycharmProjects\ProjectLab5\.venv\lib\site-packages\django\shortcuts.py", line 24, in render
    content = loader.render_to_string(template_name, context, request, using=using)
  File "C:\Users\pavel\PycharmProjects\ProjectLab5\.venv\lib\site-packages\django\template\loader.py", line 62, in render_to_string
    return template.render(context, request)
  File "C:\Users\pavel\PycharmProjects\ProjectLab5\.venv\lib\site-packages\django\template\backends\django.py", line 61, in render
    return self.template.render(context)
  File "C:\Users\pavel\PycharmProjects\ProjectLab5\.venv\lib\site-packages\django\template\base.py", line 175, in render
    return self._render(context)
  File "C:\Users\pavel\PycharmProjects\ProjectLab5\.venv\lib\site-packages\django\template\base.py", line 167, in _render
    return self.nodelist.render(context)
  File "C:\Users\pavel\PycharmProjects\ProjectLab5\.venv\lib\site-packages\django\template\base.py", line 1005, in render
    return SafeString("".join([node.render_annotated(context) for node in self]))
  File "C:\Users\pavel\PycharmProjects\ProjectLab5\.venv\lib\site-packages\django\template\base.py", line 1005, in <listcomp>
    return SafeString("".join([node.render_annotated(context) for node in self]))
  File "C:\Users\pavel\PycharmProjects\ProjectLab5\.venv\lib\site-packages\django\template\base.py", line 966, in render_annotated
    return self.render(context)
  File "C:\Users\pavel\PycharmProjects\ProjectLab5\.venv\lib\site-packages\django\template\defaulttags.py", line 321, in render
    return nodelist.render(context)
  File "C:\Users\pavel\PycharmProjects\ProjectLab5\.venv\lib\site-packages\django\template\base.py", line 1005, in render
    return SafeString("".join([node.render_annotated(context) for node in self]))
  File "C:\Users\pavel\PycharmProjects\ProjectLab5\.venv\lib\site-packages\django\template\base.py", line 1005, in <listcomp>
    return SafeString("".join([node.render_annotated(context) for node in self]))
  File "C:\Users\pavel\PycharmProjects\ProjectLab5\.venv\lib\site-packages\django\template\base.py", line 966, in render_annotated
    return self.render(context)
  File "C:\Users\pavel\PycharmProjects\ProjectLab5\.venv\lib\site-packages\django\template\defaulttags.py", line 471, in render
    url = reverse(view_name, args=args, kwargs=kwargs, current_app=current_app)
  File "C:\Users\pavel\PycharmProjects\ProjectLab5\.venv\lib\site-packages\django\urls\base.py", line 88, in reverse
    return resolver._reverse_with_prefix(view, prefix, *args, **kwargs)
  File "C:\Users\pavel\PycharmProjects\ProjectLab5\.venv\lib\site-packages\django\urls\resolvers.py", line 828, in _reverse_with_prefix
    raise NoReverseMatch(msg)
django.urls.exceptions.NoReverseMatch: Reverse for 'car_buy' not found. 'car_buy' is not a valid view function or pattern name.
[2025-05-14 23:18:05,375] ERROR [django.server] "GET /car_list/1/buy_car HTTP/1.1" 500 145992
[2025-05-14 23:18:06,171] ERROR [django.request] Internal Server Error: /car_list/1/buy_car
Traceback (most recent call last):
  File "C:\Users\pavel\PycharmProjects\ProjectLab5\.venv\lib\site-packages\django\core\handlers\exception.py", line 55, in inner
    response = get_response(request)
  File "C:\Users\pavel\PycharmProjects\ProjectLab5\.venv\lib\site-packages\django\core\handlers\base.py", line 197, in _get_response
    response = wrapped_callback(request, *callback_args, **callback_kwargs)
  File "C:\Users\pavel\PycharmProjects\ProjectLab5\.venv\lib\site-packages\django\contrib\auth\decorators.py", line 23, in _wrapper_view
    return view_func(request, *args, **kwargs)
  File "C:\Users\pavel\PycharmProjects\ProjectLab5\AutoSalon\salon\views.py", line 188, in car_buy
    return render(request, 'salon/buy_car.html', {'car': car})
  File "C:\Users\pavel\PycharmProjects\ProjectLab5\.venv\lib\site-packages\django\shortcuts.py", line 24, in render
    content = loader.render_to_string(template_name, context, request, using=using)
  File "C:\Users\pavel\PycharmProjects\ProjectLab5\.venv\lib\site-packages\django\template\loader.py", line 62, in render_to_string
    return template.render(context, request)
  File "C:\Users\pavel\PycharmProjects\ProjectLab5\.venv\lib\site-packages\django\template\backends\django.py", line 61, in render
    return self.template.render(context)
  File "C:\Users\pavel\PycharmProjects\ProjectLab5\.venv\lib\site-packages\django\template\base.py", line 175, in render
    return self._render(context)
  File "C:\Users\pavel\PycharmProjects\ProjectLab5\.venv\lib\site-packages\django\template\base.py", line 167, in _render
    return self.nodelist.render(context)
  File "C:\Users\pavel\PycharmProjects\ProjectLab5\.venv\lib\site-packages\django\template\base.py", line 1005, in render
    return SafeString("".join([node.render_annotated(context) for node in self]))
  File "C:\Users\pavel\PycharmProjects\ProjectLab5\.venv\lib\site-packages\django\template\base.py", line 1005, in <listcomp>
    return SafeString("".join([node.render_annotated(context) for node in self]))
  File "C:\Users\pavel\PycharmProjects\ProjectLab5\.venv\lib\site-packages\django\template\base.py", line 966, in render_annotated
    return self.render(context)
  File "C:\Users\pavel\PycharmProjects\ProjectLab5\.venv\lib\site-packages\django\template\defaulttags.py", line 321, in render
    return nodelist.render(context)
  File "C:\Users\pavel\PycharmProjects\ProjectLab5\.venv\lib\site-packages\django\template\base.py", line 1005, in render
    return SafeString("".join([node.render_annotated(context) for node in self]))
  File "C:\Users\pavel\PycharmProjects\ProjectLab5\.venv\lib\site-packages\django\template\base.py", line 1005, in <listcomp>
    return SafeString("".join([node.render_annotated(context) for node in self]))
  File "C:\Users\pavel\PycharmProjects\ProjectLab5\.venv\lib\site-packages\django\template\base.py", line 966, in render_annotated
    return self.render(context)
  File "C:\Users\pavel\PycharmProjects\ProjectLab5\.venv\lib\site-packages\django\template\defaulttags.py", line 471, in render
    url = reverse(view_name, args=args, kwargs=kwargs, current_app=current_app)
  File "C:\Users\pavel\PycharmProjects\ProjectLab5\.venv\lib\site-packages\django\urls\base.py", line 88, in reverse
    return resolver._reverse_with_prefix(view, prefix, *args, **kwargs)
  File "C:\Users\pavel\PycharmProjects\ProjectLab5\.venv\lib\site-packages\django\urls\resolvers.py", line 828, in _reverse_with_prefix
    raise NoReverseMatch(msg)
django.urls.exceptions.NoReverseMatch: Reverse for 'car_buy' not found. 'car_buy' is not a valid view function or pattern name.
[2025-05-14 23:18:06,172] ERROR [django.server] "GET /car_list/1/buy_car HTTP/1.1" 500 145992
[2025-05-14 23:18:08,236] ERROR [django.request] Internal Server Error: /car_list/1/buy_car
Traceback (most recent call last):
  File "C:\Users\pavel\PycharmProjects\ProjectLab5\.venv\lib\site-packages\django\core\handlers\exception.py", line 55, in inner
    response = get_response(request)
  File "C:\Users\pavel\PycharmProjects\ProjectLab5\.venv\lib\site-packages\django\core\handlers\base.py", line 197, in _get_response
    response = wrapped_callback(request, *callback_args, **callback_kwargs)
  File "C:\Users\pavel\PycharmProjects\ProjectLab5\.venv\lib\site-packages\django\contrib\auth\decorators.py", line 23, in _wrapper_view
    return view_func(request, *args, **kwargs)
  File "C:\Users\pavel\PycharmProjects\ProjectLab5\AutoSalon\salon\views.py", line 188, in car_buy
    return render(request, 'salon/buy_car.html', {'car': car})
  File "C:\Users\pavel\PycharmProjects\ProjectLab5\.venv\lib\site-packages\django\shortcuts.py", line 24, in render
    content = loader.render_to_string(template_name, context, request, using=using)
  File "C:\Users\pavel\PycharmProjects\ProjectLab5\.venv\lib\site-packages\django\template\loader.py", line 62, in render_to_string
    return template.render(context, request)
  File "C:\Users\pavel\PycharmProjects\ProjectLab5\.venv\lib\site-packages\django\template\backends\django.py", line 61, in render
    return self.template.render(context)
  File "C:\Users\pavel\PycharmProjects\ProjectLab5\.venv\lib\site-packages\django\template\base.py", line 175, in render
    return self._render(context)
  File "C:\Users\pavel\PycharmProjects\ProjectLab5\.venv\lib\site-packages\django\template\base.py", line 167, in _render
    return self.nodelist.render(context)
  File "C:\Users\pavel\PycharmProjects\ProjectLab5\.venv\lib\site-packages\django\template\base.py", line 1005, in render
    return SafeString("".join([node.render_annotated(context) for node in self]))
  File "C:\Users\pavel\PycharmProjects\ProjectLab5\.venv\lib\site-packages\django\template\base.py", line 1005, in <listcomp>
    return SafeString("".join([node.render_annotated(context) for node in self]))
  File "C:\Users\pavel\PycharmProjects\ProjectLab5\.venv\lib\site-packages\django\template\base.py", line 966, in render_annotated
    return self.render(context)
  File "C:\Users\pavel\PycharmProjects\ProjectLab5\.venv\lib\site-packages\django\template\defaulttags.py", line 321, in render
    return nodelist.render(context)
  File "C:\Users\pavel\PycharmProjects\ProjectLab5\.venv\lib\site-packages\django\template\base.py", line 1005, in render
    return SafeString("".join([node.render_annotated(context) for node in self]))
  File "C:\Users\pavel\PycharmProjects\ProjectLab5\.venv\lib\site-packages\django\template\base.py", line 1005, in <listcomp>
    return SafeString("".join([node.render_annotated(context) for node in self]))
  File "C:\Users\pavel\PycharmProjects\ProjectLab5\.venv\lib\site-packages\django\template\base.py", line 966, in render_annotated
    return self.render(context)
  File "C:\Users\pavel\PycharmProjects\ProjectLab5\.venv\lib\site-packages\django\template\defaulttags.py", line 471, in render
    url = reverse(view_name, args=args, kwargs=kwargs, current_app=current_app)
  File "C:\Users\pavel\PycharmProjects\ProjectLab5\.venv\lib\site-packages\django\urls\base.py", line 88, in reverse
    return resolver._reverse_with_prefix(view, prefix, *args, **kwargs)
  File "C:\Users\pavel\PycharmProjects\ProjectLab5\.venv\lib\site-packages\django\urls\resolvers.py", line 828, in _reverse_with_prefix
    raise NoReverseMatch(msg)
django.urls.exceptions.NoReverseMatch: Reverse for 'car_buy' not found. 'car_buy' is not a valid view function or pattern name.
[2025-05-14 23:18:08,237] ERROR [django.server] "GET /car_list/1/buy_car HTTP/1.1" 500 145855
[2025-05-14 23:19:08,635] INFO [django.server] "GET /car_list/1/buy_car HTTP/1.1" 200 1288
[2025-05-14 23:19:10,610] ERROR [django.request] Internal Server Error: /car_list/1/buy_car
Traceback (most recent call last):
  File "C:\Users\pavel\PycharmProjects\ProjectLab5\.venv\lib\site-packages\django\core\handlers\exception.py", line 55, in inner
    response = get_response(request)
  File "C:\Users\pavel\PycharmProjects\ProjectLab5\.venv\lib\site-packages\django\core\handlers\base.py", line 197, in _get_response
    response = wrapped_callback(request, *callback_args, **callback_kwargs)
  File "C:\Users\pavel\PycharmProjects\ProjectLab5\.venv\lib\site-packages\django\contrib\auth\decorators.py", line 23, in _wrapper_view
    return view_func(request, *args, **kwargs)
  File "C:\Users\pavel\PycharmProjects\ProjectLab5\AutoSalon\salon\views.py", line 186, in car_buy
    return redirect('purchase_success', car_id=car.id)
  File "C:\Users\pavel\PycharmProjects\ProjectLab5\.venv\lib\site-packages\django\shortcuts.py", line 48, in redirect
    return redirect_class(resolve_url(to, *args, **kwargs))
  File "C:\Users\pavel\PycharmProjects\ProjectLab5\.venv\lib\site-packages\django\shortcuts.py", line 145, in resolve_url
    return reverse(to, args=args, kwargs=kwargs)
  File "C:\Users\pavel\PycharmProjects\ProjectLab5\.venv\lib\site-packages\django\urls\base.py", line 88, in reverse
    return resolver._reverse_with_prefix(view, prefix, *args, **kwargs)
  File "C:\Users\pavel\PycharmProjects\ProjectLab5\.venv\lib\site-packages\django\urls\resolvers.py", line 828, in _reverse_with_prefix
    raise NoReverseMatch(msg)
django.urls.exceptions.NoReverseMatch: Reverse for 'purchase_success' not found. 'purchase_success' is not a valid view function or pattern name.
[2025-05-14 23:19:10,611] ERROR [django.server] "POST /car_list/1/buy_car HTTP/1.1" 500 94677
[2025-05-14 23:19:45,375] INFO [django.utils.autoreload] C:\Users\pavel\PycharmProjects\ProjectLab5\AutoSalon\salon\views.py changed, reloading.
[2025-05-14 23:19:45,746] INFO [django.utils.autoreload] Watching for file changes with StatReloader
[2025-05-14 23:19:46,232] INFO [django.server] "POST /car_list/1/buy_car HTTP/1.1" 302 0
[2025-05-14 23:19:46,245] INFO [django.server] "GET /car_list HTTP/1.1" 200 765
[2025-05-14 23:19:48,087] INFO [django.server] "GET /car_list/1/ HTTP/1.1" 200 908
[2025-05-14 23:19:48,935] INFO [django.server] "GET /car_list/1/buy_car HTTP/1.1" 200 1288
[2025-05-14 23:19:49,767] INFO [django.server] "POST /car_list/1/buy_car HTTP/1.1" 302 0
[2025-05-14 23:19:49,775] INFO [django.server] "GET /car_list HTTP/1.1" 200 765
[2025-05-14 23:23:39,897] INFO [django.server] "GET /admin/ HTTP/1.1" 302 0
[2025-05-14 23:23:39,978] INFO [django.server] "GET /admin/login/?next=/admin/ HTTP/1.1" 200 4541
[2025-05-14 23:23:40,117] INFO [django.server] "GET /static/admin/css/nav_sidebar.css HTTP/1.1" 304 0
[2025-05-14 23:23:40,117] INFO [django.server] "GET /static/admin/css/base.css HTTP/1.1" 304 0
[2025-05-14 23:23:40,117] INFO [django.server] "GET /static/admin/css/dark_mode.css HTTP/1.1" 304 0
[2025-05-14 23:23:40,133] INFO [django.server] "GET /static/admin/css/responsive.css HTTP/1.1" 304 0
[2025-05-14 23:23:40,133] INFO [django.server] "GET /static/admin/js/theme.js HTTP/1.1" 304 0
[2025-05-14 23:23:40,149] INFO [django.server] "GET /static/admin/js/nav_sidebar.js HTTP/1.1" 304 0
[2025-05-14 23:23:40,442] INFO [django.server] "GET /static/admin/css/login.css HTTP/1.1" 200 958
[2025-05-14 23:23:40,442] INFO [django.server] "GET /static/admin/img/icon-yes.svg HTTP/1.1" 304 0
[2025-05-14 23:23:40,709] INFO [django.server] "GET /admin HTTP/1.1" 301 0
[2025-05-14 23:23:40,715] INFO [django.server] "GET /admin/ HTTP/1.1" 302 0
[2025-05-14 23:23:40,715] INFO [django.server] "GET /admin/login/?next=/admin/ HTTP/1.1" 200 3704
[2025-05-14 23:23:45,068] INFO [django.server] "GET /admin/ HTTP/1.1" 302 0
[2025-05-14 23:23:45,080] INFO [django.server] "GET /admin/login/?next=/admin/ HTTP/1.1" 200 3704
[2025-05-14 23:23:46,324] INFO [salon.views] Timezone: Europe/Moscow
[2025-05-14 23:23:46,474] INFO [django.server] "GET / HTTP/1.1" 200 4009
[2025-05-14 23:23:51,026] INFO [django.server] "GET /logout HTTP/1.1" 302 0
[2025-05-14 23:23:51,032] INFO [salon.views] Timezone: Europe/Moscow
[2025-05-14 23:23:51,173] INFO [django.server] "GET /home HTTP/1.1" 200 4015
[2025-05-14 23:23:53,805] INFO [django.server] "GET /register HTTP/1.1" 200 2453
[2025-05-14 23:24:17,502] INFO [django.server] "POST /register HTTP/1.1" 200 2642
[2025-05-14 23:24:37,453] INFO [django.server] "POST /register HTTP/1.1" 302 0
[2025-05-14 23:24:37,456] INFO [salon.views] Timezone: Europe/Moscow
[2025-05-14 23:24:37,591] INFO [django.server] "GET /home HTTP/1.1" 200 4015
[2025-05-14 23:24:40,568] INFO [django.server] "GET /login HTTP/1.1" 200 1229
[2025-05-14 23:24:50,404] INFO [django.server] "POST /login HTTP/1.1" 302 0
[2025-05-14 23:24:50,410] INFO [salon.views] Timezone: Europe/Moscow
[2025-05-14 23:24:50,629] INFO [django.server] "GET /home HTTP/1.1" 200 4010
[2025-05-14 23:24:53,707] INFO [django.server] "GET /car_list HTTP/1.1" 200 765
[2025-05-14 23:24:53,741] INFO [django.server] "GET /media/car_photos/bentley.jpg HTTP/1.1" 200 8854
[2025-05-14 23:24:55,588] INFO [django.server] "GET /car_list/1/ HTTP/1.1" 200 908
[2025-05-14 23:24:56,567] ERROR [django.request] Internal Server Error: /car_list/1/buy_car
Traceback (most recent call last):
  File "C:\Users\pavel\PycharmProjects\ProjectLab5\.venv\lib\site-packages\django\db\models\query.py", line 916, in get_or_create
    return self.get(**kwargs), False
  File "C:\Users\pavel\PycharmProjects\ProjectLab5\.venv\lib\site-packages\django\db\models\query.py", line 637, in get
    raise self.model.DoesNotExist(
salon.models.Buyer.DoesNotExist: Buyer matching query does not exist.

During handling of the above exception, another exception occurred:

Traceback (most recent call last):
  File "C:\Users\pavel\PycharmProjects\ProjectLab5\.venv\lib\site-packages\django\db\backends\utils.py", line 89, in _execute
    return self.cursor.execute(sql, params)
  File "C:\Users\pavel\PycharmProjects\ProjectLab5\.venv\lib\site-packages\django\db\backends\sqlite3\base.py", line 328, in execute
    return super().execute(query, params)
sqlite3.IntegrityError: UNIQUE constraint failed: salon_buyer.email_admin

The above exception was the direct cause of the following exception:

Traceback (most recent call last):
  File "C:\Users\pavel\PycharmProjects\ProjectLab5\.venv\lib\site-packages\django\core\handlers\exception.py", line 55, in inner
    response = get_response(request)
  File "C:\Users\pavel\PycharmProjects\ProjectLab5\.venv\lib\site-packages\django\core\handlers\base.py", line 197, in _get_response
    response = wrapped_callback(request, *callback_args, **callback_kwargs)
  File "C:\Users\pavel\PycharmProjects\ProjectLab5\.venv\lib\site-packages\django\contrib\auth\decorators.py", line 23, in _wrapper_view
    return view_func(request, *args, **kwargs)
  File "C:\Users\pavel\PycharmProjects\ProjectLab5\AutoSalon\salon\views.py", line 181, in car_buy
    buyer, created = Buyer.objects.get_or_create(user=request.user)
  File "C:\Users\pavel\PycharmProjects\ProjectLab5\.venv\lib\site-packages\django\db\models\manager.py", line 87, in manager_method
    return getattr(self.get_queryset(), name)(*args, **kwargs)
  File "C:\Users\pavel\PycharmProjects\ProjectLab5\.venv\lib\site-packages\django\db\models\query.py", line 923, in get_or_create
    return self.create(**params), True
  File "C:\Users\pavel\PycharmProjects\ProjectLab5\.venv\lib\site-packages\django\db\models\query.py", line 658, in create
    obj.save(force_insert=True, using=self.db)
  File "C:\Users\pavel\PycharmProjects\ProjectLab5\.venv\lib\site-packages\django\db\models\base.py", line 814, in save
    self.save_base(
  File "C:\Users\pavel\PycharmProjects\ProjectLab5\.venv\lib\site-packages\django\db\models\base.py", line 877, in save_base
    updated = self._save_table(
  File "C:\Users\pavel\PycharmProjects\ProjectLab5\.venv\lib\site-packages\django\db\models\base.py", line 1020, in _save_table
    results = self._do_insert(
  File "C:\Users\pavel\PycharmProjects\ProjectLab5\.venv\lib\site-packages\django\db\models\base.py", line 1061, in _do_insert
    return manager._insert(
  File "C:\Users\pavel\PycharmProjects\ProjectLab5\.venv\lib\site-packages\django\db\models\manager.py", line 87, in manager_method
    return getattr(self.get_queryset(), name)(*args, **kwargs)
  File "C:\Users\pavel\PycharmProjects\ProjectLab5\.venv\lib\site-packages\django\db\models\query.py", line 1805, in _insert
    return query.get_compiler(using=using).execute_sql(returning_fields)
  File "C:\Users\pavel\PycharmProjects\ProjectLab5\.venv\lib\site-packages\django\db\models\sql\compiler.py", line 1822, in execute_sql
    cursor.execute(sql, params)
  File "C:\Users\pavel\PycharmProjects\ProjectLab5\.venv\lib\site-packages\django\db\backends\utils.py", line 102, in execute
    return super().execute(sql, params)
  File "C:\Users\pavel\PycharmProjects\ProjectLab5\.venv\lib\site-packages\django\db\backends\utils.py", line 67, in execute
    return self._execute_with_wrappers(
  File "C:\Users\pavel\PycharmProjects\ProjectLab5\.venv\lib\site-packages\django\db\backends\utils.py", line 80, in _execute_with_wrappers
    return executor(sql, params, many, context)
  File "C:\Users\pavel\PycharmProjects\ProjectLab5\.venv\lib\site-packages\django\db\backends\utils.py", line 89, in _execute
    return self.cursor.execute(sql, params)
  File "C:\Users\pavel\PycharmProjects\ProjectLab5\.venv\lib\site-packages\django\db\utils.py", line 91, in __exit__
    raise dj_exc_value.with_traceback(traceback) from exc_value
  File "C:\Users\pavel\PycharmProjects\ProjectLab5\.venv\lib\site-packages\django\db\backends\utils.py", line 89, in _execute
    return self.cursor.execute(sql, params)
  File "C:\Users\pavel\PycharmProjects\ProjectLab5\.venv\lib\site-packages\django\db\backends\sqlite3\base.py", line 328, in execute
    return super().execute(query, params)
django.db.utils.IntegrityError: UNIQUE constraint failed: salon_buyer.email_admin
[2025-05-14 23:24:56,571] ERROR [django.server] "GET /car_list/1/buy_car HTTP/1.1" 500 174992
[2025-05-14 23:40:39,197] INFO [django.utils.autoreload] Watching for file changes with StatReloader
[2025-05-14 23:40:40,490] INFO [salon.views] Timezone: Europe/Moscow
[2025-05-14 23:40:40,669] INFO [django.server] "GET / HTTP/1.1" 200 4023
[2025-05-14 23:40:41,690] WARNING [django.request] Not Found: /favicon.ico
[2025-05-14 23:40:41,690] WARNING [django.server] "GET /favicon.ico HTTP/1.1" 404 5483
[2025-05-14 23:40:42,640] INFO [django.server] "GET /car_list HTTP/1.1" 200 765
[2025-05-14 23:40:44,382] INFO [django.server] "GET /car_list/1/ HTTP/1.1" 200 908
[2025-05-14 23:40:45,520] INFO [django.server] "GET /car_list/1/buy_car HTTP/1.1" 200 2151
[2025-05-14 23:41:25,968] INFO [django.utils.autoreload] C:\Users\pavel\PycharmProjects\ProjectLab5\AutoSalon\salon\views.py changed, reloading.
[2025-05-14 23:41:26,363] INFO [django.utils.autoreload] Watching for file changes with StatReloader
[2025-05-14 23:41:49,246] INFO [django.utils.autoreload] C:\Users\pavel\PycharmProjects\ProjectLab5\AutoSalon\salon\views.py changed, reloading.
[2025-05-14 23:41:49,673] INFO [django.utils.autoreload] Watching for file changes with StatReloader
[2025-05-14 23:43:46,129] INFO [django.utils.autoreload] C:\Users\pavel\PycharmProjects\ProjectLab5\AutoSalon\salon\views.py changed, reloading.
[2025-05-14 23:43:46,500] INFO [django.utils.autoreload] Watching for file changes with StatReloader
[2025-05-14 23:44:24,521] INFO [django.utils.autoreload] C:\Users\pavel\PycharmProjects\ProjectLab5\AutoSalon\salon\views.py changed, reloading.
[2025-05-14 23:44:24,889] INFO [django.utils.autoreload] Watching for file changes with StatReloader
[2025-05-14 23:44:26,961] INFO [salon.views] Timezone: Europe/Moscow
[2025-05-14 23:44:27,270] INFO [django.server] "GET / HTTP/1.1" 200 4023
[2025-05-14 23:44:31,149] INFO [django.server] "GET /car_list HTTP/1.1" 200 765
[2025-05-14 23:44:32,488] INFO [django.server] "GET /car_list/1/ HTTP/1.1" 200 908
[2025-05-14 23:44:33,375] INFO [django.server] "GET /car_list/1/buy_car HTTP/1.1" 200 1934
[2025-05-14 23:44:37,133] ERROR [django.request] Internal Server Error: /car_list/1/buy_car
Traceback (most recent call last):
  File "C:\Users\pavel\PycharmProjects\ProjectLab5\.venv\lib\site-packages\django\core\handlers\exception.py", line 55, in inner
    response = get_response(request)
  File "C:\Users\pavel\PycharmProjects\ProjectLab5\.venv\lib\site-packages\django\core\handlers\base.py", line 197, in _get_response
    response = wrapped_callback(request, *callback_args, **callback_kwargs)
  File "C:\Users\pavel\PycharmProjects\ProjectLab5\.venv\lib\site-packages\django\contrib\auth\decorators.py", line 23, in _wrapper_view
    return view_func(request, *args, **kwargs)
  File "C:\Users\pavel\PycharmProjects\ProjectLab5\AutoSalon\salon\views.py", line 195, in car_buy
    return redirect('purchase_success', car_id=car.id)
  File "C:\Users\pavel\PycharmProjects\ProjectLab5\.venv\lib\site-packages\django\shortcuts.py", line 48, in redirect
    return redirect_class(resolve_url(to, *args, **kwargs))
  File "C:\Users\pavel\PycharmProjects\ProjectLab5\.venv\lib\site-packages\django\shortcuts.py", line 145, in resolve_url
    return reverse(to, args=args, kwargs=kwargs)
  File "C:\Users\pavel\PycharmProjects\ProjectLab5\.venv\lib\site-packages\django\urls\base.py", line 88, in reverse
    return resolver._reverse_with_prefix(view, prefix, *args, **kwargs)
  File "C:\Users\pavel\PycharmProjects\ProjectLab5\.venv\lib\site-packages\django\urls\resolvers.py", line 828, in _reverse_with_prefix
    raise NoReverseMatch(msg)
django.urls.exceptions.NoReverseMatch: Reverse for 'purchase_success' not found. 'purchase_success' is not a valid view function or pattern name.
[2025-05-14 23:44:37,136] ERROR [django.server] "POST /car_list/1/buy_car HTTP/1.1" 500 95563
[2025-05-14 23:45:30,271] INFO [django.utils.autoreload] C:\Users\pavel\PycharmProjects\ProjectLab5\AutoSalon\salon\views.py changed, reloading.
[2025-05-14 23:45:30,674] INFO [django.utils.autoreload] Watching for file changes with StatReloader
[2025-05-14 23:45:36,568] INFO [django.server] "POST /car_list/1/buy_car HTTP/1.1" 302 0
[2025-05-14 23:45:36,582] INFO [django.server] "GET /car_list HTTP/1.1" 200 765
[2025-05-14 23:45:38,876] INFO [django.server] "GET /car_list/1/ HTTP/1.1" 200 908
[2025-05-14 23:45:39,851] INFO [django.server] "GET /car_list/1/buy_car HTTP/1.1" 200 1934
[2025-05-14 23:45:41,338] INFO [django.server] "POST /car_list/1/buy_car HTTP/1.1" 302 0
[2025-05-14 23:45:41,351] INFO [django.server] "GET /car_list HTTP/1.1" 200 765
[2025-05-14 23:46:21,069] INFO [django.server] "GET /car_list/1/ HTTP/1.1" 200 908
[2025-05-14 23:46:21,918] INFO [django.server] "GET /car_list/1/buy_car HTTP/1.1" 200 1934
[2025-05-14 23:46:23,963] INFO [django.server] "POST /car_list/1/buy_car HTTP/1.1" 302 0
[2025-05-14 23:46:23,970] INFO [django.server] "GET /car_list HTTP/1.1" 200 765
[2025-05-14 23:48:34,217] INFO [django.utils.autoreload] C:\Users\pavel\PycharmProjects\ProjectLab5\AutoSalon\salon\views.py changed, reloading.
[2025-05-14 23:48:34,628] INFO [django.utils.autoreload] Watching for file changes with StatReloader
[2025-05-14 23:48:36,330] INFO [salon.views] Timezone: Europe/Moscow
[2025-05-14 23:48:36,502] INFO [django.server] "GET / HTTP/1.1" 200 4023
[2025-05-14 23:48:38,902] INFO [django.server] "GET /car_list HTTP/1.1" 200 765
[2025-05-14 23:48:39,104] INFO [django.server] "GET /media/car_photos/bentley.jpg HTTP/1.1" 200 8854
[2025-05-14 23:48:40,279] INFO [django.server] "GET /car_list/1/ HTTP/1.1" 200 908
[2025-05-14 23:48:41,082] ERROR [django.request] Internal Server Error: /car_list/1/buy_car
Traceback (most recent call last):
  File "C:\Users\pavel\PycharmProjects\ProjectLab5\.venv\lib\site-packages\django\core\handlers\exception.py", line 55, in inner
    response = get_response(request)
  File "C:\Users\pavel\PycharmProjects\ProjectLab5\.venv\lib\site-packages\django\core\handlers\base.py", line 197, in _get_response
    response = wrapped_callback(request, *callback_args, **callback_kwargs)
  File "C:\Users\pavel\PycharmProjects\ProjectLab5\.venv\lib\site-packages\django\contrib\auth\decorators.py", line 23, in _wrapper_view
    return view_func(request, *args, **kwargs)
  File "C:\Users\pavel\PycharmProjects\ProjectLab5\AutoSalon\salon\views.py", line 181, in car_buy
    buyer, created = Buyer.objects.create(user=request.user)
TypeError: cannot unpack non-iterable Buyer object
[2025-05-14 23:48:41,084] ERROR [django.server] "GET /car_list/1/buy_car HTTP/1.1" 500 75516
[2025-05-14 23:54:01,065] INFO [django.utils.autoreload] Watching for file changes with StatReloader
[2025-05-14 23:54:02,446] INFO [salon.views] Timezone: Europe/Moscow
[2025-05-14 23:54:02,640] INFO [django.server] "GET / HTTP/1.1" 200 4023
[2025-05-14 23:54:08,476] INFO [django.server] "GET /car_list HTTP/1.1" 200 765
[2025-05-14 23:54:09,848] INFO [django.server] "GET /car_list/1/ HTTP/1.1" 200 908
[2025-05-14 23:54:10,835] ERROR [django.request] Internal Server Error: /car_list/1/buy_car
Traceback (most recent call last):
  File "C:\Users\pavel\PycharmProjects\ProjectLab5\.venv\lib\site-packages\django\db\backends\utils.py", line 89, in _execute
    return self.cursor.execute(sql, params)
  File "C:\Users\pavel\PycharmProjects\ProjectLab5\.venv\lib\site-packages\django\db\backends\sqlite3\base.py", line 328, in execute
    return super().execute(query, params)
sqlite3.IntegrityError: UNIQUE constraint failed: salon_buyer.email_admin

The above exception was the direct cause of the following exception:

Traceback (most recent call last):
  File "C:\Users\pavel\PycharmProjects\ProjectLab5\.venv\lib\site-packages\django\core\handlers\exception.py", line 55, in inner
    response = get_response(request)
  File "C:\Users\pavel\PycharmProjects\ProjectLab5\.venv\lib\site-packages\django\core\handlers\base.py", line 197, in _get_response
    response = wrapped_callback(request, *callback_args, **callback_kwargs)
  File "C:\Users\pavel\PycharmProjects\ProjectLab5\.venv\lib\site-packages\django\contrib\auth\decorators.py", line 23, in _wrapper_view
    return view_func(request, *args, **kwargs)
  File "C:\Users\pavel\PycharmProjects\ProjectLab5\AutoSalon\salon\views.py", line 181, in car_buy
    buyer, created = Buyer.objects.create(user=request.user)
  File "C:\Users\pavel\PycharmProjects\ProjectLab5\.venv\lib\site-packages\django\db\models\manager.py", line 87, in manager_method
    return getattr(self.get_queryset(), name)(*args, **kwargs)
  File "C:\Users\pavel\PycharmProjects\ProjectLab5\.venv\lib\site-packages\django\db\models\query.py", line 658, in create
    obj.save(force_insert=True, using=self.db)
  File "C:\Users\pavel\PycharmProjects\ProjectLab5\.venv\lib\site-packages\django\db\models\base.py", line 814, in save
    self.save_base(
  File "C:\Users\pavel\PycharmProjects\ProjectLab5\.venv\lib\site-packages\django\db\models\base.py", line 877, in save_base
    updated = self._save_table(
  File "C:\Users\pavel\PycharmProjects\ProjectLab5\.venv\lib\site-packages\django\db\models\base.py", line 1020, in _save_table
    results = self._do_insert(
  File "C:\Users\pavel\PycharmProjects\ProjectLab5\.venv\lib\site-packages\django\db\models\base.py", line 1061, in _do_insert
    return manager._insert(
  File "C:\Users\pavel\PycharmProjects\ProjectLab5\.venv\lib\site-packages\django\db\models\manager.py", line 87, in manager_method
    return getattr(self.get_queryset(), name)(*args, **kwargs)
  File "C:\Users\pavel\PycharmProjects\ProjectLab5\.venv\lib\site-packages\django\db\models\query.py", line 1805, in _insert
    return query.get_compiler(using=using).execute_sql(returning_fields)
  File "C:\Users\pavel\PycharmProjects\ProjectLab5\.venv\lib\site-packages\django\db\models\sql\compiler.py", line 1822, in execute_sql
    cursor.execute(sql, params)
  File "C:\Users\pavel\PycharmProjects\ProjectLab5\.venv\lib\site-packages\django\db\backends\utils.py", line 102, in execute
    return super().execute(sql, params)
  File "C:\Users\pavel\PycharmProjects\ProjectLab5\.venv\lib\site-packages\django\db\backends\utils.py", line 67, in execute
    return self._execute_with_wrappers(
  File "C:\Users\pavel\PycharmProjects\ProjectLab5\.venv\lib\site-packages\django\db\backends\utils.py", line 80, in _execute_with_wrappers
    return executor(sql, params, many, context)
  File "C:\Users\pavel\PycharmProjects\ProjectLab5\.venv\lib\site-packages\django\db\backends\utils.py", line 89, in _execute
    return self.cursor.execute(sql, params)
  File "C:\Users\pavel\PycharmProjects\ProjectLab5\.venv\lib\site-packages\django\db\utils.py", line 91, in __exit__
    raise dj_exc_value.with_traceback(traceback) from exc_value
  File "C:\Users\pavel\PycharmProjects\ProjectLab5\.venv\lib\site-packages\django\db\backends\utils.py", line 89, in _execute
    return self.cursor.execute(sql, params)
  File "C:\Users\pavel\PycharmProjects\ProjectLab5\.venv\lib\site-packages\django\db\backends\sqlite3\base.py", line 328, in execute
    return super().execute(query, params)
django.db.utils.IntegrityError: UNIQUE constraint failed: salon_buyer.email_admin
[2025-05-14 23:54:10,838] ERROR [django.server] "GET /car_list/1/buy_car HTTP/1.1" 500 161516
[2025-05-14 23:54:40,462] INFO [django.utils.autoreload] C:\Users\pavel\PycharmProjects\ProjectLab5\AutoSalon\salon\models.py changed, reloading.
[2025-05-14 23:54:40,858] INFO [django.utils.autoreload] Watching for file changes with StatReloader
[2025-05-14 23:54:52,634] INFO [django.utils.autoreload] Watching for file changes with StatReloader
[2025-05-14 23:54:54,003] INFO [salon.views] Timezone: Europe/Moscow
[2025-05-14 23:54:54,160] INFO [django.server] "GET / HTTP/1.1" 200 4023
[2025-05-14 23:54:56,643] INFO [django.server] "GET /car_list HTTP/1.1" 200 765
[2025-05-14 23:54:57,853] INFO [django.server] "GET /car_list/1/ HTTP/1.1" 200 908
[2025-05-14 23:54:58,775] ERROR [django.request] Internal Server Error: /car_list/1/buy_car
Traceback (most recent call last):
  File "C:\Users\pavel\PycharmProjects\ProjectLab5\.venv\lib\site-packages\django\core\handlers\exception.py", line 55, in inner
    response = get_response(request)
  File "C:\Users\pavel\PycharmProjects\ProjectLab5\.venv\lib\site-packages\django\core\handlers\base.py", line 197, in _get_response
    response = wrapped_callback(request, *callback_args, **callback_kwargs)
  File "C:\Users\pavel\PycharmProjects\ProjectLab5\.venv\lib\site-packages\django\contrib\auth\decorators.py", line 23, in _wrapper_view
    return view_func(request, *args, **kwargs)
  File "C:\Users\pavel\PycharmProjects\ProjectLab5\AutoSalon\salon\views.py", line 181, in car_buy
    buyer, created = Buyer.objects.create(user=request.user)
TypeError: cannot unpack non-iterable Buyer object
[2025-05-14 23:54:58,776] ERROR [django.server] "GET /car_list/1/buy_car HTTP/1.1" 500 75516
[2025-05-15 00:01:59,517] INFO [django.utils.autoreload] C:\Users\pavel\PycharmProjects\ProjectLab5\AutoSalon\salon\views.py changed, reloading.
[2025-05-15 00:01:59,910] INFO [django.utils.autoreload] Watching for file changes with StatReloader
[2025-05-15 00:02:01,209] INFO [salon.views] Timezone: Europe/Moscow
[2025-05-15 00:02:01,323] INFO [django.server] "GET / HTTP/1.1" 200 4023
[2025-05-15 00:02:03,365] INFO [django.server] "GET /reviews HTTP/1.1" 200 882
[2025-05-15 00:02:06,176] INFO [django.server] "GET /car_list HTTP/1.1" 200 765
[2025-05-15 00:02:07,300] INFO [django.server] "GET /car_list/1/ HTTP/1.1" 200 908
[2025-05-15 00:02:08,526] INFO [django.server] "GET /car_list/1/buy_car HTTP/1.1" 200 1934
[2025-05-15 00:02:09,979] ERROR [django.request] Internal Server Error: /car_list/1/buy_car
Traceback (most recent call last):
  File "C:\Users\pavel\PycharmProjects\ProjectLab5\.venv\lib\site-packages\django\db\backends\utils.py", line 89, in _execute
    return self.cursor.execute(sql, params)
  File "C:\Users\pavel\PycharmProjects\ProjectLab5\.venv\lib\site-packages\django\db\backends\sqlite3\base.py", line 328, in execute
    return super().execute(query, params)
sqlite3.IntegrityError: NOT NULL constraint failed: salon_buyer.user_id

The above exception was the direct cause of the following exception:

Traceback (most recent call last):
  File "C:\Users\pavel\PycharmProjects\ProjectLab5\.venv\lib\site-packages\django\core\handlers\exception.py", line 55, in inner
    response = get_response(request)
  File "C:\Users\pavel\PycharmProjects\ProjectLab5\.venv\lib\site-packages\django\core\handlers\base.py", line 197, in _get_response
    response = wrapped_callback(request, *callback_args, **callback_kwargs)
  File "C:\Users\pavel\PycharmProjects\ProjectLab5\.venv\lib\site-packages\django\contrib\auth\decorators.py", line 23, in _wrapper_view
    return view_func(request, *args, **kwargs)
  File "C:\Users\pavel\PycharmProjects\ProjectLab5\AutoSalon\salon\views.py", line 186, in car_buy
    buyer, created = Buyer.objects.create()
  File "C:\Users\pavel\PycharmProjects\ProjectLab5\.venv\lib\site-packages\django\db\models\manager.py", line 87, in manager_method
    return getattr(self.get_queryset(), name)(*args, **kwargs)
  File "C:\Users\pavel\PycharmProjects\ProjectLab5\.venv\lib\site-packages\django\db\models\query.py", line 658, in create
    obj.save(force_insert=True, using=self.db)
  File "C:\Users\pavel\PycharmProjects\ProjectLab5\.venv\lib\site-packages\django\db\models\base.py", line 814, in save
    self.save_base(
  File "C:\Users\pavel\PycharmProjects\ProjectLab5\.venv\lib\site-packages\django\db\models\base.py", line 877, in save_base
    updated = self._save_table(
  File "C:\Users\pavel\PycharmProjects\ProjectLab5\.venv\lib\site-packages\django\db\models\base.py", line 1020, in _save_table
    results = self._do_insert(
  File "C:\Users\pavel\PycharmProjects\ProjectLab5\.venv\lib\site-packages\django\db\models\base.py", line 1061, in _do_insert
    return manager._insert(
  File "C:\Users\pavel\PycharmProjects\ProjectLab5\.venv\lib\site-packages\django\db\models\manager.py", line 87, in manager_method
    return getattr(self.get_queryset(), name)(*args, **kwargs)
  File "C:\Users\pavel\PycharmProjects\ProjectLab5\.venv\lib\site-packages\django\db\models\query.py", line 1805, in _insert
    return query.get_compiler(using=using).execute_sql(returning_fields)
  File "C:\Users\pavel\PycharmProjects\ProjectLab5\.venv\lib\site-packages\django\db\models\sql\compiler.py", line 1822, in execute_sql
    cursor.execute(sql, params)
  File "C:\Users\pavel\PycharmProjects\ProjectLab5\.venv\lib\site-packages\django\db\backends\utils.py", line 102, in execute
    return super().execute(sql, params)
  File "C:\Users\pavel\PycharmProjects\ProjectLab5\.venv\lib\site-packages\django\db\backends\utils.py", line 67, in execute
    return self._execute_with_wrappers(
  File "C:\Users\pavel\PycharmProjects\ProjectLab5\.venv\lib\site-packages\django\db\backends\utils.py", line 80, in _execute_with_wrappers
    return executor(sql, params, many, context)
  File "C:\Users\pavel\PycharmProjects\ProjectLab5\.venv\lib\site-packages\django\db\backends\utils.py", line 89, in _execute
    return self.cursor.execute(sql, params)
  File "C:\Users\pavel\PycharmProjects\ProjectLab5\.venv\lib\site-packages\django\db\utils.py", line 91, in __exit__
    raise dj_exc_value.with_traceback(traceback) from exc_value
  File "C:\Users\pavel\PycharmProjects\ProjectLab5\.venv\lib\site-packages\django\db\backends\utils.py", line 89, in _execute
    return self.cursor.execute(sql, params)
  File "C:\Users\pavel\PycharmProjects\ProjectLab5\.venv\lib\site-packages\django\db\backends\sqlite3\base.py", line 328, in execute
    return super().execute(query, params)
django.db.utils.IntegrityError: NOT NULL constraint failed: salon_buyer.user_id
[2025-05-15 00:02:09,985] ERROR [django.server] "POST /car_list/1/buy_car HTTP/1.1" 500 162681
[2025-05-15 00:02:33,146] INFO [django.utils.autoreload] C:\Users\pavel\PycharmProjects\ProjectLab5\AutoSalon\salon\views.py changed, reloading.
[2025-05-15 00:02:33,523] INFO [django.utils.autoreload] Watching for file changes with StatReloader
[2025-05-15 00:02:35,669] INFO [salon.views] Timezone: Europe/Moscow
[2025-05-15 00:02:35,980] INFO [django.server] "GET / HTTP/1.1" 200 4023
[2025-05-15 00:02:37,408] INFO [django.server] "GET /car_list HTTP/1.1" 200 765
[2025-05-15 00:02:38,631] INFO [django.server] "GET /car_list/1/ HTTP/1.1" 200 908
[2025-05-15 00:02:39,429] INFO [django.server] "GET /car_list/1/buy_car HTTP/1.1" 200 1934
[2025-05-15 00:02:40,220] ERROR [django.request] Internal Server Error: /car_list/1/buy_car
Traceback (most recent call last):
  File "C:\Users\pavel\PycharmProjects\ProjectLab5\.venv\lib\site-packages\django\db\backends\utils.py", line 89, in _execute
    return self.cursor.execute(sql, params)
  File "C:\Users\pavel\PycharmProjects\ProjectLab5\.venv\lib\site-packages\django\db\backends\sqlite3\base.py", line 328, in execute
    return super().execute(query, params)
sqlite3.IntegrityError: NOT NULL constraint failed: salon_buyer.user_id

The above exception was the direct cause of the following exception:

Traceback (most recent call last):
  File "C:\Users\pavel\PycharmProjects\ProjectLab5\.venv\lib\site-packages\django\core\handlers\exception.py", line 55, in inner
    response = get_response(request)
  File "C:\Users\pavel\PycharmProjects\ProjectLab5\.venv\lib\site-packages\django\core\handlers\base.py", line 197, in _get_response
    response = wrapped_callback(request, *callback_args, **callback_kwargs)
  File "C:\Users\pavel\PycharmProjects\ProjectLab5\.venv\lib\site-packages\django\contrib\auth\decorators.py", line 23, in _wrapper_view
    return view_func(request, *args, **kwargs)
  File "C:\Users\pavel\PycharmProjects\ProjectLab5\AutoSalon\salon\views.py", line 186, in car_buy
    buyer, created = Buyer.objects.create()
  File "C:\Users\pavel\PycharmProjects\ProjectLab5\.venv\lib\site-packages\django\db\models\manager.py", line 87, in manager_method
    return getattr(self.get_queryset(), name)(*args, **kwargs)
  File "C:\Users\pavel\PycharmProjects\ProjectLab5\.venv\lib\site-packages\django\db\models\query.py", line 658, in create
    obj.save(force_insert=True, using=self.db)
  File "C:\Users\pavel\PycharmProjects\ProjectLab5\.venv\lib\site-packages\django\db\models\base.py", line 814, in save
    self.save_base(
  File "C:\Users\pavel\PycharmProjects\ProjectLab5\.venv\lib\site-packages\django\db\models\base.py", line 877, in save_base
    updated = self._save_table(
  File "C:\Users\pavel\PycharmProjects\ProjectLab5\.venv\lib\site-packages\django\db\models\base.py", line 1020, in _save_table
    results = self._do_insert(
  File "C:\Users\pavel\PycharmProjects\ProjectLab5\.venv\lib\site-packages\django\db\models\base.py", line 1061, in _do_insert
    return manager._insert(
  File "C:\Users\pavel\PycharmProjects\ProjectLab5\.venv\lib\site-packages\django\db\models\manager.py", line 87, in manager_method
    return getattr(self.get_queryset(), name)(*args, **kwargs)
  File "C:\Users\pavel\PycharmProjects\ProjectLab5\.venv\lib\site-packages\django\db\models\query.py", line 1805, in _insert
    return query.get_compiler(using=using).execute_sql(returning_fields)
  File "C:\Users\pavel\PycharmProjects\ProjectLab5\.venv\lib\site-packages\django\db\models\sql\compiler.py", line 1822, in execute_sql
    cursor.execute(sql, params)
  File "C:\Users\pavel\PycharmProjects\ProjectLab5\.venv\lib\site-packages\django\db\backends\utils.py", line 102, in execute
    return super().execute(sql, params)
  File "C:\Users\pavel\PycharmProjects\ProjectLab5\.venv\lib\site-packages\django\db\backends\utils.py", line 67, in execute
    return self._execute_with_wrappers(
  File "C:\Users\pavel\PycharmProjects\ProjectLab5\.venv\lib\site-packages\django\db\backends\utils.py", line 80, in _execute_with_wrappers
    return executor(sql, params, many, context)
  File "C:\Users\pavel\PycharmProjects\ProjectLab5\.venv\lib\site-packages\django\db\backends\utils.py", line 89, in _execute
    return self.cursor.execute(sql, params)
  File "C:\Users\pavel\PycharmProjects\ProjectLab5\.venv\lib\site-packages\django\db\utils.py", line 91, in __exit__
    raise dj_exc_value.with_traceback(traceback) from exc_value
  File "C:\Users\pavel\PycharmProjects\ProjectLab5\.venv\lib\site-packages\django\db\backends\utils.py", line 89, in _execute
    return self.cursor.execute(sql, params)
  File "C:\Users\pavel\PycharmProjects\ProjectLab5\.venv\lib\site-packages\django\db\backends\sqlite3\base.py", line 328, in execute
    return super().execute(query, params)
django.db.utils.IntegrityError: NOT NULL constraint failed: salon_buyer.user_id
[2025-05-15 00:02:40,223] ERROR [django.server] "POST /car_list/1/buy_car HTTP/1.1" 500 162684
[2025-05-15 00:03:13,432] ERROR [django.request] Internal Server Error: /car_list/1/buy_car
Traceback (most recent call last):
  File "C:\Users\pavel\PycharmProjects\ProjectLab5\.venv\lib\site-packages\django\db\backends\utils.py", line 89, in _execute
    return self.cursor.execute(sql, params)
  File "C:\Users\pavel\PycharmProjects\ProjectLab5\.venv\lib\site-packages\django\db\backends\sqlite3\base.py", line 328, in execute
    return super().execute(query, params)
sqlite3.IntegrityError: NOT NULL constraint failed: salon_buyer.user_id

The above exception was the direct cause of the following exception:

Traceback (most recent call last):
  File "C:\Users\pavel\PycharmProjects\ProjectLab5\.venv\lib\site-packages\django\core\handlers\exception.py", line 55, in inner
    response = get_response(request)
  File "C:\Users\pavel\PycharmProjects\ProjectLab5\.venv\lib\site-packages\django\core\handlers\base.py", line 197, in _get_response
    response = wrapped_callback(request, *callback_args, **callback_kwargs)
  File "C:\Users\pavel\PycharmProjects\ProjectLab5\.venv\lib\site-packages\django\contrib\auth\decorators.py", line 23, in _wrapper_view
    return view_func(request, *args, **kwargs)
  File "C:\Users\pavel\PycharmProjects\ProjectLab5\AutoSalon\salon\views.py", line 186, in car_buy
    buyer, created = Buyer.objects.create()
  File "C:\Users\pavel\PycharmProjects\ProjectLab5\.venv\lib\site-packages\django\db\models\manager.py", line 87, in manager_method
    return getattr(self.get_queryset(), name)(*args, **kwargs)
  File "C:\Users\pavel\PycharmProjects\ProjectLab5\.venv\lib\site-packages\django\db\models\query.py", line 658, in create
    obj.save(force_insert=True, using=self.db)
  File "C:\Users\pavel\PycharmProjects\ProjectLab5\.venv\lib\site-packages\django\db\models\base.py", line 814, in save
    self.save_base(
  File "C:\Users\pavel\PycharmProjects\ProjectLab5\.venv\lib\site-packages\django\db\models\base.py", line 877, in save_base
    updated = self._save_table(
  File "C:\Users\pavel\PycharmProjects\ProjectLab5\.venv\lib\site-packages\django\db\models\base.py", line 1020, in _save_table
    results = self._do_insert(
  File "C:\Users\pavel\PycharmProjects\ProjectLab5\.venv\lib\site-packages\django\db\models\base.py", line 1061, in _do_insert
    return manager._insert(
  File "C:\Users\pavel\PycharmProjects\ProjectLab5\.venv\lib\site-packages\django\db\models\manager.py", line 87, in manager_method
    return getattr(self.get_queryset(), name)(*args, **kwargs)
  File "C:\Users\pavel\PycharmProjects\ProjectLab5\.venv\lib\site-packages\django\db\models\query.py", line 1805, in _insert
    return query.get_compiler(using=using).execute_sql(returning_fields)
  File "C:\Users\pavel\PycharmProjects\ProjectLab5\.venv\lib\site-packages\django\db\models\sql\compiler.py", line 1822, in execute_sql
    cursor.execute(sql, params)
  File "C:\Users\pavel\PycharmProjects\ProjectLab5\.venv\lib\site-packages\django\db\backends\utils.py", line 102, in execute
    return super().execute(sql, params)
  File "C:\Users\pavel\PycharmProjects\ProjectLab5\.venv\lib\site-packages\django\db\backends\utils.py", line 67, in execute
    return self._execute_with_wrappers(
  File "C:\Users\pavel\PycharmProjects\ProjectLab5\.venv\lib\site-packages\django\db\backends\utils.py", line 80, in _execute_with_wrappers
    return executor(sql, params, many, context)
  File "C:\Users\pavel\PycharmProjects\ProjectLab5\.venv\lib\site-packages\django\db\backends\utils.py", line 89, in _execute
    return self.cursor.execute(sql, params)
  File "C:\Users\pavel\PycharmProjects\ProjectLab5\.venv\lib\site-packages\django\db\utils.py", line 91, in __exit__
    raise dj_exc_value.with_traceback(traceback) from exc_value
  File "C:\Users\pavel\PycharmProjects\ProjectLab5\.venv\lib\site-packages\django\db\backends\utils.py", line 89, in _execute
    return self.cursor.execute(sql, params)
  File "C:\Users\pavel\PycharmProjects\ProjectLab5\.venv\lib\site-packages\django\db\backends\sqlite3\base.py", line 328, in execute
    return super().execute(query, params)
django.db.utils.IntegrityError: NOT NULL constraint failed: salon_buyer.user_id
[2025-05-15 00:03:13,433] ERROR [django.server] "POST /car_list/1/buy_car HTTP/1.1" 500 162556
[2025-05-15 00:04:20,720] INFO [django.utils.autoreload] C:\Users\pavel\PycharmProjects\ProjectLab5\AutoSalon\salon\views.py changed, reloading.
[2025-05-15 00:04:21,269] INFO [django.utils.autoreload] Watching for file changes with StatReloader
[2025-05-15 00:04:22,344] INFO [salon.views] Timezone: Europe/Moscow
[2025-05-15 00:04:22,650] INFO [django.server] "GET / HTTP/1.1" 200 4023
[2025-05-15 00:04:24,910] INFO [django.server] "GET /car_list HTTP/1.1" 200 765
[2025-05-15 00:04:26,006] INFO [django.server] "GET /car_list/1/ HTTP/1.1" 200 908
[2025-05-15 00:04:26,995] INFO [django.server] "GET /car_list/1/buy_car HTTP/1.1" 200 1934
[2025-05-15 00:04:28,097] ERROR [django.request] Internal Server Error: /car_list/1/buy_car
Traceback (most recent call last):
  File "C:\Users\pavel\PycharmProjects\ProjectLab5\.venv\lib\site-packages\django\db\backends\utils.py", line 89, in _execute
    return self.cursor.execute(sql, params)
  File "C:\Users\pavel\PycharmProjects\ProjectLab5\.venv\lib\site-packages\django\db\backends\sqlite3\base.py", line 328, in execute
    return super().execute(query, params)
sqlite3.IntegrityError: NOT NULL constraint failed: salon_buyer.user_id

The above exception was the direct cause of the following exception:

Traceback (most recent call last):
  File "C:\Users\pavel\PycharmProjects\ProjectLab5\.venv\lib\site-packages\django\core\handlers\exception.py", line 55, in inner
    response = get_response(request)
  File "C:\Users\pavel\PycharmProjects\ProjectLab5\.venv\lib\site-packages\django\core\handlers\base.py", line 197, in _get_response
    response = wrapped_callback(request, *callback_args, **callback_kwargs)
  File "C:\Users\pavel\PycharmProjects\ProjectLab5\.venv\lib\site-packages\django\contrib\auth\decorators.py", line 23, in _wrapper_view
    return view_func(request, *args, **kwargs)
  File "C:\Users\pavel\PycharmProjects\ProjectLab5\AutoSalon\salon\views.py", line 186, in car_buy
    buyer, created = Buyer.objects.create()
  File "C:\Users\pavel\PycharmProjects\ProjectLab5\.venv\lib\site-packages\django\db\models\manager.py", line 87, in manager_method
    return getattr(self.get_queryset(), name)(*args, **kwargs)
  File "C:\Users\pavel\PycharmProjects\ProjectLab5\.venv\lib\site-packages\django\db\models\query.py", line 658, in create
    obj.save(force_insert=True, using=self.db)
  File "C:\Users\pavel\PycharmProjects\ProjectLab5\.venv\lib\site-packages\django\db\models\base.py", line 814, in save
    self.save_base(
  File "C:\Users\pavel\PycharmProjects\ProjectLab5\.venv\lib\site-packages\django\db\models\base.py", line 877, in save_base
    updated = self._save_table(
  File "C:\Users\pavel\PycharmProjects\ProjectLab5\.venv\lib\site-packages\django\db\models\base.py", line 1020, in _save_table
    results = self._do_insert(
  File "C:\Users\pavel\PycharmProjects\ProjectLab5\.venv\lib\site-packages\django\db\models\base.py", line 1061, in _do_insert
    return manager._insert(
  File "C:\Users\pavel\PycharmProjects\ProjectLab5\.venv\lib\site-packages\django\db\models\manager.py", line 87, in manager_method
    return getattr(self.get_queryset(), name)(*args, **kwargs)
  File "C:\Users\pavel\PycharmProjects\ProjectLab5\.venv\lib\site-packages\django\db\models\query.py", line 1805, in _insert
    return query.get_compiler(using=using).execute_sql(returning_fields)
  File "C:\Users\pavel\PycharmProjects\ProjectLab5\.venv\lib\site-packages\django\db\models\sql\compiler.py", line 1822, in execute_sql
    cursor.execute(sql, params)
  File "C:\Users\pavel\PycharmProjects\ProjectLab5\.venv\lib\site-packages\django\db\backends\utils.py", line 102, in execute
    return super().execute(sql, params)
  File "C:\Users\pavel\PycharmProjects\ProjectLab5\.venv\lib\site-packages\django\db\backends\utils.py", line 67, in execute
    return self._execute_with_wrappers(
  File "C:\Users\pavel\PycharmProjects\ProjectLab5\.venv\lib\site-packages\django\db\backends\utils.py", line 80, in _execute_with_wrappers
    return executor(sql, params, many, context)
  File "C:\Users\pavel\PycharmProjects\ProjectLab5\.venv\lib\site-packages\django\db\backends\utils.py", line 89, in _execute
    return self.cursor.execute(sql, params)
  File "C:\Users\pavel\PycharmProjects\ProjectLab5\.venv\lib\site-packages\django\db\utils.py", line 91, in __exit__
    raise dj_exc_value.with_traceback(traceback) from exc_value
  File "C:\Users\pavel\PycharmProjects\ProjectLab5\.venv\lib\site-packages\django\db\backends\utils.py", line 89, in _execute
    return self.cursor.execute(sql, params)
  File "C:\Users\pavel\PycharmProjects\ProjectLab5\.venv\lib\site-packages\django\db\backends\sqlite3\base.py", line 328, in execute
    return super().execute(query, params)
django.db.utils.IntegrityError: NOT NULL constraint failed: salon_buyer.user_id
[2025-05-15 00:04:28,100] ERROR [django.server] "POST /car_list/1/buy_car HTTP/1.1" 500 162553
[2025-05-15 00:05:36,843] INFO [django.utils.autoreload] C:\Users\pavel\PycharmProjects\ProjectLab5\AutoSalon\salon\views.py changed, reloading.
[2025-05-15 00:05:37,217] INFO [django.utils.autoreload] Watching for file changes with StatReloader
[2025-05-15 00:05:50,934] ERROR [django.request] Internal Server Error: /car_list/1/buy_car
Traceback (most recent call last):
  File "C:\Users\pavel\PycharmProjects\ProjectLab5\.venv\lib\site-packages\django\core\handlers\exception.py", line 55, in inner
    response = get_response(request)
  File "C:\Users\pavel\PycharmProjects\ProjectLab5\.venv\lib\site-packages\django\core\handlers\base.py", line 197, in _get_response
    response = wrapped_callback(request, *callback_args, **callback_kwargs)
  File "C:\Users\pavel\PycharmProjects\ProjectLab5\.venv\lib\site-packages\django\contrib\auth\decorators.py", line 23, in _wrapper_view
    return view_func(request, *args, **kwargs)
  File "C:\Users\pavel\PycharmProjects\ProjectLab5\AutoSalon\salon\views.py", line 186, in car_buy
    buyer, created = Buyer.objects.create(request.user)
  File "C:\Users\pavel\PycharmProjects\ProjectLab5\.venv\lib\site-packages\django\db\models\manager.py", line 87, in manager_method
    return getattr(self.get_queryset(), name)(*args, **kwargs)
TypeError: create() takes 1 positional argument but 2 were given
[2025-05-15 00:05:50,936] ERROR [django.server] "POST /car_list/1/buy_car HTTP/1.1" 500 80974
[2025-05-15 00:06:22,707] INFO [django.utils.autoreload] C:\Users\pavel\PycharmProjects\ProjectLab5\AutoSalon\salon\views.py changed, reloading.
[2025-05-15 00:06:23,168] INFO [django.utils.autoreload] Watching for file changes with StatReloader
[2025-05-15 00:06:31,768] ERROR [django.request] Internal Server Error: /car_list/1/buy_car
Traceback (most recent call last):
  File "C:\Users\pavel\PycharmProjects\ProjectLab5\.venv\lib\site-packages\django\core\handlers\exception.py", line 55, in inner
    response = get_response(request)
  File "C:\Users\pavel\PycharmProjects\ProjectLab5\.venv\lib\site-packages\django\core\handlers\base.py", line 197, in _get_response
    response = wrapped_callback(request, *callback_args, **callback_kwargs)
  File "C:\Users\pavel\PycharmProjects\ProjectLab5\.venv\lib\site-packages\django\contrib\auth\decorators.py", line 23, in _wrapper_view
    return view_func(request, *args, **kwargs)
  File "C:\Users\pavel\PycharmProjects\ProjectLab5\AutoSalon\salon\views.py", line 186, in car_buy
    buyer, created = Buyer.objects.create(request.user, )
  File "C:\Users\pavel\PycharmProjects\ProjectLab5\.venv\lib\site-packages\django\db\models\manager.py", line 87, in manager_method
    return getattr(self.get_queryset(), name)(*args, **kwargs)
TypeError: create() takes 1 positional argument but 2 were given
[2025-05-15 00:06:31,770] ERROR [django.server] "POST /car_list/1/buy_car HTTP/1.1" 500 81043
[2025-05-15 00:06:32,651] ERROR [django.request] Internal Server Error: /car_list/1/buy_car
Traceback (most recent call last):
  File "C:\Users\pavel\PycharmProjects\ProjectLab5\.venv\lib\site-packages\django\core\handlers\exception.py", line 55, in inner
    response = get_response(request)
  File "C:\Users\pavel\PycharmProjects\ProjectLab5\.venv\lib\site-packages\django\core\handlers\base.py", line 197, in _get_response
    response = wrapped_callback(request, *callback_args, **callback_kwargs)
  File "C:\Users\pavel\PycharmProjects\ProjectLab5\.venv\lib\site-packages\django\contrib\auth\decorators.py", line 23, in _wrapper_view
    return view_func(request, *args, **kwargs)
  File "C:\Users\pavel\PycharmProjects\ProjectLab5\AutoSalon\salon\views.py", line 186, in car_buy
    buyer, created = Buyer.objects.create(request.user, )
  File "C:\Users\pavel\PycharmProjects\ProjectLab5\.venv\lib\site-packages\django\db\models\manager.py", line 87, in manager_method
    return getattr(self.get_queryset(), name)(*args, **kwargs)
TypeError: create() takes 1 positional argument but 2 were given
[2025-05-15 00:06:32,653] ERROR [django.server] "POST /car_list/1/buy_car HTTP/1.1" 500 81043
[2025-05-15 00:06:47,334] INFO [django.utils.autoreload] C:\Users\pavel\PycharmProjects\ProjectLab5\AutoSalon\salon\views.py changed, reloading.
[2025-05-15 00:06:47,734] INFO [django.utils.autoreload] Watching for file changes with StatReloader
[2025-05-15 00:06:49,749] INFO [salon.views] Timezone: Europe/Moscow
[2025-05-15 00:06:50,104] INFO [django.server] "GET / HTTP/1.1" 200 4010
[2025-05-15 00:06:52,186] INFO [django.server] "GET /car_list HTTP/1.1" 200 765
[2025-05-15 00:06:53,334] INFO [django.server] "GET /car_list/1/ HTTP/1.1" 200 908
[2025-05-15 00:06:54,086] INFO [django.server] "GET /car_list/1/buy_car HTTP/1.1" 200 1934
[2025-05-15 00:06:54,920] ERROR [django.request] Internal Server Error: /car_list/1/buy_car
Traceback (most recent call last):
  File "C:\Users\pavel\PycharmProjects\ProjectLab5\.venv\lib\site-packages\django\core\handlers\exception.py", line 55, in inner
    response = get_response(request)
  File "C:\Users\pavel\PycharmProjects\ProjectLab5\.venv\lib\site-packages\django\core\handlers\base.py", line 197, in _get_response
    response = wrapped_callback(request, *callback_args, **callback_kwargs)
  File "C:\Users\pavel\PycharmProjects\ProjectLab5\.venv\lib\site-packages\django\contrib\auth\decorators.py", line 23, in _wrapper_view
    return view_func(request, *args, **kwargs)
  File "C:\Users\pavel\PycharmProjects\ProjectLab5\AutoSalon\salon\views.py", line 186, in car_buy
    buyer, created = Buyer.objects.create(user=request.user)
TypeError: cannot unpack non-iterable Buyer object
[2025-05-15 00:06:54,921] ERROR [django.server] "POST /car_list/1/buy_car HTTP/1.1" 500 76748
[2025-05-15 00:07:58,871] INFO [django.utils.autoreload] C:\Users\pavel\PycharmProjects\ProjectLab5\AutoSalon\salon\views.py changed, reloading.
[2025-05-15 00:07:59,260] INFO [django.utils.autoreload] Watching for file changes with StatReloader
[2025-05-15 00:08:00,128] INFO [salon.views] Timezone: Europe/Moscow
[2025-05-15 00:08:00,388] INFO [django.server] "GET / HTTP/1.1" 200 4010
[2025-05-15 00:08:03,038] INFO [django.server] "GET /car_list HTTP/1.1" 200 765
[2025-05-15 00:08:04,359] INFO [django.server] "GET /car_list/1/ HTTP/1.1" 200 908
[2025-05-15 00:08:05,074] INFO [django.server] "GET /car_list/1/buy_car HTTP/1.1" 200 1934
[2025-05-15 00:08:05,996] INFO [django.server] "POST /car_list/1/buy_car HTTP/1.1" 302 0
[2025-05-15 00:08:06,004] INFO [django.server] "GET /car_list HTTP/1.1" 200 765
[2025-05-15 00:09:44,305] INFO [django.server] "GET /car_list/1/ HTTP/1.1" 200 908
[2025-05-15 00:09:45,079] INFO [django.server] "GET /car_list/1/buy_car HTTP/1.1" 200 1934
[2025-05-15 00:09:46,122] INFO [django.server] "POST /car_list/1/buy_car HTTP/1.1" 302 0
[2025-05-15 00:09:46,130] INFO [django.server] "GET /car_list HTTP/1.1" 200 765
[2025-05-15 00:09:50,173] INFO [django.server] "GET /car_list/1/ HTTP/1.1" 200 908
[2025-05-15 00:09:50,896] INFO [django.server] "GET /car_list/1/buy_car HTTP/1.1" 200 1934
[2025-05-15 00:09:51,666] INFO [django.server] "POST /car_list/1/buy_car HTTP/1.1" 302 0
[2025-05-15 00:09:51,674] INFO [django.server] "GET /car_list HTTP/1.1" 200 766
[2025-05-15 00:09:54,444] INFO [django.server] "GET /car_list/1/ HTTP/1.1" 200 909
[2025-05-15 00:09:55,092] INFO [django.server] "GET /car_list/1/buy_car HTTP/1.1" 200 1935
[2025-05-15 00:09:56,816] INFO [django.server] "POST /car_list/1/buy_car HTTP/1.1" 302 0
[2025-05-15 00:09:56,823] INFO [django.server] "GET /car_list HTTP/1.1" 200 766
[2025-05-15 01:09:58,777] INFO [django.utils.autoreload] Watching for file changes with StatReloader
[2025-05-15 01:09:59,625] INFO [salon.views] Timezone: Europe/Moscow
[2025-05-15 01:09:59,859] INFO [django.server] "GET / HTTP/1.1" 200 4099
[2025-05-15 01:10:04,112] ERROR [django.request] Internal Server Error: /my-cars
Traceback (most recent call last):
  File "C:\Users\pavel\PycharmProjects\ProjectLab5\.venv\lib\site-packages\django\core\handlers\exception.py", line 55, in inner
    response = get_response(request)
  File "C:\Users\pavel\PycharmProjects\ProjectLab5\.venv\lib\site-packages\django\core\handlers\base.py", line 197, in _get_response
    response = wrapped_callback(request, *callback_args, **callback_kwargs)
  File "C:\Users\pavel\PycharmProjects\ProjectLab5\.venv\lib\site-packages\django\contrib\auth\decorators.py", line 23, in _wrapper_view
    return view_func(request, *args, **kwargs)
  File "C:\Users\pavel\PycharmProjects\ProjectLab5\.venv\lib\site-packages\django\contrib\auth\decorators.py", line 23, in _wrapper_view
    return view_func(request, *args, **kwargs)
  File "C:\Users\pavel\PycharmProjects\ProjectLab5\AutoSalon\salon\views.py", line 206, in my_purchased_cars
    buyer = Buyer.objects.get(user=request.user)
  File "C:\Users\pavel\PycharmProjects\ProjectLab5\.venv\lib\site-packages\django\db\models\manager.py", line 87, in manager_method
    return getattr(self.get_queryset(), name)(*args, **kwargs)
  File "C:\Users\pavel\PycharmProjects\ProjectLab5\.venv\lib\site-packages\django\db\models\query.py", line 640, in get
    raise self.model.MultipleObjectsReturned(
salon.models.Buyer.MultipleObjectsReturned: get() returned more than one Buyer -- it returned 3!
[2025-05-15 01:10:04,113] ERROR [django.server] "GET /my-cars HTTP/1.1" 500 88849
[2025-05-15 01:10:26,797] INFO [django.utils.autoreload] C:\Users\pavel\PycharmProjects\ProjectLab5\AutoSalon\salon\views.py changed, reloading.
[2025-05-15 01:10:27,174] INFO [django.utils.autoreload] Watching for file changes with StatReloader
[2025-05-15 01:10:29,107] ERROR [django.request] Internal Server Error: /my-cars
Traceback (most recent call last):
  File "C:\Users\pavel\PycharmProjects\ProjectLab5\.venv\lib\site-packages\django\core\handlers\exception.py", line 55, in inner
    response = get_response(request)
  File "C:\Users\pavel\PycharmProjects\ProjectLab5\.venv\lib\site-packages\django\core\handlers\base.py", line 197, in _get_response
    response = wrapped_callback(request, *callback_args, **callback_kwargs)
  File "C:\Users\pavel\PycharmProjects\ProjectLab5\.venv\lib\site-packages\django\contrib\auth\decorators.py", line 23, in _wrapper_view
    return view_func(request, *args, **kwargs)
  File "C:\Users\pavel\PycharmProjects\ProjectLab5\.venv\lib\site-packages\django\contrib\auth\decorators.py", line 23, in _wrapper_view
    return view_func(request, *args, **kwargs)
  File "C:\Users\pavel\PycharmProjects\ProjectLab5\AutoSalon\salon\views.py", line 206, in my_purchased_cars
    buyer = Buyer.objects.getall(user=request.user)
AttributeError: 'Manager' object has no attribute 'getall'
[2025-05-15 01:10:29,108] ERROR [django.server] "GET /my-cars HTTP/1.1" 500 80114
[2025-05-15 01:11:02,544] INFO [django.utils.autoreload] C:\Users\pavel\PycharmProjects\ProjectLab5\AutoSalon\salon\views.py changed, reloading.
[2025-05-15 01:11:02,985] INFO [django.utils.autoreload] Watching for file changes with StatReloader
[2025-05-15 01:11:04,058] INFO [django.server] "POST /car_list/1/buy_car HTTP/1.1" 302 0
[2025-05-15 01:11:04,072] INFO [django.server] "GET /car_list HTTP/1.1" 200 766
[2025-05-15 01:11:04,315] INFO [django.server] "GET /media/car_photos/bentley.jpg HTTP/1.1" 200 8854
[2025-05-15 01:11:07,092] INFO [django.server] "GET /car_list/1/buy_car HTTP/1.1" 200 1935
[2025-05-15 01:11:08,284] INFO [django.server] "GET /car_list/1/ HTTP/1.1" 200 909
[2025-05-15 01:11:09,412] INFO [salon.views] Timezone: Europe/Moscow
[2025-05-15 01:11:09,518] INFO [django.server] "GET / HTTP/1.1" 200 4099
[2025-05-15 01:11:11,935] ERROR [django.request] Internal Server Error: /my-cars
Traceback (most recent call last):
  File "C:\Users\pavel\PycharmProjects\ProjectLab5\.venv\lib\site-packages\django\core\handlers\exception.py", line 55, in inner
    response = get_response(request)
  File "C:\Users\pavel\PycharmProjects\ProjectLab5\.venv\lib\site-packages\django\core\handlers\base.py", line 197, in _get_response
    response = wrapped_callback(request, *callback_args, **callback_kwargs)
  File "C:\Users\pavel\PycharmProjects\ProjectLab5\.venv\lib\site-packages\django\contrib\auth\decorators.py", line 23, in _wrapper_view
    return view_func(request, *args, **kwargs)
  File "C:\Users\pavel\PycharmProjects\ProjectLab5\.venv\lib\site-packages\django\contrib\auth\decorators.py", line 23, in _wrapper_view
    return view_func(request, *args, **kwargs)
  File "C:\Users\pavel\PycharmProjects\ProjectLab5\AutoSalon\salon\views.py", line 206, in my_purchased_cars
    buyer = Buyer.objects(user=request.user)
TypeError: 'Manager' object is not callable
[2025-05-15 01:11:11,936] ERROR [django.server] "GET /my-cars HTTP/1.1" 500 79854
[2025-05-15 01:11:25,155] ERROR [django.request] Internal Server Error: /my-cars
Traceback (most recent call last):
  File "C:\Users\pavel\PycharmProjects\ProjectLab5\.venv\lib\site-packages\django\core\handlers\exception.py", line 55, in inner
    response = get_response(request)
  File "C:\Users\pavel\PycharmProjects\ProjectLab5\.venv\lib\site-packages\django\core\handlers\base.py", line 197, in _get_response
    response = wrapped_callback(request, *callback_args, **callback_kwargs)
  File "C:\Users\pavel\PycharmProjects\ProjectLab5\.venv\lib\site-packages\django\contrib\auth\decorators.py", line 23, in _wrapper_view
    return view_func(request, *args, **kwargs)
  File "C:\Users\pavel\PycharmProjects\ProjectLab5\.venv\lib\site-packages\django\contrib\auth\decorators.py", line 23, in _wrapper_view
    return view_func(request, *args, **kwargs)
  File "C:\Users\pavel\PycharmProjects\ProjectLab5\AutoSalon\salon\views.py", line 206, in my_purchased_cars
    buyer = Buyer.objects(user=request.user)
TypeError: 'Manager' object is not callable
[2025-05-15 01:11:25,156] ERROR [django.server] "GET /my-cars HTTP/1.1" 500 79854
[2025-05-15 01:11:34,218] INFO [django.utils.autoreload] C:\Users\pavel\PycharmProjects\ProjectLab5\AutoSalon\salon\views.py changed, reloading.
[2025-05-15 01:11:34,666] INFO [django.utils.autoreload] Watching for file changes with StatReloader
[2025-05-15 01:11:36,512] ERROR [django.request] Internal Server Error: /my-cars
Traceback (most recent call last):
  File "C:\Users\pavel\PycharmProjects\ProjectLab5\.venv\lib\site-packages\django\core\handlers\exception.py", line 55, in inner
    response = get_response(request)
  File "C:\Users\pavel\PycharmProjects\ProjectLab5\.venv\lib\site-packages\django\core\handlers\base.py", line 197, in _get_response
    response = wrapped_callback(request, *callback_args, **callback_kwargs)
  File "C:\Users\pavel\PycharmProjects\ProjectLab5\.venv\lib\site-packages\django\contrib\auth\decorators.py", line 23, in _wrapper_view
    return view_func(request, *args, **kwargs)
  File "C:\Users\pavel\PycharmProjects\ProjectLab5\.venv\lib\site-packages\django\contrib\auth\decorators.py", line 23, in _wrapper_view
    return view_func(request, *args, **kwargs)
  File "C:\Users\pavel\PycharmProjects\ProjectLab5\AutoSalon\salon\views.py", line 206, in my_purchased_cars
    buyer = Buyer.objects.get(user=request.user)
  File "C:\Users\pavel\PycharmProjects\ProjectLab5\.venv\lib\site-packages\django\db\models\manager.py", line 87, in manager_method
    return getattr(self.get_queryset(), name)(*args, **kwargs)
  File "C:\Users\pavel\PycharmProjects\ProjectLab5\.venv\lib\site-packages\django\db\models\query.py", line 640, in get
    raise self.model.MultipleObjectsReturned(
salon.models.Buyer.MultipleObjectsReturned: get() returned more than one Buyer -- it returned 4!
[2025-05-15 01:11:36,513] ERROR [django.server] "GET /my-cars HTTP/1.1" 500 89055
[2025-05-15 01:12:12,940] INFO [django.utils.autoreload] C:\Users\pavel\PycharmProjects\ProjectLab5\AutoSalon\salon\views.py changed, reloading.
[2025-05-15 01:12:13,352] INFO [django.utils.autoreload] Watching for file changes with StatReloader
[2025-05-15 01:12:17,227] ERROR [django.request] Internal Server Error: /my-cars
Traceback (most recent call last):
  File "C:\Users\pavel\PycharmProjects\ProjectLab5\.venv\lib\site-packages\django\core\handlers\exception.py", line 55, in inner
    response = get_response(request)
  File "C:\Users\pavel\PycharmProjects\ProjectLab5\.venv\lib\site-packages\django\core\handlers\base.py", line 197, in _get_response
    response = wrapped_callback(request, *callback_args, **callback_kwargs)
  File "C:\Users\pavel\PycharmProjects\ProjectLab5\.venv\lib\site-packages\django\contrib\auth\decorators.py", line 23, in _wrapper_view
    return view_func(request, *args, **kwargs)
  File "C:\Users\pavel\PycharmProjects\ProjectLab5\.venv\lib\site-packages\django\contrib\auth\decorators.py", line 23, in _wrapper_view
    return view_func(request, *args, **kwargs)
  File "C:\Users\pavel\PycharmProjects\ProjectLab5\AutoSalon\salon\views.py", line 207, in my_purchased_cars
    cars = buyer.favorite_cars.all()
AttributeError: 'QuerySet' object has no attribute 'favorite_cars'
[2025-05-15 01:12:17,228] ERROR [django.server] "GET /my-cars HTTP/1.1" 500 80207
[2025-05-15 01:13:02,185] INFO [django.utils.autoreload] C:\Users\pavel\PycharmProjects\ProjectLab5\AutoSalon\salon\views.py changed, reloading.
[2025-05-15 01:13:02,596] INFO [django.utils.autoreload] Watching for file changes with StatReloader
[2025-05-15 01:13:04,342] ERROR [django.request] Internal Server Error: /my-cars
Traceback (most recent call last):
  File "C:\Users\pavel\PycharmProjects\ProjectLab5\.venv\lib\site-packages\django\core\handlers\exception.py", line 55, in inner
    response = get_response(request)
  File "C:\Users\pavel\PycharmProjects\ProjectLab5\.venv\lib\site-packages\django\core\handlers\base.py", line 197, in _get_response
    response = wrapped_callback(request, *callback_args, **callback_kwargs)
  File "C:\Users\pavel\PycharmProjects\ProjectLab5\.venv\lib\site-packages\django\contrib\auth\decorators.py", line 23, in _wrapper_view
    return view_func(request, *args, **kwargs)
  File "C:\Users\pavel\PycharmProjects\ProjectLab5\.venv\lib\site-packages\django\contrib\auth\decorators.py", line 23, in _wrapper_view
    return view_func(request, *args, **kwargs)
  File "C:\Users\pavel\PycharmProjects\ProjectLab5\AutoSalon\salon\views.py", line 211, in my_purchased_cars
    return render(request, 'salon/my_purchased_cars.html', {'cars': cars})
  File "C:\Users\pavel\PycharmProjects\ProjectLab5\.venv\lib\site-packages\django\shortcuts.py", line 24, in render
    content = loader.render_to_string(template_name, context, request, using=using)
  File "C:\Users\pavel\PycharmProjects\ProjectLab5\.venv\lib\site-packages\django\template\loader.py", line 61, in render_to_string
    template = get_template(template_name, using=using)
  File "C:\Users\pavel\PycharmProjects\ProjectLab5\.venv\lib\site-packages\django\template\loader.py", line 19, in get_template
    raise TemplateDoesNotExist(template_name, chain=chain)
django.template.exceptions.TemplateDoesNotExist: salon/my_purchased_cars.html
[2025-05-15 01:13:04,343] ERROR [django.server] "GET /my-cars HTTP/1.1" 500 94675
[2025-05-15 01:13:13,153] INFO [django.utils.autoreload] C:\Users\pavel\PycharmProjects\ProjectLab5\AutoSalon\salon\views.py changed, reloading.
[2025-05-15 01:13:13,578] INFO [django.utils.autoreload] Watching for file changes with StatReloader
[2025-05-15 01:13:13,910] INFO [django.server] "GET /my-cars HTTP/1.1" 200 423
[2025-05-15 01:13:19,939] INFO [django.server] "GET /car_list HTTP/1.1" 200 766
[2025-05-15 01:13:39,731] INFO [django.server] "GET /car_list HTTP/1.1" 200 766
[2025-05-15 01:13:42,380] INFO [django.server] "GET /car_list HTTP/1.1" 200 766
[2025-05-15 01:13:47,824] INFO [django.server] "GET /car_list HTTP/1.1" 200 766
[2025-05-15 01:14:05,707] INFO [salon.views] Timezone: Europe/Moscow
[2025-05-15 01:14:05,820] INFO [django.server] "GET / HTTP/1.1" 200 4099
[2025-05-15 01:14:08,373] INFO [django.server] "GET /news/ HTTP/1.1" 200 2615
[2025-05-15 01:14:09,070] INFO [django.server] "GET /media/news_images/aston.jpg HTTP/1.1" 200 8567
[2025-05-15 01:14:09,071] INFO [django.server] "GET /media/news_images/porshe.jpg HTTP/1.1" 200 14063
[2025-05-15 01:14:09,072] INFO [django.server] "GET /media/news_images/bmw.jpg HTTP/1.1" 200 89366
[2025-05-15 01:14:09,073] INFO [django.server] "GET /media/news_images/amg.jpg HTTP/1.1" 200 282060
[2025-05-15 01:14:09,077] INFO [django.server] "GET /media/news_images/Lamba.jpg HTTP/1.1" 200 19236
[2025-05-15 01:14:12,036] INFO [django.server] "GET /privacy_policy HTTP/1.1" 200 302
[2025-05-15 01:14:14,632] INFO [django.server] "GET /reviews HTTP/1.1" 200 882
[2025-05-15 01:14:17,031] INFO [django.server] "GET /car_list HTTP/1.1" 200 766
[2025-05-15 01:14:22,819] ERROR [django.request] Internal Server Error: /my-cars
Traceback (most recent call last):
  File "C:\Users\pavel\PycharmProjects\ProjectLab5\.venv\lib\site-packages\django\core\handlers\exception.py", line 55, in inner
    response = get_response(request)
  File "C:\Users\pavel\PycharmProjects\ProjectLab5\.venv\lib\site-packages\django\core\handlers\base.py", line 197, in _get_response
    response = wrapped_callback(request, *callback_args, **callback_kwargs)
  File "C:\Users\pavel\PycharmProjects\ProjectLab5\.venv\lib\site-packages\django\contrib\auth\decorators.py", line 23, in _wrapper_view
    return view_func(request, *args, **kwargs)
  File "C:\Users\pavel\PycharmProjects\ProjectLab5\.venv\lib\site-packages\django\contrib\auth\decorators.py", line 23, in _wrapper_view
    return view_func(request, *args, **kwargs)
  File "C:\Users\pavel\PycharmProjects\ProjectLab5\AutoSalon\salon\views.py", line 211, in my_purchased_cars
    return render(request, 'salon/purchased_cars.html', {'cars': cars})
  File "C:\Users\pavel\PycharmProjects\ProjectLab5\.venv\lib\site-packages\django\shortcuts.py", line 24, in render
    content = loader.render_to_string(template_name, context, request, using=using)
  File "C:\Users\pavel\PycharmProjects\ProjectLab5\.venv\lib\site-packages\django\template\loader.py", line 62, in render_to_string
    return template.render(context, request)
  File "C:\Users\pavel\PycharmProjects\ProjectLab5\.venv\lib\site-packages\django\template\backends\django.py", line 61, in render
    return self.template.render(context)
  File "C:\Users\pavel\PycharmProjects\ProjectLab5\.venv\lib\site-packages\django\template\base.py", line 175, in render
    return self._render(context)
  File "C:\Users\pavel\PycharmProjects\ProjectLab5\.venv\lib\site-packages\django\template\base.py", line 167, in _render
    return self.nodelist.render(context)
  File "C:\Users\pavel\PycharmProjects\ProjectLab5\.venv\lib\site-packages\django\template\base.py", line 1005, in render
    return SafeString("".join([node.render_annotated(context) for node in self]))
  File "C:\Users\pavel\PycharmProjects\ProjectLab5\.venv\lib\site-packages\django\template\base.py", line 1005, in <listcomp>
    return SafeString("".join([node.render_annotated(context) for node in self]))
  File "C:\Users\pavel\PycharmProjects\ProjectLab5\.venv\lib\site-packages\django\template\base.py", line 966, in render_annotated
    return self.render(context)
  File "C:\Users\pavel\PycharmProjects\ProjectLab5\.venv\lib\site-packages\django\template\defaulttags.py", line 471, in render
    url = reverse(view_name, args=args, kwargs=kwargs, current_app=current_app)
  File "C:\Users\pavel\PycharmProjects\ProjectLab5\.venv\lib\site-packages\django\urls\base.py", line 88, in reverse
    return resolver._reverse_with_prefix(view, prefix, *args, **kwargs)
  File "C:\Users\pavel\PycharmProjects\ProjectLab5\.venv\lib\site-packages\django\urls\resolvers.py", line 828, in _reverse_with_prefix
    raise NoReverseMatch(msg)
django.urls.exceptions.NoReverseMatch: Reverse for 'home' not found. 'home' is not a valid view function or pattern name.
[2025-05-15 01:14:22,821] ERROR [django.server] "GET /my-cars HTTP/1.1" 500 131110
[2025-05-15 01:14:46,814] INFO [django.utils.autoreload] Watching for file changes with StatReloader
[2025-05-15 01:14:48,699] INFO [django.server] "GET /my-cars HTTP/1.1" 200 419
[2025-05-15 01:14:50,510] INFO [salon.views] Timezone: Europe/Moscow
[2025-05-15 01:14:50,767] INFO [django.server] "GET /home HTTP/1.1" 200 4099
[2025-05-15 01:14:59,636] INFO [django.server] "GET /car_list HTTP/1.1" 200 766
[2025-05-15 01:15:01,283] INFO [django.server] "GET /car_list/1/ HTTP/1.1" 200 909
[2025-05-15 01:15:02,079] INFO [django.server] "GET /car_list/1/buy_car HTTP/1.1" 200 1935
[2025-05-15 01:15:03,129] INFO [django.server] "POST /car_list/1/buy_car HTTP/1.1" 302 0
[2025-05-15 01:15:03,137] INFO [django.server] "GET /car_list HTTP/1.1" 200 766
[2025-05-15 01:15:08,453] INFO [salon.views] Timezone: Europe/Moscow
[2025-05-15 01:15:08,633] INFO [django.server] "GET / HTTP/1.1" 200 4099
[2025-05-15 01:15:10,810] INFO [django.server] "GET /my-cars HTTP/1.1" 200 380
[2025-05-15 01:15:51,846] INFO [django.utils.autoreload] C:\Users\pavel\PycharmProjects\ProjectLab5\AutoSalon\salon\views.py changed, reloading.
[2025-05-15 01:15:52,229] INFO [django.utils.autoreload] Watching for file changes with StatReloader
[2025-05-15 01:15:55,061] INFO [django.server] "GET /my-cars HTTP/1.1" 200 380
[2025-05-15 01:16:13,041] INFO [django.utils.autoreload] C:\Users\pavel\PycharmProjects\ProjectLab5\AutoSalon\salon\views.py changed, reloading.
[2025-05-15 01:16:13,436] INFO [django.utils.autoreload] Watching for file changes with StatReloader
[2025-05-15 01:16:18,597] INFO [django.server] "GET /my-cars HTTP/1.1" 200 380
[2025-05-15 01:16:20,711] INFO [django.server] "GET /my-cars HTTP/1.1" 200 380
[2025-05-15 01:25:30,244] INFO [django.utils.autoreload] Watching for file changes with StatReloader
[2025-05-15 01:25:31,139] INFO [salon.views] Timezone: Europe/Moscow
[2025-05-15 01:25:31,300] INFO [django.server] "GET / HTTP/1.1" 200 4027
[2025-05-15 01:25:33,818] INFO [django.server] "GET /car_list HTTP/1.1" 200 407
[2025-05-15 01:25:37,618] INFO [django.server] "GET /admin/ HTTP/1.1" 302 0
[2025-05-15 01:25:37,641] INFO [django.server] "GET /admin/login/?next=/admin/ HTTP/1.1" 200 5590
[2025-05-15 01:25:45,051] INFO [django.server] "POST /admin/login/?next=/admin/ HTTP/1.1" 200 4346
[2025-05-15 01:25:51,310] INFO [django.server] "POST /admin/login/?next=/admin/ HTTP/1.1" 200 4346
[2025-05-15 01:34:34,099] INFO [django.utils.autoreload] Watching for file changes with StatReloader
[2025-05-15 01:34:35,187] INFO [salon.views] Timezone: Europe/Moscow
[2025-05-15 01:34:35,328] INFO [django.server] "GET / HTTP/1.1" 200 4028
[2025-05-15 01:34:37,765] INFO [django.server] "GET /about HTTP/1.1" 200 447
[2025-05-15 01:34:40,365] INFO [django.server] "GET /vacancies HTTP/1.1" 200 2436
[2025-05-15 01:34:43,107] INFO [django.server] "GET /employes HTTP/1.1" 200 4564
[2025-05-15 01:34:44,145] INFO [django.server] "GET /media/user_images/human4_gUxHLg4.jpg HTTP/1.1" 200 4076
[2025-05-15 01:34:44,145] INFO [django.server] "GET /media/user_images/h1_eKhmQ4p.jpg HTTP/1.1" 200 2889
[2025-05-15 01:34:44,146] INFO [django.server] "GET /media/user_images/human1_hwuGhIX.jpg HTTP/1.1" 200 3417
[2025-05-15 01:34:44,146] INFO [django.server] "GET /media/user_images/human2_TtC8zhw.jpg HTTP/1.1" 200 4751
[2025-05-15 01:34:49,418] INFO [django.server] "GET /car_list HTTP/1.1" 200 407
[2025-05-15 01:34:53,817] INFO [django.server] "GET /admin/ HTTP/1.1" 302 0
[2025-05-15 01:34:53,835] INFO [django.server] "GET /admin/login/?next=/admin/ HTTP/1.1" 200 4185
[2025-05-15 01:35:01,836] INFO [django.server] "POST /admin/login/?next=/admin/ HTTP/1.1" 302 0
[2025-05-15 01:35:01,874] INFO [django.server] "GET /admin/ HTTP/1.1" 200 7897
[2025-05-15 01:35:01,896] INFO [django.server] "GET /static/admin/css/dashboard.css HTTP/1.1" 304 0
[2025-05-15 01:35:01,909] INFO [django.server] "GET /static/admin/img/icon-changelink.svg HTTP/1.1" 304 0
[2025-05-15 01:35:01,909] INFO [django.server] "GET /static/admin/img/icon-addlink.svg HTTP/1.1" 304 0
[2025-05-15 01:35:43,068] INFO [django.utils.autoreload] Watching for file changes with StatReloader
[2025-05-15 01:35:44,920] INFO [django.server] "GET /admin/ HTTP/1.1" 200 8299
[2025-05-15 01:35:48,131] INFO [django.server] "GET /admin/salon/car/ HTTP/1.1" 200 8867
[2025-05-15 01:35:48,171] INFO [django.server] "GET /static/admin/css/changelists.css HTTP/1.1" 304 0
[2025-05-15 01:35:48,177] INFO [django.server] "GET /static/admin/js/vendor/jquery/jquery.js HTTP/1.1" 304 0
[2025-05-15 01:35:48,178] INFO [django.server] "GET /static/admin/js/jquery.init.js HTTP/1.1" 304 0
[2025-05-15 01:35:48,182] INFO [django.server] "GET /static/admin/js/core.js HTTP/1.1" 304 0
[2025-05-15 01:35:48,183] INFO [django.server] "GET /static/admin/js/admin/RelatedObjectLookups.js HTTP/1.1" 304 0
[2025-05-15 01:35:48,183] INFO [django.server] "GET /static/admin/js/urlify.js HTTP/1.1" 304 0
[2025-05-15 01:35:48,183] INFO [django.server] "GET /static/admin/js/actions.js HTTP/1.1" 304 0
[2025-05-15 01:35:48,187] INFO [django.server] "GET /admin/jsi18n/ HTTP/1.1" 200 3343
[2025-05-15 01:35:48,227] INFO [django.server] "GET /static/admin/js/prepopulate.js HTTP/1.1" 304 0
[2025-05-15 01:35:48,228] INFO [django.server] "GET /static/admin/js/vendor/xregexp/xregexp.js HTTP/1.1" 304 0
[2025-05-15 01:35:48,282] INFO [django.server] "GET /static/admin/js/filters.js HTTP/1.1" 304 0
[2025-05-15 01:35:48,290] INFO [django.server] "GET /static/admin/img/tooltag-add.svg HTTP/1.1" 304 0
[2025-05-15 01:35:50,313] INFO [django.server] "GET /admin/salon/car/add/ HTTP/1.1" 200 14073
[2025-05-15 01:35:50,340] INFO [django.server] "GET /static/admin/css/forms.css HTTP/1.1" 304 0
[2025-05-15 01:35:50,343] INFO [django.server] "GET /static/admin/js/prepopulate_init.js HTTP/1.1" 304 0
[2025-05-15 01:35:50,346] INFO [django.server] "GET /admin/jsi18n/ HTTP/1.1" 200 3343
[2025-05-15 01:35:50,349] INFO [django.server] "GET /static/admin/css/widgets.css HTTP/1.1" 304 0
[2025-05-15 01:35:50,356] INFO [django.server] "GET /static/admin/js/change_form.js HTTP/1.1" 304 0
[2025-05-15 01:36:16,143] INFO [django.server] "POST /admin/salon/car/add/ HTTP/1.1" 302 0
[2025-05-15 01:36:16,185] INFO [django.server] "GET /admin/salon/car/ HTTP/1.1" 200 10232
[2025-05-15 01:36:16,209] INFO [django.server] "GET /admin/jsi18n/ HTTP/1.1" 200 3343
[2025-05-15 01:36:20,284] INFO [django.server] "GET /admin/salon/car/add/ HTTP/1.1" 200 14073
[2025-05-15 01:36:20,790] INFO [django.server] "GET /admin/salon/car/ HTTP/1.1" 200 10022
[2025-05-15 01:36:21,231] INFO [django.server] "GET /admin/ HTTP/1.1" 200 8628
[2025-05-15 01:36:21,751] INFO [django.server] "GET /admin/login/?next=/admin/ HTTP/1.1" 302 0
[2025-05-15 01:36:21,760] INFO [django.server] "GET /admin/ HTTP/1.1" 200 8628
[2025-05-15 01:36:24,941] INFO [django.server] "GET /car_list HTTP/1.1" 200 773
[2025-05-15 01:36:25,155] INFO [django.server] "GET /media/car_photos/bentley_lfdHm1O.jpg HTTP/1.1" 200 8854
[2025-05-15 01:36:29,546] INFO [django.server] "GET /car_list/1/ HTTP/1.1" 200 985
[2025-05-15 01:36:29,577] INFO [django.server] "GET /media/car_photos/bentley_lfdHm1O.jpg HTTP/1.1" 304 0
[2025-05-15 01:36:32,833] ERROR [django.request] Internal Server Error: /login
Traceback (most recent call last):
  File "C:\Users\pavel\PycharmProjects\ProjectLab5\.venv\lib\site-packages\django\core\handlers\exception.py", line 55, in inner
    response = get_response(request)
  File "C:\Users\pavel\PycharmProjects\ProjectLab5\.venv\lib\site-packages\django\core\handlers\base.py", line 197, in _get_response
    response = wrapped_callback(request, *callback_args, **callback_kwargs)
  File "C:\Users\pavel\PycharmProjects\ProjectLab5\AutoSalon\salon\views.py", line 108, in login_c
    return redirect('home')  # Перенаправляем если уже авторизован
  File "C:\Users\pavel\PycharmProjects\ProjectLab5\.venv\lib\site-packages\django\shortcuts.py", line 48, in redirect
    return redirect_class(resolve_url(to, *args, **kwargs))
  File "C:\Users\pavel\PycharmProjects\ProjectLab5\.venv\lib\site-packages\django\shortcuts.py", line 145, in resolve_url
    return reverse(to, args=args, kwargs=kwargs)
  File "C:\Users\pavel\PycharmProjects\ProjectLab5\.venv\lib\site-packages\django\urls\base.py", line 88, in reverse
    return resolver._reverse_with_prefix(view, prefix, *args, **kwargs)
  File "C:\Users\pavel\PycharmProjects\ProjectLab5\.venv\lib\site-packages\django\urls\resolvers.py", line 828, in _reverse_with_prefix
    raise NoReverseMatch(msg)
django.urls.exceptions.NoReverseMatch: Reverse for 'home' not found. 'home' is not a valid view function or pattern name.
[2025-05-15 01:36:32,834] ERROR [django.server] "GET /login?next=/reviews/add HTTP/1.1" 500 88370
[2025-05-15 01:37:35,483] ERROR [django.request] Internal Server Error: /login
Traceback (most recent call last):
  File "C:\Users\pavel\PycharmProjects\ProjectLab5\.venv\lib\site-packages\django\core\handlers\exception.py", line 55, in inner
    response = get_response(request)
  File "C:\Users\pavel\PycharmProjects\ProjectLab5\.venv\lib\site-packages\django\core\handlers\base.py", line 197, in _get_response
    response = wrapped_callback(request, *callback_args, **callback_kwargs)
  File "C:\Users\pavel\PycharmProjects\ProjectLab5\AutoSalon\salon\views.py", line 108, in login_c
    return redirect('home')  # Перенаправляем если уже авторизован
  File "C:\Users\pavel\PycharmProjects\ProjectLab5\.venv\lib\site-packages\django\shortcuts.py", line 48, in redirect
    return redirect_class(resolve_url(to, *args, **kwargs))
  File "C:\Users\pavel\PycharmProjects\ProjectLab5\.venv\lib\site-packages\django\shortcuts.py", line 145, in resolve_url
    return reverse(to, args=args, kwargs=kwargs)
  File "C:\Users\pavel\PycharmProjects\ProjectLab5\.venv\lib\site-packages\django\urls\base.py", line 88, in reverse
    return resolver._reverse_with_prefix(view, prefix, *args, **kwargs)
  File "C:\Users\pavel\PycharmProjects\ProjectLab5\.venv\lib\site-packages\django\urls\resolvers.py", line 828, in _reverse_with_prefix
    raise NoReverseMatch(msg)
django.urls.exceptions.NoReverseMatch: Reverse for 'home' not found. 'home' is not a valid view function or pattern name.
[2025-05-15 01:37:35,485] ERROR [django.server] "GET /login?next=/reviews/add HTTP/1.1" 500 88370
[2025-05-15 01:37:55,550] INFO [django.utils.autoreload] C:\Users\pavel\PycharmProjects\ProjectLab5\AutoSalon\salon\views.py changed, reloading.
[2025-05-15 01:37:55,938] INFO [django.utils.autoreload] Watching for file changes with StatReloader
[2025-05-15 01:37:57,281] INFO [django.server] "GET /login?next=/reviews/add HTTP/1.1" 302 0
[2025-05-15 01:37:57,290] INFO [salon.views] Timezone: Europe/Moscow
[2025-05-15 01:37:57,549] INFO [django.server] "GET /home HTTP/1.1" 200 4023
[2025-05-15 01:38:00,116] INFO [django.server] "GET /car_list HTTP/1.1" 200 773
[2025-05-15 01:38:00,151] INFO [django.server] "GET /media/car_photos/bentley_lfdHm1O.jpg HTTP/1.1" 304 0
[2025-05-15 01:38:01,358] INFO [django.server] "GET /car_list/1/ HTTP/1.1" 200 985
[2025-05-15 01:38:03,023] INFO [django.server] "GET /login?next=/reviews/add HTTP/1.1" 302 0
[2025-05-15 01:38:03,029] INFO [salon.views] Timezone: Europe/Moscow
[2025-05-15 01:38:03,170] INFO [django.server] "GET /home HTTP/1.1" 200 4023
[2025-05-15 01:38:14,497] INFO [django.server] "GET /car_list HTTP/1.1" 200 773
[2025-05-15 01:38:14,527] INFO [django.server] "GET /media/car_photos/bentley_lfdHm1O.jpg HTTP/1.1" 304 0
[2025-05-15 01:38:15,919] INFO [django.server] "GET /car_list/1/ HTTP/1.1" 200 985
[2025-05-15 01:38:18,669] INFO [django.server] "GET /login?next=/reviews/add HTTP/1.1" 302 0
[2025-05-15 01:38:18,675] INFO [salon.views] Timezone: Europe/Moscow
[2025-05-15 01:38:18,831] INFO [django.server] "GET /home HTTP/1.1" 200 4023
[2025-05-15 01:38:21,202] INFO [django.server] "GET /logout HTTP/1.1" 302 0
[2025-05-15 01:38:21,206] INFO [salon.views] Timezone: Europe/Moscow
[2025-05-15 01:38:21,320] INFO [django.server] "GET /home HTTP/1.1" 200 4028
[2025-05-15 01:38:23,318] INFO [django.server] "GET /login HTTP/1.1" 200 1229
[2025-05-15 01:38:31,142] INFO [django.server] "POST /login HTTP/1.1" 302 0
[2025-05-15 01:38:31,148] INFO [salon.views] Timezone: Europe/Moscow
[2025-05-15 01:38:31,277] INFO [django.server] "GET /home HTTP/1.1" 200 4100
[2025-05-15 01:38:34,647] INFO [django.server] "GET /my-cars HTTP/1.1" 200 380
[2025-05-15 01:38:36,402] INFO [salon.views] Timezone: Europe/Moscow
[2025-05-15 01:38:36,627] INFO [django.server] "GET /home HTTP/1.1" 200 4100
[2025-05-15 01:38:38,495] INFO [django.server] "GET /car_list HTTP/1.1" 200 773
[2025-05-15 01:38:38,526] INFO [django.server] "GET /media/car_photos/bentley_lfdHm1O.jpg HTTP/1.1" 304 0
[2025-05-15 01:38:39,851] INFO [django.server] "GET /car_list/1/ HTTP/1.1" 200 916
[2025-05-15 01:38:40,833] INFO [django.server] "GET /car_list/1/buy_car HTTP/1.1" 200 1942
[2025-05-15 01:38:41,906] INFO [django.server] "POST /car_list/1/buy_car HTTP/1.1" 302 0
[2025-05-15 01:38:41,914] INFO [django.server] "GET /car_list HTTP/1.1" 200 773
[2025-05-15 01:38:46,604] INFO [salon.views] Timezone: Europe/Moscow
[2025-05-15 01:38:46,871] INFO [django.server] "GET / HTTP/1.1" 200 4100
[2025-05-15 01:38:50,064] INFO [django.server] "GET /car_list HTTP/1.1" 200 773
[2025-05-15 01:38:50,408] INFO [django.server] "GET /media/car_photos/bentley_lfdHm1O.jpg HTTP/1.1" 200 8854
[2025-05-15 01:38:53,933] INFO [salon.views] Timezone: Europe/Moscow
[2025-05-15 01:38:54,237] INFO [django.server] "GET / HTTP/1.1" 200 4100
[2025-05-15 01:38:57,546] INFO [django.server] "GET /my-cars HTTP/1.1" 200 380
[2025-05-15 01:39:23,993] INFO [django.utils.autoreload] C:\Users\pavel\PycharmProjects\ProjectLab5\AutoSalon\salon\views.py changed, reloading.
[2025-05-15 01:39:24,417] INFO [django.utils.autoreload] Watching for file changes with StatReloader
[2025-05-15 01:39:27,680] ERROR [django.request] Internal Server Error: /my-cars
Traceback (most recent call last):
  File "C:\Users\pavel\PycharmProjects\ProjectLab5\.venv\lib\site-packages\django\core\handlers\exception.py", line 55, in inner
    response = get_response(request)
  File "C:\Users\pavel\PycharmProjects\ProjectLab5\.venv\lib\site-packages\django\core\handlers\base.py", line 197, in _get_response
    response = wrapped_callback(request, *callback_args, **callback_kwargs)
  File "C:\Users\pavel\PycharmProjects\ProjectLab5\.venv\lib\site-packages\django\contrib\auth\decorators.py", line 23, in _wrapper_view
    return view_func(request, *args, **kwargs)
  File "C:\Users\pavel\PycharmProjects\ProjectLab5\.venv\lib\site-packages\django\contrib\auth\decorators.py", line 23, in _wrapper_view
    return view_func(request, *args, **kwargs)
  File "C:\Users\pavel\PycharmProjects\ProjectLab5\AutoSalon\salon\views.py", line 209, in my_purchased_cars
    print(cars[0])
  File "C:\Users\pavel\PycharmProjects\ProjectLab5\.venv\lib\site-packages\django\db\models\query.py", line 450, in __getitem__
    return qs._result_cache[0]
IndexError: list index out of range
[2025-05-15 01:39:27,681] ERROR [django.server] "GET /my-cars HTTP/1.1" 500 83942
[2025-05-15 01:39:39,194] INFO [django.utils.autoreload] C:\Users\pavel\PycharmProjects\ProjectLab5\AutoSalon\salon\views.py changed, reloading.
[2025-05-15 01:39:39,593] INFO [django.utils.autoreload] Watching for file changes with StatReloader
[2025-05-15 01:39:40,654] INFO [django.server] "GET /my-cars HTTP/1.1" 200 380
[2025-05-15 01:40:02,580] INFO [django.utils.autoreload] C:\Users\pavel\PycharmProjects\ProjectLab5\AutoSalon\salon\views.py changed, reloading.
[2025-05-15 01:40:02,994] INFO [django.utils.autoreload] Watching for file changes with StatReloader
[2025-05-15 01:40:14,501] INFO [django.utils.autoreload] C:\Users\pavel\PycharmProjects\ProjectLab5\AutoSalon\salon\models.py changed, reloading.
[2025-05-15 01:40:20,217] INFO [django.utils.autoreload] Watching for file changes with StatReloader
[2025-05-15 01:40:26,898] INFO [django.utils.autoreload] Watching for file changes with StatReloader
[2025-05-15 01:40:28,182] INFO [salon.views] Timezone: Europe/Moscow
[2025-05-15 01:40:28,506] INFO [django.server] "GET / HTTP/1.1" 200 4100
[2025-05-15 01:40:30,543] ERROR [django.request] Internal Server Error: /my-cars
Traceback (most recent call last):
  File "C:\Users\pavel\PycharmProjects\ProjectLab5\.venv\lib\site-packages\django\core\handlers\exception.py", line 55, in inner
    response = get_response(request)
  File "C:\Users\pavel\PycharmProjects\ProjectLab5\.venv\lib\site-packages\django\core\handlers\base.py", line 197, in _get_response
    response = wrapped_callback(request, *callback_args, **callback_kwargs)
  File "C:\Users\pavel\PycharmProjects\ProjectLab5\.venv\lib\site-packages\django\contrib\auth\decorators.py", line 23, in _wrapper_view
    return view_func(request, *args, **kwargs)
  File "C:\Users\pavel\PycharmProjects\ProjectLab5\.venv\lib\site-packages\django\contrib\auth\decorators.py", line 23, in _wrapper_view
    return view_func(request, *args, **kwargs)
  File "C:\Users\pavel\PycharmProjects\ProjectLab5\AutoSalon\salon\views.py", line 207, in my_purchased_cars
    print(buyers[0].Car)
AttributeError: 'Buyer' object has no attribute 'Car'
[2025-05-15 01:40:30,544] ERROR [django.server] "GET /my-cars HTTP/1.1" 500 80087
[2025-05-15 01:40:51,971] INFO [django.utils.autoreload] C:\Users\pavel\PycharmProjects\ProjectLab5\AutoSalon\salon\views.py changed, reloading.
[2025-05-15 01:40:52,401] INFO [django.utils.autoreload] Watching for file changes with StatReloader
[2025-05-15 01:40:53,816] INFO [django.server] "GET /my-cars HTTP/1.1" 200 380
[2025-05-15 01:41:45,162] INFO [django.utils.autoreload] C:\Users\pavel\PycharmProjects\ProjectLab5\AutoSalon\salon\views.py changed, reloading.
[2025-05-15 01:41:45,550] INFO [django.utils.autoreload] Watching for file changes with StatReloader
[2025-05-15 01:41:49,154] INFO [salon.views] Timezone: Europe/Moscow
[2025-05-15 01:41:49,303] INFO [django.server] "GET /home HTTP/1.1" 200 4100
[2025-05-15 01:41:51,120] INFO [django.server] "GET /car_list HTTP/1.1" 200 773
[2025-05-15 01:41:51,152] INFO [django.server] "GET /media/car_photos/bentley_lfdHm1O.jpg HTTP/1.1" 304 0
[2025-05-15 01:41:52,617] INFO [django.server] "GET /car_list/1/ HTTP/1.1" 200 916
[2025-05-15 01:41:53,349] INFO [django.server] "GET /car_list/1/buy_car HTTP/1.1" 200 1942
[2025-05-15 01:41:54,198] INFO [django.server] "POST /car_list/1/buy_car HTTP/1.1" 302 0
[2025-05-15 01:41:54,205] INFO [django.server] "GET /car_list HTTP/1.1" 200 773
[2025-05-15 01:41:57,522] INFO [salon.views] Timezone: Europe/Moscow
[2025-05-15 01:41:57,636] INFO [django.server] "GET / HTTP/1.1" 200 4100
[2025-05-15 01:41:58,793] INFO [django.server] "GET /admin/ HTTP/1.1" 302 0
[2025-05-15 01:41:58,818] INFO [django.server] "GET /admin/login/?next=/admin/ HTTP/1.1" 200 4207
[2025-05-15 01:41:58,965] INFO [django.server] "GET /static/admin/css/base.css HTTP/1.1" 304 0
[2025-05-15 01:41:58,965] INFO [django.server] "GET /static/admin/css/dark_mode.css HTTP/1.1" 304 0
[2025-05-15 01:41:58,966] INFO [django.server] "GET /static/admin/css/nav_sidebar.css HTTP/1.1" 304 0
[2025-05-15 01:41:58,975] INFO [django.server] "GET /static/admin/css/login.css HTTP/1.1" 304 0
[2025-05-15 01:41:58,976] INFO [django.server] "GET /static/admin/css/responsive.css HTTP/1.1" 304 0
[2025-05-15 01:41:58,976] INFO [django.server] "GET /static/admin/js/theme.js HTTP/1.1" 304 0
[2025-05-15 01:41:58,980] INFO [django.server] "GET /static/admin/js/nav_sidebar.js HTTP/1.1" 304 0
[2025-05-15 01:41:58,989] INFO [django.server] "GET /static/admin/img/icon-yes.svg HTTP/1.1" 304 0
[2025-05-15 01:41:59,640] INFO [django.server] "GET /admin HTTP/1.1" 301 0
[2025-05-15 01:41:59,646] INFO [django.server] "GET /admin/ HTTP/1.1" 302 0
[2025-05-15 01:41:59,659] INFO [django.server] "GET /admin/login/?next=/admin/ HTTP/1.1" 200 3705
[2025-05-15 01:42:03,061] INFO [django.server] "GET /admin/ HTTP/1.1" 302 0
[2025-05-15 01:42:03,078] INFO [django.server] "GET /admin/login/?next=/admin/ HTTP/1.1" 200 3705
[2025-05-15 01:42:03,553] INFO [salon.views] Timezone: Europe/Moscow
[2025-05-15 01:42:03,695] INFO [django.server] "GET / HTTP/1.1" 200 4100
[2025-05-15 01:42:07,148] INFO [django.server] "GET /my-cars HTTP/1.1" 200 644
[2025-05-15 01:42:07,488] INFO [django.server] "GET /media/car_photos/bentley_lfdHm1O.jpg HTTP/1.1" 200 8854
[2025-05-15 02:31:49,996] INFO [django.utils.autoreload] C:\Users\pavel\PycharmProjects\ProjectLab5\AutoSalon\salon\views.py changed, reloading.
[2025-05-15 02:31:50,437] INFO [django.utils.autoreload] Watching for file changes with StatReloader
[2025-05-15 02:31:52,200] INFO [salon.views] Timezone: Europe/Moscow
[2025-05-15 02:31:52,339] INFO [django.server] "GET / HTTP/1.1" 200 4113
[2025-05-15 02:31:54,556] ERROR [django.request] Internal Server Error: /my-cars
Traceback (most recent call last):
  File "C:\Users\pavel\PycharmProjects\ProjectLab5\.venv\lib\site-packages\django\core\handlers\exception.py", line 55, in inner
    response = get_response(request)
  File "C:\Users\pavel\PycharmProjects\ProjectLab5\.venv\lib\site-packages\django\core\handlers\base.py", line 197, in _get_response
    response = wrapped_callback(request, *callback_args, **callback_kwargs)
  File "C:\Users\pavel\PycharmProjects\ProjectLab5\.venv\lib\site-packages\django\contrib\auth\decorators.py", line 23, in _wrapper_view
    return view_func(request, *args, **kwargs)
  File "C:\Users\pavel\PycharmProjects\ProjectLab5\.venv\lib\site-packages\django\contrib\auth\decorators.py", line 23, in _wrapper_view
    return view_func(request, *args, **kwargs)
  File "C:\Users\pavel\PycharmProjects\ProjectLab5\AutoSalon\salon\views.py", line 214, in my_purchased_cars
    return render(request, 'salon/purchased_cars.html', {'cars': cars})
  File "C:\Users\pavel\PycharmProjects\ProjectLab5\.venv\lib\site-packages\django\shortcuts.py", line 24, in render
    content = loader.render_to_string(template_name, context, request, using=using)
  File "C:\Users\pavel\PycharmProjects\ProjectLab5\.venv\lib\site-packages\django\template\loader.py", line 62, in render_to_string
    return template.render(context, request)
  File "C:\Users\pavel\PycharmProjects\ProjectLab5\.venv\lib\site-packages\django\template\backends\django.py", line 61, in render
    return self.template.render(context)
  File "C:\Users\pavel\PycharmProjects\ProjectLab5\.venv\lib\site-packages\django\template\base.py", line 175, in render
    return self._render(context)
  File "C:\Users\pavel\PycharmProjects\ProjectLab5\.venv\lib\site-packages\django\template\base.py", line 167, in _render
    return self.nodelist.render(context)
  File "C:\Users\pavel\PycharmProjects\ProjectLab5\.venv\lib\site-packages\django\template\base.py", line 1005, in render
    return SafeString("".join([node.render_annotated(context) for node in self]))
  File "C:\Users\pavel\PycharmProjects\ProjectLab5\.venv\lib\site-packages\django\template\base.py", line 1005, in <listcomp>
    return SafeString("".join([node.render_annotated(context) for node in self]))
  File "C:\Users\pavel\PycharmProjects\ProjectLab5\.venv\lib\site-packages\django\template\base.py", line 966, in render_annotated
    return self.render(context)
  File "C:\Users\pavel\PycharmProjects\ProjectLab5\.venv\lib\site-packages\django\template\defaulttags.py", line 321, in render
    return nodelist.render(context)
  File "C:\Users\pavel\PycharmProjects\ProjectLab5\.venv\lib\site-packages\django\template\base.py", line 1005, in render
    return SafeString("".join([node.render_annotated(context) for node in self]))
  File "C:\Users\pavel\PycharmProjects\ProjectLab5\.venv\lib\site-packages\django\template\base.py", line 1005, in <listcomp>
    return SafeString("".join([node.render_annotated(context) for node in self]))
  File "C:\Users\pavel\PycharmProjects\ProjectLab5\.venv\lib\site-packages\django\template\base.py", line 966, in render_annotated
    return self.render(context)
  File "C:\Users\pavel\PycharmProjects\ProjectLab5\.venv\lib\site-packages\django\template\defaulttags.py", line 238, in render
    nodelist.append(node.render_annotated(context))
  File "C:\Users\pavel\PycharmProjects\ProjectLab5\.venv\lib\site-packages\django\template\base.py", line 966, in render_annotated
    return self.render(context)
  File "C:\Users\pavel\PycharmProjects\ProjectLab5\.venv\lib\site-packages\django\template\defaulttags.py", line 471, in render
    url = reverse(view_name, args=args, kwargs=kwargs, current_app=current_app)
  File "C:\Users\pavel\PycharmProjects\ProjectLab5\.venv\lib\site-packages\django\urls\base.py", line 88, in reverse
    return resolver._reverse_with_prefix(view, prefix, *args, **kwargs)
  File "C:\Users\pavel\PycharmProjects\ProjectLab5\.venv\lib\site-packages\django\urls\resolvers.py", line 828, in _reverse_with_prefix
    raise NoReverseMatch(msg)
django.urls.exceptions.NoReverseMatch: Reverse for 'manage_purchase' not found. 'manage_purchase' is not a valid view function or pattern name.
[2025-05-15 02:31:54,559] ERROR [django.server] "GET /my-cars HTTP/1.1" 500 160598
[2025-05-15 02:32:28,883] INFO [django.utils.autoreload] C:\Users\pavel\PycharmProjects\ProjectLab5\AutoSalon\salon\urls.py changed, reloading.
[2025-05-15 02:32:29,291] INFO [django.utils.autoreload] Watching for file changes with StatReloader
[2025-05-15 02:32:37,735] INFO [django.utils.autoreload] C:\Users\pavel\PycharmProjects\ProjectLab5\AutoSalon\salon\urls.py changed, reloading.
[2025-05-15 02:32:38,148] INFO [django.utils.autoreload] Watching for file changes with StatReloader
[2025-05-15 02:32:42,450] INFO [django.utils.autoreload] C:\Users\pavel\PycharmProjects\ProjectLab5\AutoSalon\salon\urls.py changed, reloading.
[2025-05-15 02:32:42,876] INFO [django.utils.autoreload] Watching for file changes with StatReloader
[2025-05-15 02:32:51,279] INFO [django.utils.autoreload] C:\Users\pavel\PycharmProjects\ProjectLab5\AutoSalon\salon\urls.py changed, reloading.
[2025-05-15 02:32:51,665] INFO [django.utils.autoreload] Watching for file changes with StatReloader
[2025-05-15 02:32:52,487] INFO [salon.views] Timezone: Europe/Moscow
[2025-05-15 02:32:52,736] INFO [django.server] "GET / HTTP/1.1" 200 4113
[2025-05-15 02:32:57,239] ERROR [django.request] Internal Server Error: /my-cars
Traceback (most recent call last):
  File "C:\Users\pavel\PycharmProjects\ProjectLab5\.venv\lib\site-packages\django\core\handlers\exception.py", line 55, in inner
    response = get_response(request)
  File "C:\Users\pavel\PycharmProjects\ProjectLab5\.venv\lib\site-packages\django\core\handlers\base.py", line 197, in _get_response
    response = wrapped_callback(request, *callback_args, **callback_kwargs)
  File "C:\Users\pavel\PycharmProjects\ProjectLab5\.venv\lib\site-packages\django\contrib\auth\decorators.py", line 23, in _wrapper_view
    return view_func(request, *args, **kwargs)
  File "C:\Users\pavel\PycharmProjects\ProjectLab5\.venv\lib\site-packages\django\contrib\auth\decorators.py", line 23, in _wrapper_view
    return view_func(request, *args, **kwargs)
  File "C:\Users\pavel\PycharmProjects\ProjectLab5\AutoSalon\salon\views.py", line 214, in my_purchased_cars
    return render(request, 'salon/purchased_cars.html', {'cars': cars})
  File "C:\Users\pavel\PycharmProjects\ProjectLab5\.venv\lib\site-packages\django\shortcuts.py", line 24, in render
    content = loader.render_to_string(template_name, context, request, using=using)
  File "C:\Users\pavel\PycharmProjects\ProjectLab5\.venv\lib\site-packages\django\template\loader.py", line 62, in render_to_string
    return template.render(context, request)
  File "C:\Users\pavel\PycharmProjects\ProjectLab5\.venv\lib\site-packages\django\template\backends\django.py", line 61, in render
    return self.template.render(context)
  File "C:\Users\pavel\PycharmProjects\ProjectLab5\.venv\lib\site-packages\django\template\base.py", line 175, in render
    return self._render(context)
  File "C:\Users\pavel\PycharmProjects\ProjectLab5\.venv\lib\site-packages\django\template\base.py", line 167, in _render
    return self.nodelist.render(context)
  File "C:\Users\pavel\PycharmProjects\ProjectLab5\.venv\lib\site-packages\django\template\base.py", line 1005, in render
    return SafeString("".join([node.render_annotated(context) for node in self]))
  File "C:\Users\pavel\PycharmProjects\ProjectLab5\.venv\lib\site-packages\django\template\base.py", line 1005, in <listcomp>
    return SafeString("".join([node.render_annotated(context) for node in self]))
  File "C:\Users\pavel\PycharmProjects\ProjectLab5\.venv\lib\site-packages\django\template\base.py", line 966, in render_annotated
    return self.render(context)
  File "C:\Users\pavel\PycharmProjects\ProjectLab5\.venv\lib\site-packages\django\template\defaulttags.py", line 321, in render
    return nodelist.render(context)
  File "C:\Users\pavel\PycharmProjects\ProjectLab5\.venv\lib\site-packages\django\template\base.py", line 1005, in render
    return SafeString("".join([node.render_annotated(context) for node in self]))
  File "C:\Users\pavel\PycharmProjects\ProjectLab5\.venv\lib\site-packages\django\template\base.py", line 1005, in <listcomp>
    return SafeString("".join([node.render_annotated(context) for node in self]))
  File "C:\Users\pavel\PycharmProjects\ProjectLab5\.venv\lib\site-packages\django\template\base.py", line 966, in render_annotated
    return self.render(context)
  File "C:\Users\pavel\PycharmProjects\ProjectLab5\.venv\lib\site-packages\django\template\defaulttags.py", line 238, in render
    nodelist.append(node.render_annotated(context))
  File "C:\Users\pavel\PycharmProjects\ProjectLab5\.venv\lib\site-packages\django\template\base.py", line 966, in render_annotated
    return self.render(context)
  File "C:\Users\pavel\PycharmProjects\ProjectLab5\.venv\lib\site-packages\django\template\defaulttags.py", line 471, in render
    url = reverse(view_name, args=args, kwargs=kwargs, current_app=current_app)
  File "C:\Users\pavel\PycharmProjects\ProjectLab5\.venv\lib\site-packages\django\urls\base.py", line 88, in reverse
    return resolver._reverse_with_prefix(view, prefix, *args, **kwargs)
  File "C:\Users\pavel\PycharmProjects\ProjectLab5\.venv\lib\site-packages\django\urls\resolvers.py", line 828, in _reverse_with_prefix
    raise NoReverseMatch(msg)
django.urls.exceptions.NoReverseMatch: Reverse for 'manage_purchase' with arguments '('Bentley',)' not found. 1 pattern(s) tried: ['manage_purchase/(?P<pk>\\d+)/?$']
[2025-05-15 02:32:57,241] ERROR [django.server] "GET /my-cars HTTP/1.1" 500 163503
[2025-05-15 02:33:31,045] INFO [django.utils.autoreload] C:\Users\pavel\PycharmProjects\ProjectLab5\AutoSalon\salon\views.py changed, reloading.
[2025-05-15 02:33:31,474] INFO [django.utils.autoreload] Watching for file changes with StatReloader
[2025-05-15 02:33:48,783] INFO [django.server] "GET /my-cars HTTP/1.1" 200 731
[2025-05-15 02:33:48,807] INFO [django.server] "GET /media/car_photos/bentley_lfdHm1O.jpg HTTP/1.1" 304 0
[2025-05-15 02:33:52,691] INFO [django.server] "GET /manage_purchase/1 HTTP/1.1" 200 1889
[2025-05-15 02:34:01,111] INFO [django.server] "POST /manage_purchase/1 HTTP/1.1" 200 1889
[2025-05-15 02:34:07,692] INFO [django.server] "POST /manage_purchase/1 HTTP/1.1" 302 0
[2025-05-15 02:34:07,705] INFO [django.server] "GET /my-cars HTTP/1.1" 200 380
[2025-05-15 02:34:09,329] INFO [salon.views] Timezone: Europe/Moscow
[2025-05-15 02:34:09,471] INFO [django.server] "GET /home HTTP/1.1" 200 4113
[2025-05-15 02:34:11,943] INFO [django.server] "GET /my-cars HTTP/1.1" 200 380
[2025-05-15 02:34:14,463] INFO [salon.views] Timezone: Europe/Moscow
[2025-05-15 02:34:14,597] INFO [django.server] "GET /home HTTP/1.1" 200 4113
[2025-05-15 02:38:21,641] INFO [django.utils.autoreload] C:\Users\pavel\PycharmProjects\ProjectLab5\AutoSalon\salon\views.py changed, reloading.
[2025-05-15 02:38:22,045] INFO [django.utils.autoreload] Watching for file changes with StatReloader
[2025-05-15 02:38:23,086] INFO [salon.views] Timezone: Europe/Moscow
[2025-05-15 02:38:23,215] INFO [django.server] "GET / HTTP/1.1" 200 4113
[2025-05-15 02:38:25,944] INFO [django.server] "GET /car_list HTTP/1.1" 200 773
[2025-05-15 02:38:27,695] INFO [django.server] "GET /car_list/1/ HTTP/1.1" 200 916
[2025-05-15 02:38:51,032] INFO [django.utils.autoreload] C:\Users\pavel\PycharmProjects\ProjectLab5\AutoSalon\salon\views.py changed, reloading.
[2025-05-15 02:38:51,442] INFO [django.utils.autoreload] Watching for file changes with StatReloader
[2025-05-15 02:38:52,692] INFO [salon.views] Timezone: Europe/Moscow
[2025-05-15 02:38:52,823] INFO [django.server] "GET / HTTP/1.1" 200 4113
[2025-05-15 02:38:56,098] INFO [django.server] "GET /car_list HTTP/1.1" 200 773
[2025-05-15 02:38:57,420] INFO [django.server] "GET /car_list/1/ HTTP/1.1" 200 916
[2025-05-15 02:38:58,334] INFO [django.server] "GET /car_list/1/buy_car HTTP/1.1" 200 1942
[2025-05-15 02:38:59,577] INFO [django.server] "POST /car_list/1/buy_car HTTP/1.1" 302 0
[2025-05-15 02:38:59,584] INFO [django.server] "GET /car_list HTTP/1.1" 200 773
[2025-05-15 02:39:05,480] INFO [django.server] "GET /admin/ HTTP/1.1" 302 0
[2025-05-15 02:39:05,503] INFO [django.server] "GET /admin/login/?next=/admin/ HTTP/1.1" 200 3871
[2025-05-15 02:39:06,289] INFO [django.server] "GET /admin/ HTTP/1.1" 302 0
[2025-05-15 02:39:06,302] INFO [django.server] "GET /admin/login/?next=/admin/ HTTP/1.1" 200 3705
[2025-05-15 02:39:10,455] INFO [salon.views] Timezone: Europe/Moscow
[2025-05-15 02:39:10,585] INFO [django.server] "GET / HTTP/1.1" 200 4113
[2025-05-15 02:39:12,920] INFO [django.server] "GET /my-cars HTTP/1.1" 200 731
[2025-05-15 02:39:15,553] INFO [django.server] "GET /manage_purchase/1 HTTP/1.1" 200 1889
[2025-05-15 02:39:19,260] INFO [django.server] "POST /manage_purchase/1 HTTP/1.1" 302 0
[2025-05-15 02:39:19,272] INFO [django.server] "GET /my-cars HTTP/1.1" 200 731
[2025-05-15 02:39:25,361] INFO [salon.views] Timezone: Europe/Moscow
[2025-05-15 02:39:25,498] INFO [django.server] "GET /home HTTP/1.1" 200 4113
[2025-05-15 02:44:10,861] INFO [django.utils.autoreload] C:\Users\pavel\PycharmProjects\ProjectLab5\AutoSalon\salon\models.py changed, reloading.
[2025-05-15 02:44:11,297] INFO [django.utils.autoreload] Watching for file changes with StatReloader
[2025-05-15 02:44:34,173] INFO [salon.views] Timezone: Europe/Moscow
[2025-05-15 02:44:34,291] INFO [django.server] "GET / HTTP/1.1" 200 4100
[2025-05-15 02:46:05,753] INFO [django.utils.autoreload] C:\Users\pavel\PycharmProjects\ProjectLab5\AutoSalon\salon\urls.py changed, reloading.
[2025-05-15 02:46:06,125] INFO [django.utils.autoreload] Watching for file changes with StatReloader
[2025-05-15 02:46:07,132] INFO [salon.views] Timezone: Europe/Moscow
[2025-05-15 02:46:07,269] INFO [django.server] "GET / HTTP/1.1" 200 4113
[2025-05-15 02:46:10,485] INFO [django.server] "GET /logout HTTP/1.1" 302 0
[2025-05-15 02:46:10,489] INFO [salon.views] Timezone: Europe/Moscow
[2025-05-15 02:46:10,703] INFO [django.server] "GET /home HTTP/1.1" 200 4041
[2025-05-15 02:46:14,655] INFO [django.server] "GET /login HTTP/1.1" 200 1229
[2025-05-15 02:46:19,051] INFO [django.server] "GET /login HTTP/1.1" 200 1229
[2025-05-15 02:46:28,008] INFO [django.server] "POST /login HTTP/1.1" 302 0
[2025-05-15 02:46:28,016] INFO [salon.views] Timezone: Europe/Moscow
[2025-05-15 02:46:28,159] INFO [django.server] "GET /home HTTP/1.1" 200 4113
[2025-05-15 02:46:31,947] INFO [django.server] "GET /car_list HTTP/1.1" 200 773
[2025-05-15 02:46:32,294] INFO [django.server] "GET /media/car_photos/bentley_lfdHm1O.jpg HTTP/1.1" 200 8854
[2025-05-15 02:46:33,617] INFO [django.server] "GET /car_list/1/ HTTP/1.1" 200 916
[2025-05-15 02:46:34,631] INFO [django.server] "GET /car_list/1/buy_car HTTP/1.1" 200 1942
[2025-05-15 02:46:36,382] INFO [django.server] "POST /car_list/1/buy_car HTTP/1.1" 302 0
[2025-05-15 02:46:36,390] INFO [django.server] "GET /car_list HTTP/1.1" 200 773
[2025-05-15 02:46:38,257] INFO [django.server] "GET /car_list/1/ HTTP/1.1" 200 916
[2025-05-15 02:46:39,229] INFO [django.server] "GET /car_list/1/buy_car HTTP/1.1" 200 1942
[2025-05-15 02:46:40,013] INFO [django.server] "POST /car_list/1/buy_car HTTP/1.1" 302 0
[2025-05-15 02:46:40,021] INFO [django.server] "GET /car_list HTTP/1.1" 200 773
[2025-05-15 02:46:45,146] INFO [salon.views] Timezone: Europe/Moscow
[2025-05-15 02:46:45,277] INFO [django.server] "GET / HTTP/1.1" 200 4113
[2025-05-15 02:46:48,653] INFO [django.server] "GET /logout HTTP/1.1" 302 0
[2025-05-15 02:46:48,657] INFO [salon.views] Timezone: Europe/Moscow
[2025-05-15 02:46:48,802] INFO [django.server] "GET /home HTTP/1.1" 200 4041
[2025-05-15 02:46:51,310] INFO [django.server] "GET /login HTTP/1.1" 200 1229
[2025-05-15 02:47:02,126] INFO [django.server] "POST /login HTTP/1.1" 302 0
[2025-05-15 02:47:02,133] INFO [salon.views] Timezone: Europe/Moscow
[2025-05-15 02:47:02,303] ERROR [django.request] Internal Server Error: /home
Traceback (most recent call last):
  File "C:\Users\pavel\PycharmProjects\ProjectLab5\.venv\lib\site-packages\django\core\handlers\exception.py", line 55, in inner
    response = get_response(request)
  File "C:\Users\pavel\PycharmProjects\ProjectLab5\.venv\lib\site-packages\django\core\handlers\base.py", line 197, in _get_response
    response = wrapped_callback(request, *callback_args, **callback_kwargs)
  File "C:\Users\pavel\PycharmProjects\ProjectLab5\AutoSalon\salon\views.py", line 54, in home
    return render(request, 'salon/index.html', context)
  File "C:\Users\pavel\PycharmProjects\ProjectLab5\.venv\lib\site-packages\django\shortcuts.py", line 24, in render
    content = loader.render_to_string(template_name, context, request, using=using)
  File "C:\Users\pavel\PycharmProjects\ProjectLab5\.venv\lib\site-packages\django\template\loader.py", line 62, in render_to_string
    return template.render(context, request)
  File "C:\Users\pavel\PycharmProjects\ProjectLab5\.venv\lib\site-packages\django\template\backends\django.py", line 61, in render
    return self.template.render(context)
  File "C:\Users\pavel\PycharmProjects\ProjectLab5\.venv\lib\site-packages\django\template\base.py", line 175, in render
    return self._render(context)
  File "C:\Users\pavel\PycharmProjects\ProjectLab5\.venv\lib\site-packages\django\template\base.py", line 167, in _render
    return self.nodelist.render(context)
  File "C:\Users\pavel\PycharmProjects\ProjectLab5\.venv\lib\site-packages\django\template\base.py", line 1005, in render
    return SafeString("".join([node.render_annotated(context) for node in self]))
  File "C:\Users\pavel\PycharmProjects\ProjectLab5\.venv\lib\site-packages\django\template\base.py", line 1005, in <listcomp>
    return SafeString("".join([node.render_annotated(context) for node in self]))
  File "C:\Users\pavel\PycharmProjects\ProjectLab5\.venv\lib\site-packages\django\template\base.py", line 966, in render_annotated
    return self.render(context)
  File "C:\Users\pavel\PycharmProjects\ProjectLab5\.venv\lib\site-packages\django\template\defaulttags.py", line 321, in render
    return nodelist.render(context)
  File "C:\Users\pavel\PycharmProjects\ProjectLab5\.venv\lib\site-packages\django\template\base.py", line 1005, in render
    return SafeString("".join([node.render_annotated(context) for node in self]))
  File "C:\Users\pavel\PycharmProjects\ProjectLab5\.venv\lib\site-packages\django\template\base.py", line 1005, in <listcomp>
    return SafeString("".join([node.render_annotated(context) for node in self]))
  File "C:\Users\pavel\PycharmProjects\ProjectLab5\.venv\lib\site-packages\django\template\base.py", line 966, in render_annotated
    return self.render(context)
  File "C:\Users\pavel\PycharmProjects\ProjectLab5\.venv\lib\site-packages\django\template\defaulttags.py", line 471, in render
    url = reverse(view_name, args=args, kwargs=kwargs, current_app=current_app)
  File "C:\Users\pavel\PycharmProjects\ProjectLab5\.venv\lib\site-packages\django\urls\base.py", line 88, in reverse
    return resolver._reverse_with_prefix(view, prefix, *args, **kwargs)
  File "C:\Users\pavel\PycharmProjects\ProjectLab5\.venv\lib\site-packages\django\urls\resolvers.py", line 828, in _reverse_with_prefix
    raise NoReverseMatch(msg)
django.urls.exceptions.NoReverseMatch: Reverse for 'my_clietns' not found. 'my_clietns' is not a valid view function or pattern name.
[2025-05-15 02:47:02,307] ERROR [django.server] "GET /home HTTP/1.1" 500 206031
[2025-05-15 02:47:20,456] INFO [salon.views] Timezone: Europe/Moscow
[2025-05-15 02:47:20,586] INFO [django.server] "GET /home HTTP/1.1" 200 4121
[2025-05-15 02:47:23,102] INFO [django.server] "GET /my-clients/ HTTP/1.1" 200 1476
[2025-05-15 02:48:18,644] INFO [django.server] "GET /my-clients/ HTTP/1.1" 200 1370
[2025-05-15 02:48:56,440] INFO [django.server] "GET /my-clients/ HTTP/1.1" 200 1476
[2025-05-15 02:49:54,704] INFO [django.server] "GET /my-clients/ HTTP/1.1" 200 1407
[2025-05-15 02:49:55,677] INFO [django.server] "GET /my-clients/ HTTP/1.1" 200 1407
[2025-05-15 02:50:30,585] INFO [salon.views] Timezone: Europe/Moscow
[2025-05-15 02:50:30,711] INFO [django.server] "GET /home HTTP/1.1" 200 4121
[2025-05-15 02:50:32,426] INFO [django.server] "GET /my-clients/ HTTP/1.1" 200 1407
[2025-05-15 02:51:09,872] INFO [django.utils.autoreload] C:\Users\pavel\PycharmProjects\ProjectLab5\AutoSalon\salon\views.py changed, reloading.
[2025-05-15 02:51:10,252] INFO [django.utils.autoreload] Watching for file changes with StatReloader
[2025-05-15 02:51:12,785] INFO [django.server] "GET /my-clients/ HTTP/1.1" 200 1248
[2025-05-15 02:51:30,125] INFO [salon.views] Timezone: Europe/Moscow
[2025-05-15 02:51:30,232] INFO [django.server] "GET /home HTTP/1.1" 200 4121
[2025-05-15 02:51:33,464] INFO [django.server] "GET /car_list HTTP/1.1" 200 773
[2025-05-15 02:51:33,811] INFO [django.server] "GET /media/car_photos/bentley_lfdHm1O.jpg HTTP/1.1" 200 8854
[2025-05-15 02:52:32,379] INFO [django.server] "GET /car_list HTTP/1.1" 200 773
[2025-05-15 02:52:46,344] INFO [django.server] "GET /car_list HTTP/1.1" 200 808
[2025-05-15 02:52:47,817] INFO [salon.views] Timezone: Europe/Moscow
[2025-05-15 02:52:47,926] INFO [django.server] "GET /home HTTP/1.1" 200 4121
[2025-05-15 02:57:50,892] INFO [django.utils.autoreload] C:\Users\pavel\PycharmProjects\ProjectLab5\AutoSalon\salon\views.py changed, reloading.
[2025-05-15 02:57:51,306] INFO [django.utils.autoreload] Watching for file changes with StatReloader
[2025-05-15 02:58:12,113] INFO [django.utils.autoreload] C:\Users\pavel\PycharmProjects\ProjectLab5\AutoSalon\salon\views.py changed, reloading.
[2025-05-15 02:58:12,513] INFO [django.utils.autoreload] Watching for file changes with StatReloader
[2025-05-15 02:58:34,390] INFO [django.utils.autoreload] C:\Users\pavel\PycharmProjects\ProjectLab5\AutoSalon\salon\views.py changed, reloading.
[2025-05-15 02:58:34,750] INFO [django.utils.autoreload] Watching for file changes with StatReloader
[2025-05-15 02:58:36,136] INFO [salon.views] Timezone: Europe/Moscow
[2025-05-15 02:58:36,315] INFO [django.server] "GET / HTTP/1.1" 200 4121
[2025-05-15 02:58:37,072] INFO [django.utils.autoreload] C:\Users\pavel\PycharmProjects\ProjectLab5\AutoSalon\salon\views.py changed, reloading.
[2025-05-15 02:58:37,681] INFO [django.utils.autoreload] Watching for file changes with StatReloader
[2025-05-15 02:59:26,019] INFO [salon.views] Timezone: Europe/Moscow
[2025-05-15 02:59:26,167] INFO [django.server] "GET / HTTP/1.1" 200 4121
[2025-05-15 02:59:37,961] INFO [django.server] "GET /car_list HTTP/1.1" 200 808
[2025-05-15 02:59:37,997] INFO [django.server] "GET /media/car_photos/bentley_lfdHm1O.jpg HTTP/1.1" 304 0
[2025-05-15 02:59:39,884] INFO [django.server] "GET /car_list/1/ HTTP/1.1" 200 985
[2025-05-15 02:59:41,642] INFO [django.server] "GET /login?next=/reviews/add HTTP/1.1" 302 0
[2025-05-15 02:59:41,648] INFO [salon.views] Timezone: Europe/Moscow
[2025-05-15 02:59:41,847] INFO [django.server] "GET /home HTTP/1.1" 200 4121
[2025-05-15 02:59:46,461] INFO [django.server] "GET /logout HTTP/1.1" 302 0
[2025-05-15 02:59:46,465] INFO [salon.views] Timezone: Europe/Moscow
[2025-05-15 02:59:46,783] INFO [django.server] "GET /home HTTP/1.1" 200 4041
[2025-05-15 02:59:49,239] INFO [django.server] "GET /login HTTP/1.1" 200 1229
[2025-05-15 02:59:58,692] INFO [django.server] "POST /login HTTP/1.1" 302 0
[2025-05-15 02:59:58,698] INFO [salon.views] Timezone: Europe/Moscow
[2025-05-15 02:59:58,921] INFO [django.server] "GET /home HTTP/1.1" 200 4113
[2025-05-15 03:00:03,906] INFO [django.server] "GET /car_list HTTP/1.1" 200 808
[2025-05-15 03:00:05,941] INFO [django.server] "GET /car_list/1/ HTTP/1.1" 200 916
[2025-05-15 03:00:07,503] INFO [django.server] "GET /car_list/1/buy_car HTTP/1.1" 200 895
[2025-05-15 03:00:19,633] INFO [django.server] "GET /car_list/1/buy_car HTTP/1.1" 200 895
[2025-05-15 03:00:44,559] INFO [django.utils.autoreload] C:\Users\pavel\PycharmProjects\ProjectLab5\AutoSalon\salon\views.py changed, reloading.
[2025-05-15 03:00:44,962] INFO [django.utils.autoreload] Watching for file changes with StatReloader
[2025-05-15 03:00:46,448] INFO [django.server] "GET /car_list/1/buy_car HTTP/1.1" 200 895
[2025-05-15 03:00:52,985] INFO [django.server] "GET /car_list/1/buy_car HTTP/1.1" 200 895
[2025-05-15 03:01:00,206] INFO [django.server] "GET /car_list/1/buy_car HTTP/1.1" 200 895
[2025-05-15 03:01:20,251] INFO [django.utils.autoreload] C:\Users\pavel\PycharmProjects\ProjectLab5\AutoSalon\salon\views.py changed, reloading.
[2025-05-15 03:01:20,700] INFO [django.utils.autoreload] Watching for file changes with StatReloader
[2025-05-15 03:01:25,769] INFO [django.server] "GET /car_list/1/buy_car HTTP/1.1" 200 895
[2025-05-15 03:02:00,026] INFO [django.utils.autoreload] C:\Users\pavel\PycharmProjects\ProjectLab5\AutoSalon\salon\views.py changed, reloading.
[2025-05-15 03:02:00,387] INFO [django.utils.autoreload] Watching for file changes with StatReloader
[2025-05-15 03:02:01,673] INFO [django.server] "GET /car_list/1/buy_car HTTP/1.1" 200 895
[2025-05-15 03:02:04,189] INFO [django.server] "GET /car_list/1/buy_car HTTP/1.1" 200 895
[2025-05-15 03:02:04,770] INFO [django.server] "GET /car_list/1/buy_car HTTP/1.1" 200 895
[2025-05-15 03:02:08,464] INFO [django.server] "GET /car_list/1/buy_car HTTP/1.1" 200 895
[2025-05-15 03:02:58,272] INFO [django.server] "GET /car_list/1/buy_car HTTP/1.1" 200 895
[2025-05-15 03:03:20,905] INFO [salon.views] Timezone: Europe/Moscow
[2025-05-15 03:03:21,196] INFO [django.server] "GET / HTTP/1.1" 200 4113
[2025-05-15 03:03:23,763] INFO [django.server] "GET /car_list HTTP/1.1" 200 808
[2025-05-15 03:03:23,971] INFO [django.server] "GET /media/car_photos/bentley_lfdHm1O.jpg HTTP/1.1" 200 8854
[2025-05-15 03:03:25,775] INFO [django.server] "GET /car_list/1/ HTTP/1.1" 200 916
[2025-05-15 03:03:26,786] INFO [django.server] "GET /car_list/1/buy_car HTTP/1.1" 200 895
[2025-05-15 03:05:10,171] INFO [django.utils.autoreload] C:\Users\pavel\PycharmProjects\ProjectLab5\AutoSalon\salon\views.py changed, reloading.
[2025-05-15 03:05:10,559] INFO [django.utils.autoreload] Watching for file changes with StatReloader
[2025-05-15 03:05:13,131] INFO [django.server] "POST /car_list/1/buy_car HTTP/1.1" 302 0
[2025-05-15 03:05:13,143] INFO [django.server] "GET /car_list HTTP/1.1" 200 808
[2025-05-15 03:05:18,677] INFO [django.server] "GET /car_list/1/ HTTP/1.1" 200 916
[2025-05-15 03:05:20,464] INFO [django.server] "GET /car_list/1/buy_car HTTP/1.1" 200 895
[2025-05-15 03:05:36,534] INFO [django.utils.autoreload] C:\Users\pavel\PycharmProjects\ProjectLab5\AutoSalon\salon\views.py changed, reloading.
[2025-05-15 03:05:36,914] INFO [django.utils.autoreload] Watching for file changes with StatReloader
[2025-05-15 03:05:38,033] INFO [django.server] "GET /car_list/1/buy_car HTTP/1.1" 200 895
[2025-05-15 03:05:39,796] INFO [django.server] "GET /car_list/1/buy_car HTTP/1.1" 200 895
[2025-05-15 03:05:49,500] INFO [django.utils.autoreload] C:\Users\pavel\PycharmProjects\ProjectLab5\AutoSalon\salon\views.py changed, reloading.
[2025-05-15 03:05:49,874] INFO [django.utils.autoreload] Watching for file changes with StatReloader
[2025-05-15 03:05:51,164] INFO [django.server] "GET /car_list/1/buy_car HTTP/1.1" 200 895
[2025-05-15 03:06:26,113] INFO [django.utils.autoreload] C:\Users\pavel\PycharmProjects\ProjectLab5\AutoSalon\salon\views.py changed, reloading.
[2025-05-15 03:06:26,503] INFO [django.utils.autoreload] Watching for file changes with StatReloader
[2025-05-15 03:06:27,515] INFO [django.server] "GET /car_list/1/buy_car HTTP/1.1" 200 895
[2025-05-15 03:07:32,505] INFO [django.utils.autoreload] C:\Users\pavel\PycharmProjects\ProjectLab5\AutoSalon\salon\views.py changed, reloading.
[2025-05-15 03:07:32,911] INFO [django.utils.autoreload] Watching for file changes with StatReloader
[2025-05-15 03:08:01,037] INFO [django.utils.autoreload] C:\Users\pavel\PycharmProjects\ProjectLab5\AutoSalon\salon\views.py changed, reloading.
[2025-05-15 03:08:01,430] INFO [django.utils.autoreload] Watching for file changes with StatReloader
[2025-05-15 03:08:11,884] INFO [django.utils.autoreload] C:\Users\pavel\PycharmProjects\ProjectLab5\AutoSalon\salon\views.py changed, reloading.
[2025-05-15 03:08:12,257] INFO [django.utils.autoreload] Watching for file changes with StatReloader
[2025-05-15 03:08:17,891] INFO [django.server] "GET /car_list/1/buy_car HTTP/1.1" 200 1012
[2025-05-15 03:08:21,197] ERROR [django.request] Internal Server Error: /car_list/1/buy_car
Traceback (most recent call last):
  File "C:\Users\pavel\PycharmProjects\ProjectLab5\.venv\lib\site-packages\django\core\handlers\exception.py", line 55, in inner
    response = get_response(request)
  File "C:\Users\pavel\PycharmProjects\ProjectLab5\.venv\lib\site-packages\django\core\handlers\base.py", line 197, in _get_response
    response = wrapped_callback(request, *callback_args, **callback_kwargs)
  File "C:\Users\pavel\PycharmProjects\ProjectLab5\.venv\lib\site-packages\django\contrib\auth\decorators.py", line 23, in _wrapper_view
    return view_func(request, *args, **kwargs)
  File "C:\Users\pavel\PycharmProjects\ProjectLab5\.venv\lib\site-packages\django\contrib\auth\decorators.py", line 23, in _wrapper_view
    return view_func(request, *args, **kwargs)
  File "C:\Users\pavel\PycharmProjects\ProjectLab5\AutoSalon\salon\views.py", line 203, in car_buy
    discount = car.price * (promo.discount_value / 100)
TypeError: unsupported operand type(s) for *: 'decimal.Decimal' and 'float'
[2025-05-15 03:08:21,199] ERROR [django.server] "POST /car_list/1/buy_car HTTP/1.1" 500 82720
[2025-05-15 03:08:46,648] INFO [django.utils.autoreload] C:\Users\pavel\PycharmProjects\ProjectLab5\AutoSalon\salon\views.py changed, reloading.
[2025-05-15 03:08:47,016] INFO [django.utils.autoreload] Watching for file changes with StatReloader
[2025-05-15 03:08:48,583] ERROR [django.request] Internal Server Error: /car_list/1/buy_car
Traceback (most recent call last):
  File "C:\Users\pavel\PycharmProjects\ProjectLab5\.venv\lib\site-packages\django\core\handlers\exception.py", line 55, in inner
    response = get_response(request)
  File "C:\Users\pavel\PycharmProjects\ProjectLab5\.venv\lib\site-packages\django\core\handlers\base.py", line 197, in _get_response
    response = wrapped_callback(request, *callback_args, **callback_kwargs)
  File "C:\Users\pavel\PycharmProjects\ProjectLab5\.venv\lib\site-packages\django\contrib\auth\decorators.py", line 23, in _wrapper_view
    return view_func(request, *args, **kwargs)
  File "C:\Users\pavel\PycharmProjects\ProjectLab5\.venv\lib\site-packages\django\contrib\auth\decorators.py", line 23, in _wrapper_view
    return view_func(request, *args, **kwargs)
  File "C:\Users\pavel\PycharmProjects\ProjectLab5\AutoSalon\salon\views.py", line 205, in car_buy
    discount = car.price * decimal((promo.discount_value / 100))
TypeError: decimal() argument 1 must be a unicode character, not float
[2025-05-15 03:08:48,584] ERROR [django.server] "POST /car_list/1/buy_car HTTP/1.1" 500 82638
[2025-05-15 03:09:01,698] INFO [django.utils.autoreload] C:\Users\pavel\PycharmProjects\ProjectLab5\AutoSalon\salon\views.py changed, reloading.
[2025-05-15 03:09:02,057] INFO [django.utils.autoreload] Watching for file changes with StatReloader
[2025-05-15 03:09:03,759] ERROR [django.request] Internal Server Error: /car_list/1/buy_car
Traceback (most recent call last):
  File "C:\Users\pavel\PycharmProjects\ProjectLab5\.venv\lib\site-packages\django\core\handlers\exception.py", line 55, in inner
    response = get_response(request)
  File "C:\Users\pavel\PycharmProjects\ProjectLab5\.venv\lib\site-packages\django\core\handlers\base.py", line 197, in _get_response
    response = wrapped_callback(request, *callback_args, **callback_kwargs)
  File "C:\Users\pavel\PycharmProjects\ProjectLab5\.venv\lib\site-packages\django\contrib\auth\decorators.py", line 23, in _wrapper_view
    return view_func(request, *args, **kwargs)
  File "C:\Users\pavel\PycharmProjects\ProjectLab5\.venv\lib\site-packages\django\contrib\auth\decorators.py", line 23, in _wrapper_view
    return view_func(request, *args, **kwargs)
  File "C:\Users\pavel\PycharmProjects\ProjectLab5\AutoSalon\salon\views.py", line 203, in car_buy
    discount = car.price * (promo.discount_value / 100)
TypeError: unsupported operand type(s) for *: 'decimal.Decimal' and 'float'
[2025-05-15 03:09:03,760] ERROR [django.server] "POST /car_list/1/buy_car HTTP/1.1" 500 82720
[2025-05-15 03:10:11,593] INFO [django.utils.autoreload] C:\Users\pavel\PycharmProjects\ProjectLab5\AutoSalon\salon\views.py changed, reloading.
[2025-05-15 03:10:11,952] INFO [django.utils.autoreload] Watching for file changes with StatReloader
[2025-05-15 03:10:15,675] INFO [django.server] "POST /car_list/1/buy_car HTTP/1.1" 302 0
[2025-05-15 03:10:15,689] INFO [django.server] "GET /car_list HTTP/1.1" 200 808
[2025-05-15 03:10:18,897] INFO [salon.views] Timezone: Europe/Moscow
[2025-05-15 03:10:19,042] INFO [django.server] "GET /home HTTP/1.1" 200 4113
[2025-05-15 03:10:21,401] INFO [django.server] "GET /my-cars HTTP/1.1" 200 731
[2025-05-15 03:11:19,692] INFO [django.server] "GET /manage_purchase/1 HTTP/1.1" 200 1889
[2025-05-15 03:11:22,310] INFO [django.server] "POST /manage_purchase/1 HTTP/1.1" 302 0
[2025-05-15 03:11:22,322] INFO [django.server] "GET /my-cars HTTP/1.1" 200 731
[2025-05-15 03:11:24,626] INFO [django.server] "GET /my-cars HTTP/1.1" 200 731
[2025-05-15 03:11:25,682] INFO [django.server] "GET /manage_purchase/1 HTTP/1.1" 200 1889
[2025-05-15 03:11:30,773] INFO [django.server] "POST /manage_purchase/1 HTTP/1.1" 302 0
[2025-05-15 03:11:30,786] INFO [django.server] "GET /my-cars HTTP/1.1" 200 731
[2025-05-15 03:11:33,384] INFO [salon.views] Timezone: Europe/Moscow
[2025-05-15 03:11:33,511] INFO [django.server] "GET /home HTTP/1.1" 200 4113
[2025-05-15 03:11:33,841] INFO [salon.views] Timezone: Europe/Moscow
[2025-05-15 03:11:33,950] INFO [django.server] "GET /home HTTP/1.1" 200 4113
[2025-05-15 03:11:35,476] INFO [django.server] "GET /my-cars HTTP/1.1" 200 731
[2025-05-15 03:15:33,443] INFO [django.utils.autoreload] Watching for file changes with StatReloader
[2025-05-15 03:15:35,011] INFO [salon.views] Timezone: Europe/Moscow
[2025-05-15 03:15:35,149] INFO [django.server] "GET / HTTP/1.1" 200 4113
[2025-05-15 03:15:37,254] INFO [django.server] "GET /car_list HTTP/1.1" 200 808
[2025-05-15 03:15:37,469] INFO [django.server] "GET /media/car_photos/bentley_lfdHm1O.jpg HTTP/1.1" 200 8854
[2025-05-15 03:15:38,747] INFO [django.server] "GET /car_list/1/ HTTP/1.1" 200 916
[2025-05-15 03:15:41,840] INFO [django.server] "GET /car_list/1/buy_car HTTP/1.1" 200 1012
[2025-05-15 03:15:45,714] INFO [django.server] "POST /car_list/1/buy_car HTTP/1.1" 302 0
[2025-05-15 03:15:45,722] INFO [django.server] "GET /car_list HTTP/1.1" 200 808
[2025-05-15 03:15:47,495] INFO [salon.views] Timezone: Europe/Moscow
[2025-05-15 03:15:47,593] INFO [django.server] "GET /home HTTP/1.1" 200 4113
[2025-05-15 03:15:49,812] INFO [django.server] "GET /my-cars HTTP/1.1" 200 720
[2025-05-15 03:19:14,790] INFO [django.utils.autoreload] C:\Users\pavel\PycharmProjects\ProjectLab5\AutoSalon\salon\views.py changed, reloading.
[2025-05-15 03:19:15,176] INFO [django.utils.autoreload] Watching for file changes with StatReloader
[2025-05-15 03:19:32,828] INFO [django.utils.autoreload] C:\Users\pavel\PycharmProjects\ProjectLab5\AutoSalon\salon\views.py changed, reloading.
[2025-05-15 03:19:33,196] INFO [django.utils.autoreload] Watching for file changes with StatReloader
[2025-05-15 03:19:47,582] INFO [django.utils.autoreload] Watching for file changes with StatReloader
[2025-05-15 03:21:06,029] INFO [django.utils.autoreload] C:\Users\pavel\PycharmProjects\ProjectLab5\AutoSalon\salon\views.py changed, reloading.
[2025-05-15 03:21:06,477] INFO [django.utils.autoreload] Watching for file changes with StatReloader
[2025-05-15 03:21:12,887] INFO [django.utils.autoreload] C:\Users\pavel\PycharmProjects\ProjectLab5\AutoSalon\salon\views.py changed, reloading.
[2025-05-15 03:21:13,269] INFO [django.utils.autoreload] Watching for file changes with StatReloader
[2025-05-15 03:21:14,672] INFO [salon.views] Timezone: Europe/Moscow
[2025-05-15 03:21:14,827] INFO [django.server] "GET / HTTP/1.1" 200 4113
[2025-05-15 03:21:17,632] INFO [django.server] "GET /car_list HTTP/1.1" 200 808
[2025-05-15 03:21:17,830] INFO [django.server] "GET /media/car_photos/bentley_lfdHm1O.jpg HTTP/1.1" 200 8854
[2025-05-15 03:21:19,624] INFO [django.server] "GET /car_list/1/ HTTP/1.1" 200 916
[2025-05-15 03:21:20,754] INFO [django.server] "GET /car_list/1/buy_car HTTP/1.1" 200 1012
[2025-05-15 03:21:23,755] INFO [django.server] "POST /car_list/1/buy_car HTTP/1.1" 302 0
[2025-05-15 03:21:23,762] INFO [django.server] "GET /car_list HTTP/1.1" 200 809
[2025-05-15 03:21:25,435] INFO [salon.views] Timezone: Europe/Moscow
[2025-05-15 03:21:25,530] INFO [django.server] "GET /home HTTP/1.1" 200 4113
[2025-05-15 03:21:27,499] ERROR [django.request] Internal Server Error: /my-cars
Traceback (most recent call last):
  File "C:\Users\pavel\PycharmProjects\ProjectLab5\.venv\lib\site-packages\django\core\handlers\exception.py", line 55, in inner
    response = get_response(request)
  File "C:\Users\pavel\PycharmProjects\ProjectLab5\.venv\lib\site-packages\django\core\handlers\base.py", line 197, in _get_response
    response = wrapped_callback(request, *callback_args, **callback_kwargs)
  File "C:\Users\pavel\PycharmProjects\ProjectLab5\.venv\lib\site-packages\django\contrib\auth\decorators.py", line 23, in _wrapper_view
    return view_func(request, *args, **kwargs)
  File "C:\Users\pavel\PycharmProjects\ProjectLab5\.venv\lib\site-packages\django\contrib\auth\decorators.py", line 23, in _wrapper_view
    return view_func(request, *args, **kwargs)
  File "C:\Users\pavel\PycharmProjects\ProjectLab5\AutoSalon\salon\views.py", line 227, in my_purchased_cars
    cars_with_prices = [(buyer.favorite_cars.first(), buyer.real_price) for buyer in buyers if buyer.favorite_cars.exists()]
  File "C:\Users\pavel\PycharmProjects\ProjectLab5\AutoSalon\salon\views.py", line 227, in <listcomp>
    cars_with_prices = [(buyer.favorite_cars.first(), buyer.real_price) for buyer in buyers if buyer.favorite_cars.exists()]
AttributeError: 'Buyer' object has no attribute 'real_price'
[2025-05-15 03:21:27,501] ERROR [django.server] "GET /my-cars HTTP/1.1" 500 84641
[2025-05-15 03:21:44,454] INFO [django.utils.autoreload] C:\Users\pavel\PycharmProjects\ProjectLab5\AutoSalon\salon\views.py changed, reloading.
[2025-05-15 03:21:44,872] INFO [django.utils.autoreload] Watching for file changes with StatReloader
[2025-05-15 03:21:45,130] ERROR [django.request] Internal Server Error: /my-cars
Traceback (most recent call last):
  File "C:\Users\pavel\PycharmProjects\ProjectLab5\.venv\lib\site-packages\django\core\handlers\exception.py", line 55, in inner
    response = get_response(request)
  File "C:\Users\pavel\PycharmProjects\ProjectLab5\.venv\lib\site-packages\django\core\handlers\base.py", line 197, in _get_response
    response = wrapped_callback(request, *callback_args, **callback_kwargs)
  File "C:\Users\pavel\PycharmProjects\ProjectLab5\.venv\lib\site-packages\django\contrib\auth\decorators.py", line 23, in _wrapper_view
    return view_func(request, *args, **kwargs)
  File "C:\Users\pavel\PycharmProjects\ProjectLab5\.venv\lib\site-packages\django\contrib\auth\decorators.py", line 23, in _wrapper_view
    return view_func(request, *args, **kwargs)
  File "C:\Users\pavel\PycharmProjects\ProjectLab5\AutoSalon\salon\views.py", line 229, in my_purchased_cars
    return render(request, 'salon/my_purchased_cars.html', {
  File "C:\Users\pavel\PycharmProjects\ProjectLab5\.venv\lib\site-packages\django\shortcuts.py", line 24, in render
    content = loader.render_to_string(template_name, context, request, using=using)
  File "C:\Users\pavel\PycharmProjects\ProjectLab5\.venv\lib\site-packages\django\template\loader.py", line 61, in render_to_string
    template = get_template(template_name, using=using)
  File "C:\Users\pavel\PycharmProjects\ProjectLab5\.venv\lib\site-packages\django\template\loader.py", line 19, in get_template
    raise TemplateDoesNotExist(template_name, chain=chain)
django.template.exceptions.TemplateDoesNotExist: salon/my_purchased_cars.html
[2025-05-15 03:21:45,131] ERROR [django.server] "GET /my-cars HTTP/1.1" 500 97088
[2025-05-15 03:22:16,026] INFO [django.utils.autoreload] C:\Users\pavel\PycharmProjects\ProjectLab5\AutoSalon\salon\views.py changed, reloading.
[2025-05-15 03:22:16,482] INFO [django.utils.autoreload] Watching for file changes with StatReloader
[2025-05-15 03:22:17,357] INFO [django.server] "GET /my-cars HTTP/1.1" 200 2216
[2025-05-15 03:22:26,219] INFO [django.server] "GET /manage_purchase/1 HTTP/1.1" 200 1889
[2025-05-15 03:22:29,539] INFO [django.server] "POST /manage_purchase/1 HTTP/1.1" 302 0
[2025-05-15 03:22:29,562] INFO [django.server] "GET /my-cars HTTP/1.1" 200 1944
[2025-05-15 03:22:32,456] INFO [django.server] "GET /manage_purchase/1 HTTP/1.1" 200 1889
[2025-05-15 03:22:35,215] INFO [django.server] "POST /manage_purchase/1 HTTP/1.1" 302 0
[2025-05-15 03:22:35,240] INFO [django.server] "GET /my-cars HTTP/1.1" 200 1672
[2025-05-15 03:22:36,729] INFO [django.server] "GET /manage_purchase/1 HTTP/1.1" 200 1889
[2025-05-15 03:22:39,280] INFO [django.server] "POST /manage_purchase/1 HTTP/1.1" 302 0
[2025-05-15 03:22:39,301] INFO [django.server] "GET /my-cars HTTP/1.1" 200 1400
[2025-05-15 03:22:40,656] INFO [django.server] "GET /manage_purchase/1 HTTP/1.1" 200 1889
[2025-05-15 03:22:43,892] INFO [django.server] "POST /manage_purchase/1 HTTP/1.1" 302 0
[2025-05-15 03:22:43,913] INFO [django.server] "GET /my-cars HTTP/1.1" 200 1128
[2025-05-15 03:22:45,787] INFO [django.server] "GET /manage_purchase/1 HTTP/1.1" 200 1889
[2025-05-15 03:22:48,642] INFO [django.server] "POST /manage_purchase/1 HTTP/1.1" 302 0
[2025-05-15 03:22:48,662] INFO [django.server] "GET /my-cars HTTP/1.1" 200 856
[2025-05-15 03:22:49,886] INFO [django.server] "GET /manage_purchase/1 HTTP/1.1" 200 1889
[2025-05-15 03:22:52,852] INFO [django.server] "POST /manage_purchase/1 HTTP/1.1" 302 0
[2025-05-15 03:22:52,873] INFO [django.server] "GET /my-cars HTTP/1.1" 200 584
[2025-05-15 03:23:42,703] INFO [django.server] "GET /my-cars HTTP/1.1" 200 622
[2025-05-15 03:23:43,995] INFO [salon.views] Timezone: Europe/Moscow
[2025-05-15 03:23:44,128] INFO [django.server] "GET /home HTTP/1.1" 200 4113
[2025-05-15 03:43:50,904] INFO [django.server] "GET /about HTTP/1.1" 200 486
[2025-05-15 03:43:52,317] INFO [salon.views] Timezone: Europe/Moscow
[2025-05-15 03:43:52,591] INFO [django.server] "GET /home HTTP/1.1" 200 4112
[2025-05-15 03:43:56,857] INFO [salon.views] Timezone: Europe/Moscow
[2025-05-15 03:43:56,964] INFO [django.server] "GET / HTTP/1.1" 200 4112
[2025-05-15 03:44:00,452] INFO [django.server] "GET /admin/ HTTP/1.1" 302 0
[2025-05-15 03:44:00,476] INFO [django.server] "GET /admin/login/?next=/admin/ HTTP/1.1" 200 5109
[2025-05-15 03:44:08,635] INFO [django.server] "POST /admin/login/?next=/admin/ HTTP/1.1" 302 0
[2025-05-15 03:44:08,656] INFO [django.server] "GET /admin/ HTTP/1.1" 200 8628
[2025-05-15 03:44:12,799] INFO [django.server] "GET /admin/salon/car/add/ HTTP/1.1" 200 14073
[2025-05-15 03:44:12,835] INFO [django.server] "GET /admin/jsi18n/ HTTP/1.1" 200 3343
[2025-05-15 03:45:27,043] INFO [django.server] "POST /admin/salon/car/add/ HTTP/1.1" 302 0
[2025-05-15 03:45:27,078] INFO [django.server] "GET /admin/salon/car/ HTTP/1.1" 200 10462
[2025-05-15 03:45:27,108] INFO [django.server] "GET /admin/jsi18n/ HTTP/1.1" 200 3343
[2025-05-15 03:45:27,207] WARNING [django.request] Not Found: /favicon.ico
[2025-05-15 03:45:27,208] WARNING [django.server] "GET /favicon.ico HTTP/1.1" 404 6053
[2025-05-15 03:45:29,889] INFO [django.server] "GET /admin/salon/car/add/ HTTP/1.1" 200 14073
[2025-05-15 03:45:29,914] INFO [django.server] "GET /admin/jsi18n/ HTTP/1.1" 200 3343
[2025-05-15 03:47:56,032] INFO [django.server] "POST /admin/salon/car/add/ HTTP/1.1" 200 14329
[2025-05-15 03:47:56,061] INFO [django.server] "GET /admin/jsi18n/ HTTP/1.1" 200 3343
[2025-05-15 03:48:00,168] INFO [django.server] "POST /admin/salon/car/add/ HTTP/1.1" 200 14328
[2025-05-15 03:48:00,194] INFO [django.server] "GET /admin/jsi18n/ HTTP/1.1" 200 3343
[2025-05-15 03:48:02,961] INFO [django.server] "POST /admin/salon/car/add/ HTTP/1.1" 200 14342
[2025-05-15 03:48:02,987] INFO [django.server] "GET /admin/jsi18n/ HTTP/1.1" 200 3343
[2025-05-15 03:48:06,652] INFO [django.server] "POST /admin/salon/car/add/ HTTP/1.1" 200 14341
[2025-05-15 03:48:06,685] INFO [django.server] "GET /admin/jsi18n/ HTTP/1.1" 200 3343
[2025-05-15 03:48:10,334] INFO [django.server] "POST /admin/salon/car/add/ HTTP/1.1" 302 0
[2025-05-15 03:48:10,352] INFO [django.server] "GET /admin/salon/car/ HTTP/1.1" 200 10683
[2025-05-15 03:48:10,380] INFO [django.server] "GET /admin/jsi18n/ HTTP/1.1" 200 3343
[2025-05-15 03:48:42,076] INFO [django.server] "GET /admin/salon/car/add/ HTTP/1.1" 200 14073
[2025-05-15 03:48:42,102] INFO [django.server] "GET /admin/jsi18n/ HTTP/1.1" 200 3343
[2025-05-15 03:48:42,196] WARNING [django.request] Not Found: /favicon.ico
[2025-05-15 03:48:42,197] WARNING [django.server] "GET /favicon.ico HTTP/1.1" 404 6053
[2025-05-15 03:49:13,278] INFO [django.server] "POST /admin/salon/car/add/ HTTP/1.1" 302 0
[2025-05-15 03:49:13,295] INFO [django.server] "GET /admin/salon/car/ HTTP/1.1" 200 10890
[2025-05-15 03:49:13,324] INFO [django.server] "GET /admin/jsi18n/ HTTP/1.1" 200 3343
[2025-05-15 03:49:20,866] INFO [django.server] "GET /admin/salon/car/add/ HTTP/1.1" 200 14073
[2025-05-15 03:49:20,892] INFO [django.server] "GET /admin/jsi18n/ HTTP/1.1" 200 3343
[2025-05-15 03:54:20,766] INFO [django.server] "POST /admin/salon/car/add/ HTTP/1.1" 302 0
[2025-05-15 03:54:20,784] INFO [django.server] "GET /admin/salon/car/ HTTP/1.1" 200 11103
[2025-05-15 03:54:20,810] INFO [django.server] "GET /admin/jsi18n/ HTTP/1.1" 200 3343
[2025-05-15 03:54:20,850] WARNING [django.request] Not Found: /favicon.ico
[2025-05-15 03:54:20,850] WARNING [django.server] "GET /favicon.ico HTTP/1.1" 404 6053
[2025-05-15 04:13:45,588] INFO [django.server] "GET /admin/salon/car/add/ HTTP/1.1" 200 14073
[2025-05-15 04:13:45,626] INFO [django.server] "GET /static/admin/css/base.css HTTP/1.1" 304 0
[2025-05-15 04:13:45,636] INFO [django.server] "GET /static/admin/css/dark_mode.css HTTP/1.1" 304 0
[2025-05-15 04:13:45,637] INFO [django.server] "GET /static/admin/css/nav_sidebar.css HTTP/1.1" 304 0
[2025-05-15 04:13:45,637] INFO [django.server] "GET /static/admin/css/forms.css HTTP/1.1" 304 0
[2025-05-15 04:13:45,638] INFO [django.server] "GET /static/admin/js/vendor/jquery/jquery.js HTTP/1.1" 304 0
[2025-05-15 04:13:45,640] INFO [django.server] "GET /static/admin/js/jquery.init.js HTTP/1.1" 304 0
[2025-05-15 04:13:45,642] INFO [django.server] "GET /static/admin/css/responsive.css HTTP/1.1" 304 0
[2025-05-15 04:13:45,643] INFO [django.server] "GET /static/admin/js/admin/RelatedObjectLookups.js HTTP/1.1" 304 0
[2025-05-15 04:13:45,644] INFO [django.server] "GET /static/admin/js/core.js HTTP/1.1" 304 0
[2025-05-15 04:13:45,647] INFO [django.server] "GET /static/admin/js/urlify.js HTTP/1.1" 304 0
[2025-05-15 04:13:45,647] INFO [django.server] "GET /static/admin/js/actions.js HTTP/1.1" 304 0
[2025-05-15 04:13:45,649] INFO [django.server] "GET /static/admin/js/prepopulate.js HTTP/1.1" 304 0
[2025-05-15 04:13:45,650] INFO [django.server] "GET /static/admin/js/vendor/xregexp/xregexp.js HTTP/1.1" 304 0
[2025-05-15 04:13:45,650] INFO [django.server] "GET /admin/jsi18n/ HTTP/1.1" 200 3343
[2025-05-15 04:13:45,651] INFO [django.server] "GET /static/admin/js/prepopulate_init.js HTTP/1.1" 304 0
[2025-05-15 04:13:45,654] INFO [django.server] "GET /static/admin/css/widgets.css HTTP/1.1" 304 0
[2025-05-15 04:13:45,731] INFO [django.server] "GET /static/admin/js/nav_sidebar.js HTTP/1.1" 304 0
[2025-05-15 04:13:45,731] INFO [django.server] "GET /static/admin/js/theme.js HTTP/1.1" 304 0
[2025-05-15 04:13:45,735] INFO [django.server] "GET /static/admin/js/change_form.js HTTP/1.1" 304 0
[2025-05-15 04:13:45,766] WARNING [django.request] Not Found: /favicon.ico
[2025-05-15 04:13:45,766] WARNING [django.server] "GET /favicon.ico HTTP/1.1" 404 6053
[2025-05-15 04:14:10,568] INFO [django.server] "POST /admin/salon/car/add/ HTTP/1.1" 302 0
[2025-05-15 04:14:10,586] INFO [django.server] "GET /admin/salon/car/ HTTP/1.1" 200 11317
[2025-05-15 04:14:10,613] INFO [django.server] "GET /static/admin/css/changelists.css HTTP/1.1" 304 0
[2025-05-15 04:14:10,617] INFO [django.server] "GET /admin/jsi18n/ HTTP/1.1" 200 3343
[2025-05-15 04:14:10,619] INFO [django.server] "GET /static/admin/js/filters.js HTTP/1.1" 304 0
[2025-05-15 04:14:10,630] INFO [django.server] "GET /static/admin/img/icon-yes.svg HTTP/1.1" 304 0
[2025-05-15 04:15:02,502] INFO [django.server] "GET /admin/salon/car/add/ HTTP/1.1" 200 14073
[2025-05-15 04:15:02,527] INFO [django.server] "GET /admin/jsi18n/ HTTP/1.1" 200 3343
[2025-05-15 04:15:32,448] INFO [django.server] "POST /admin/salon/car/add/ HTTP/1.1" 302 0
[2025-05-15 04:15:32,466] INFO [django.server] "GET /admin/salon/car/ HTTP/1.1" 200 11539
[2025-05-15 04:15:32,496] INFO [django.server] "GET /admin/jsi18n/ HTTP/1.1" 200 3343
[2025-05-15 04:15:54,266] INFO [django.server] "GET /admin HTTP/1.1" 301 0
[2025-05-15 04:15:54,277] INFO [django.server] "GET /admin/ HTTP/1.1" 200 10387
[2025-05-15 04:15:54,410] INFO [django.server] "GET /static/admin/css/dashboard.css HTTP/1.1" 304 0
[2025-05-15 04:15:54,425] INFO [django.server] "GET /static/admin/img/icon-changelink.svg HTTP/1.1" 304 0
[2025-05-15 04:15:54,425] INFO [django.server] "GET /static/admin/img/icon-addlink.svg HTTP/1.1" 304 0
[2025-05-15 04:15:54,992] INFO [salon.views] Timezone: Europe/Moscow
[2025-05-15 04:15:55,146] INFO [django.server] "GET / HTTP/1.1" 200 4118
[2025-05-15 04:15:55,197] INFO [django.server] "GET /static/logo.jpg HTTP/1.1" 304 0
[2025-05-15 04:15:57,356] INFO [django.server] "GET /logout HTTP/1.1" 302 0
[2025-05-15 04:15:57,360] INFO [salon.views] Timezone: Europe/Moscow
[2025-05-15 04:15:57,495] INFO [django.server] "GET /home HTTP/1.1" 200 4040
[2025-05-15 04:16:00,880] INFO [django.server] "GET /login HTTP/1.1" 200 1229
[2025-05-15 04:16:12,543] INFO [django.server] "POST /login HTTP/1.1" 302 0
[2025-05-15 04:16:12,550] INFO [salon.views] Timezone: Europe/Moscow
[2025-05-15 04:16:12,750] INFO [django.server] "GET /home HTTP/1.1" 200 4112
[2025-05-15 04:16:14,824] INFO [django.server] "GET /car_list HTTP/1.1" 200 2814
[2025-05-15 04:16:15,617] INFO [django.server] "GET /media/car_photos/bentley_lfdHm1O.jpg HTTP/1.1" 200 8854
[2025-05-15 04:16:15,624] INFO [django.server] "GET /media/car_photos/ferf90.jpg HTTP/1.1" 200 7818
[2025-05-15 04:16:15,624] INFO [django.server] "GET /media/car_photos/lambau.jpg HTTP/1.1" 200 7857
[2025-05-15 04:16:15,624] INFO [django.server] "GET /media/car_photos/supra.jpg HTTP/1.1" 200 8669
[2025-05-15 04:16:15,634] INFO [django.server] "GET /media/car_photos/bmwm5.jpg HTTP/1.1" 200 6232
[2025-05-15 04:16:15,635] INFO [django.server] "GET /media/car_photos/li9.jpg HTTP/1.1" 200 4513
[2025-05-15 04:16:39,701] INFO [django.server] "GET /admin/ HTTP/1.1" 302 0
[2025-05-15 04:16:39,714] INFO [django.server] "GET /admin/login/?next=/admin/ HTTP/1.1" 200 3981
[2025-05-15 04:16:39,841] INFO [django.server] "GET /static/admin/css/login.css HTTP/1.1" 304 0
[2025-05-15 04:16:41,030] WARNING [django.request] Not Found: /aston
[2025-05-15 04:16:41,030] WARNING [django.server] "GET /aston HTTP/1.1" 404 6035
[2025-05-15 04:16:41,217] WARNING [django.request] Not Found: /favicon.ico
[2025-05-15 04:16:41,217] WARNING [django.server] "GET /favicon.ico HTTP/1.1" 404 6053
[2025-05-15 04:16:44,492] INFO [django.server] "GET /admin/ HTTP/1.1" 302 0
[2025-05-15 04:16:44,501] INFO [django.server] "GET /admin/login/?next=/admin/ HTTP/1.1" 200 3705
[2025-05-15 04:16:45,329] INFO [django.server] "GET /admin HTTP/1.1" 301 0
[2025-05-15 04:16:45,335] INFO [django.server] "GET /admin/ HTTP/1.1" 302 0
[2025-05-15 04:16:45,346] INFO [django.server] "GET /admin/login/?next=/admin/ HTTP/1.1" 200 3705
[2025-05-15 04:16:52,336] INFO [django.server] "POST /admin/login/?next=/admin/ HTTP/1.1" 302 0
[2025-05-15 04:16:52,348] INFO [django.server] "GET /admin/ HTTP/1.1" 200 10387
[2025-05-15 04:16:54,273] INFO [django.server] "GET /admin/salon/car/ HTTP/1.1" 200 11332
[2025-05-15 04:16:54,363] INFO [django.server] "GET /admin/jsi18n/ HTTP/1.1" 200 3343
[2025-05-15 04:16:54,448] INFO [django.server] "GET /static/admin/img/tooltag-add.svg HTTP/1.1" 304 0
[2025-05-15 04:16:57,151] INFO [django.server] "GET /admin/salon/car/3/change/ HTTP/1.1" 200 14420
[2025-05-15 04:16:57,182] INFO [django.server] "GET /admin/jsi18n/ HTTP/1.1" 200 3343
[2025-05-15 04:17:05,047] INFO [django.server] "POST /admin/salon/car/3/change/ HTTP/1.1" 302 0
[2025-05-15 04:17:05,063] INFO [django.server] "GET /admin/salon/car/ HTTP/1.1" 200 11546
[2025-05-15 04:17:05,085] INFO [django.server] "GET /admin/jsi18n/ HTTP/1.1" 200 3343
[2025-05-15 04:17:09,570] INFO [django.server] "GET /car_list HTTP/1.1" 200 2906
[2025-05-15 04:17:09,617] INFO [django.server] "GET /media/car_photos/supra.jpg HTTP/1.1" 304 0
[2025-05-15 04:17:09,617] INFO [django.server] "GET /media/car_photos/lambau.jpg HTTP/1.1" 304 0
[2025-05-15 04:17:09,622] INFO [django.server] "GET /media/car_photos/a.jpg HTTP/1.1" 200 5430
[2025-05-15 04:17:17,977] INFO [django.server] "GET /car_list/7/ HTTP/1.1" 200 964
[2025-05-15 04:17:22,118] INFO [django.server] "GET /car_list HTTP/1.1" 200 2906
[2025-05-15 04:17:22,154] INFO [django.server] "GET /media/car_photos/lambau.jpg HTTP/1.1" 304 0
[2025-05-15 04:17:22,154] INFO [django.server] "GET /media/car_photos/a.jpg HTTP/1.1" 304 0
[2025-05-15 04:17:25,689] INFO [salon.views] Timezone: Europe/Moscow
[2025-05-15 04:17:25,830] INFO [django.server] "GET /home HTTP/1.1" 200 4118
[2025-05-15 04:17:28,336] INFO [django.server] "GET /logout HTTP/1.1" 302 0
[2025-05-15 04:17:28,340] INFO [salon.views] Timezone: Europe/Moscow
[2025-05-15 04:17:28,467] INFO [django.server] "GET /home HTTP/1.1" 200 4040
[2025-05-15 04:17:30,079] INFO [django.server] "GET /login HTTP/1.1" 200 1229
[2025-05-15 04:17:45,088] INFO [django.server] "POST /login HTTP/1.1" 200 1443
[2025-05-15 04:17:53,852] INFO [django.server] "POST /login HTTP/1.1" 302 0
[2025-05-15 04:17:53,858] INFO [salon.views] Timezone: Europe/Moscow
[2025-05-15 04:17:53,998] INFO [django.server] "GET /home HTTP/1.1" 200 4112
[2025-05-15 04:17:56,558] INFO [django.server] "GET /car_list HTTP/1.1" 200 2906
[2025-05-15 04:17:56,590] INFO [django.server] "GET /media/car_photos/bentley_lfdHm1O.jpg HTTP/1.1" 200 8854
[2025-05-15 04:17:56,617] INFO [django.server] "GET /media/car_photos/ferf90.jpg HTTP/1.1" 200 7818
[2025-05-15 04:17:56,617] INFO [django.server] "GET /media/car_photos/li9.jpg HTTP/1.1" 200 4513
[2025-05-15 04:17:56,618] INFO [django.server] "GET /media/car_photos/lambau.jpg HTTP/1.1" 200 7857
[2025-05-15 04:17:56,618] INFO [django.server] "GET /media/car_photos/a.jpg HTTP/1.1" 200 5430
[2025-05-15 04:17:56,619] INFO [django.server] "GET /media/car_photos/supra.jpg HTTP/1.1" 200 8669
[2025-05-15 04:17:56,626] INFO [django.server] "GET /media/car_photos/bmwm5.jpg HTTP/1.1" 200 6232
[2025-05-15 04:17:58,348] INFO [django.server] "GET /car_list/6/ HTTP/1.1" 200 886
[2025-05-15 04:17:59,475] INFO [django.server] "GET /car_list/6/buy_car HTTP/1.1" 200 1012
[2025-05-15 04:18:01,509] INFO [django.server] "POST /car_list/6/buy_car HTTP/1.1" 302 0
[2025-05-15 04:18:01,518] INFO [django.server] "GET /car_list HTTP/1.1" 200 2906
[2025-05-15 04:18:01,542] INFO [django.server] "GET /media/car_photos/a.jpg HTTP/1.1" 304 0
[2025-05-15 04:18:03,923] INFO [django.server] "GET /car_list/5/ HTTP/1.1" 200 883
[2025-05-15 04:18:04,998] INFO [django.server] "GET /car_list/5/buy_car HTTP/1.1" 200 1012
[2025-05-15 04:18:08,678] INFO [django.server] "POST /car_list/5/buy_car HTTP/1.1" 302 0
[2025-05-15 04:18:08,687] INFO [django.server] "GET /car_list HTTP/1.1" 200 2906
[2025-05-15 04:18:08,712] INFO [django.server] "GET /media/car_photos/a.jpg HTTP/1.1" 304 0
[2025-05-15 04:18:26,606] INFO [django.utils.autoreload] C:\Users\pavel\PycharmProjects\ProjectLab5\AutoSalon\salon\views.py changed, reloading.
[2025-05-15 04:18:27,067] INFO [django.utils.autoreload] Watching for file changes with StatReloader
[2025-05-15 04:18:30,551] INFO [django.server] "GET /car_list/7/ HTTP/1.1" 200 895
[2025-05-15 04:18:30,577] INFO [django.server] "GET /media/car_photos/lambau.jpg HTTP/1.1" 304 0
[2025-05-15 04:18:31,580] INFO [django.server] "GET /car_list/7/buy_car HTTP/1.1" 200 1012
[2025-05-15 04:18:33,249] INFO [django.server] "POST /car_list/7/buy_car HTTP/1.1" 302 0
[2025-05-15 04:18:33,257] INFO [django.server] "GET /car_list HTTP/1.1" 200 2906
[2025-05-15 04:18:33,288] INFO [django.server] "GET /media/car_photos/a.jpg HTTP/1.1" 304 0
[2025-05-15 04:18:33,290] INFO [django.server] "GET /media/car_photos/supra.jpg HTTP/1.1" 304 0
[2025-05-15 04:18:36,562] INFO [django.server] "GET /car_list?sort=price HTTP/1.1" 200 2906
[2025-05-15 04:18:42,814] INFO [django.server] "GET /car_list?sort=popular HTTP/1.1" 200 2906
[2025-05-15 04:18:42,842] INFO [django.server] "GET /media/car_photos/a.jpg HTTP/1.1" 304 0
[2025-05-15 04:18:45,851] INFO [django.server] "GET /car_list?sort=default HTTP/1.1" 200 2906
[2025-05-15 04:18:47,889] INFO [salon.views] Timezone: Europe/Moscow
[2025-05-15 04:18:48,028] INFO [django.server] "GET /home HTTP/1.1" 200 4112
[2025-05-15 04:18:50,467] INFO [django.server] "GET /my-cars HTTP/1.1" 200 1396
[2025-05-15 04:18:50,500] INFO [django.server] "GET /media/car_photos/lambau.jpg HTTP/1.1" 304 0
[2025-05-15 04:18:57,847] INFO [django.server] "GET /manage_purchase/7 HTTP/1.1" 200 1874
[2025-05-15 04:19:00,125] INFO [django.server] "POST /manage_purchase/7 HTTP/1.1" 302 0
[2025-05-15 04:19:00,147] INFO [django.server] "GET /my-cars HTTP/1.1" 200 1135
[2025-05-15 04:19:00,178] INFO [django.server] "GET /media/car_photos/supra.jpg HTTP/1.1" 304 0
[2025-05-15 04:19:01,632] INFO [django.server] "GET /manage_purchase/5 HTTP/1.1" 200 1866
[2025-05-15 04:19:03,789] INFO [django.server] "POST /manage_purchase/5 HTTP/1.1" 302 0
[2025-05-15 04:19:03,810] INFO [django.server] "GET /my-cars HTTP/1.1" 200 879
[2025-05-15 04:19:05,153] INFO [django.server] "GET /manage_purchase/6 HTTP/1.1" 200 1865
[2025-05-15 04:19:07,543] INFO [django.server] "POST /manage_purchase/6 HTTP/1.1" 302 0
[2025-05-15 04:19:07,563] INFO [django.server] "GET /my-cars HTTP/1.1" 200 622
[2025-05-15 04:19:08,489] INFO [django.server] "GET /manage_purchase/1 HTTP/1.1" 200 1889
[2025-05-15 04:19:10,692] INFO [django.server] "POST /manage_purchase/1 HTTP/1.1" 302 0
[2025-05-15 04:19:10,713] INFO [django.server] "GET /my-cars HTTP/1.1" 200 343
[2025-05-15 04:19:11,626] INFO [django.server] "GET /manage_purchase/1 HTTP/1.1" 200 1889
[2025-05-15 04:19:13,598] INFO [django.server] "POST /manage_purchase/1 HTTP/1.1" 302 0
[2025-05-15 04:19:13,614] INFO [django.server] "GET /my-cars HTTP/1.1" 200 107
[2025-05-15 04:19:14,986] INFO [salon.views] Timezone: Europe/Moscow
[2025-05-15 04:19:15,117] INFO [django.server] "GET /home HTTP/1.1" 200 4112
[2025-05-15 04:19:17,592] INFO [django.server] "GET /car_list HTTP/1.1" 200 2906
[2025-05-15 04:19:17,637] INFO [django.server] "GET /media/car_photos/a.jpg HTTP/1.1" 304 0
[2025-05-15 04:19:17,637] INFO [django.server] "GET /media/car_photos/lambau.jpg HTTP/1.1" 304 0
[2025-05-15 04:19:18,130] INFO [django.server] "GET /media/car_photos/bmwm5.jpg HTTP/1.1" 200 6232
[2025-05-15 04:19:18,131] INFO [django.server] "GET /media/car_photos/li9.jpg HTTP/1.1" 200 4513
[2025-05-15 04:21:19,043] INFO [django.server] "GET /car_list HTTP/1.1" 200 2906
[2025-05-15 04:21:19,072] INFO [django.server] "GET /media/car_photos/a.jpg HTTP/1.1" 304 0
[2025-05-15 04:21:19,073] INFO [django.server] "GET /media/car_photos/ferf90.jpg HTTP/1.1" 304 0
[2025-05-15 04:21:19,080] INFO [django.server] "GET /media/car_photos/supra.jpg HTTP/1.1" 304 0
[2025-05-15 04:21:19,080] INFO [django.server] "GET /media/car_photos/lambau.jpg HTTP/1.1" 304 0
[2025-05-15 04:40:12,948] INFO [django.utils.autoreload] Watching for file changes with StatReloader
[2025-05-15 04:40:14,341] INFO [salon.views] Timezone: Europe/Moscow
[2025-05-15 04:40:14,490] INFO [django.server] "GET / HTTP/1.1" 200 4113
[2025-05-15 04:41:10,400] INFO [salon.views] Timezone: Europe/Moscow
[2025-05-15 04:41:10,523] INFO [django.server] "GET / HTTP/1.1" 200 4126
[2025-05-15 04:41:11,509] INFO [django.server] "GET /logout HTTP/1.1" 302 0
[2025-05-15 04:41:11,514] INFO [salon.views] Timezone: Europe/Moscow
[2025-05-15 04:41:11,623] INFO [django.server] "GET /home HTTP/1.1" 200 4054
[2025-05-15 04:41:13,835] INFO [django.server] "GET /login HTTP/1.1" 200 1229
[2025-05-15 04:41:26,080] INFO [django.server] "POST /login HTTP/1.1" 302 0
[2025-05-15 04:41:26,087] INFO [salon.views] Timezone: Europe/Moscow
[2025-05-15 04:41:26,298] INFO [django.server] "GET /home HTTP/1.1" 200 4214
[2025-05-15 04:41:28,660] INFO [django.server] "GET /statistics/ HTTP/1.1" 302 0
[2025-05-15 04:41:28,679] WARNING [django.request] Not Found: /accounts/login/
[2025-05-15 04:41:28,680] WARNING [django.server] "GET /accounts/login/?next=/statistics/ HTTP/1.1" 404 6260
[2025-05-15 04:42:10,484] INFO [django.utils.autoreload] C:\Users\pavel\PycharmProjects\ProjectLab5\AutoSalon\salon\urls.py changed, reloading.
[2025-05-15 04:42:10,892] INFO [django.utils.autoreload] Watching for file changes with StatReloader
[2025-05-15 04:42:15,401] WARNING [django.request] Not Found: /accounts/login/
[2025-05-15 04:42:15,401] WARNING [django.server] "GET /accounts/login/?next=/statistics/ HTTP/1.1" 404 6261
[2025-05-15 04:42:24,933] INFO [django.utils.autoreload] C:\Users\pavel\PycharmProjects\ProjectLab5\AutoSalon\salon\views.py changed, reloading.
[2025-05-15 04:42:25,358] INFO [django.utils.autoreload] Watching for file changes with StatReloader
[2025-05-15 04:42:26,443] INFO [django.server] "GET /statistics/ HTTP/1.1" 302 0
[2025-05-15 04:42:26,454] WARNING [django.request] Not Found: /accounts/login/
[2025-05-15 04:42:26,455] WARNING [django.server] "GET /accounts/login/?next=/statistics/ HTTP/1.1" 404 6261
[2025-05-15 04:42:49,656] INFO [django.server] "GET /statistics/ HTTP/1.1" 302 0
[2025-05-15 04:42:49,670] WARNING [django.request] Not Found: /accounts/login/
[2025-05-15 04:42:49,670] WARNING [django.server] "GET /accounts/login/?next=/statistics/ HTTP/1.1" 404 6261
[2025-05-15 04:43:11,260] INFO [django.utils.autoreload] C:\Users\pavel\PycharmProjects\ProjectLab5\AutoSalon\salon\views.py changed, reloading.
[2025-05-15 04:43:11,724] INFO [django.utils.autoreload] Watching for file changes with StatReloader
[2025-05-15 04:43:12,902] WARNING [django.request] Not Found: /accounts/login/
[2025-05-15 04:43:12,903] WARNING [django.server] "GET /accounts/login/?next=/statistics/ HTTP/1.1" 404 6261
[2025-05-15 04:43:13,692] WARNING [django.request] Not Found: /accounts/login/
[2025-05-15 04:43:13,692] WARNING [django.server] "GET /accounts/login/?next=/statistics/ HTTP/1.1" 404 6261
[2025-05-15 04:43:17,364] INFO [django.utils.autoreload] C:\Users\pavel\PycharmProjects\ProjectLab5\AutoSalon\salon\views.py changed, reloading.
[2025-05-15 04:43:17,793] INFO [django.utils.autoreload] Watching for file changes with StatReloader
[2025-05-15 04:44:23,189] INFO [django.utils.autoreload] C:\Users\pavel\PycharmProjects\ProjectLab5\AutoSalon\salon\views.py changed, reloading.
[2025-05-15 04:44:23,645] INFO [django.utils.autoreload] Watching for file changes with StatReloader
[2025-05-15 04:44:26,005] ERROR [django.request] Internal Server Error: /statistics/
Traceback (most recent call last):
  File "C:\Users\pavel\PycharmProjects\ProjectLab5\.venv\lib\site-packages\django\core\handlers\exception.py", line 55, in inner
    response = get_response(request)
  File "C:\Users\pavel\PycharmProjects\ProjectLab5\.venv\lib\site-packages\django\core\handlers\base.py", line 197, in _get_response
    response = wrapped_callback(request, *callback_args, **callback_kwargs)
  File "C:\Users\pavel\PycharmProjects\ProjectLab5\.venv\lib\site-packages\django\contrib\auth\decorators.py", line 23, in _wrapper_view
    return view_func(request, *args, **kwargs)
  File "C:\Users\pavel\PycharmProjects\ProjectLab5\.venv\lib\site-packages\django\contrib\auth\decorators.py", line 23, in _wrapper_view
    return view_func(request, *args, **kwargs)
  File "C:\Users\pavel\PycharmProjects\ProjectLab5\AutoSalon\salon\views.py", line 319, in car_stats_view
    manager_sales = buyer_df.groupby('manager')['purchases'].sum().sort_values(ascending=False)
  File "C:\Users\pavel\PycharmProjects\ProjectLab5\.venv\lib\site-packages\pandas\core\frame.py", line 9183, in groupby
    return DataFrameGroupBy(
  File "C:\Users\pavel\PycharmProjects\ProjectLab5\.venv\lib\site-packages\pandas\core\groupby\groupby.py", line 1329, in __init__
    grouper, exclusions, obj = get_grouper(
  File "C:\Users\pavel\PycharmProjects\ProjectLab5\.venv\lib\site-packages\pandas\core\groupby\grouper.py", line 1043, in get_grouper
    raise KeyError(gpr)
KeyError: 'manager'
[2025-05-15 04:44:26,007] ERROR [django.server] "GET /statistics/ HTTP/1.1" 500 107382
[2025-05-15 04:48:37,443] INFO [django.utils.autoreload] C:\Users\pavel\PycharmProjects\ProjectLab5\AutoSalon\salon\views.py changed, reloading.
[2025-05-15 04:48:37,865] INFO [django.utils.autoreload] Watching for file changes with StatReloader
[2025-05-15 04:48:39,284] INFO [salon.views] Timezone: Europe/Moscow
[2025-05-15 04:48:39,437] INFO [django.server] "GET / HTTP/1.1" 200 4213
[2025-05-15 04:48:42,087] ERROR [django.request] Internal Server Error: /statistics
Traceback (most recent call last):
  File "C:\Users\pavel\PycharmProjects\ProjectLab5\.venv\lib\site-packages\django\core\handlers\exception.py", line 55, in inner
    response = get_response(request)
  File "C:\Users\pavel\PycharmProjects\ProjectLab5\.venv\lib\site-packages\django\core\handlers\base.py", line 197, in _get_response
    response = wrapped_callback(request, *callback_args, **callback_kwargs)
  File "C:\Users\pavel\PycharmProjects\ProjectLab5\.venv\lib\site-packages\django\contrib\auth\decorators.py", line 23, in _wrapper_view
    return view_func(request, *args, **kwargs)
  File "C:\Users\pavel\PycharmProjects\ProjectLab5\.venv\lib\site-packages\django\contrib\auth\decorators.py", line 23, in _wrapper_view
    return view_func(request, *args, **kwargs)
  File "C:\Users\pavel\PycharmProjects\ProjectLab5\AutoSalon\salon\views.py", line 320, in car_stats_view
    manager_sales = buyer_df.groupby('manager')['purchases'].sum().sort_values(ascending=False)
  File "C:\Users\pavel\PycharmProjects\ProjectLab5\.venv\lib\site-packages\pandas\core\frame.py", line 9183, in groupby
    return DataFrameGroupBy(
  File "C:\Users\pavel\PycharmProjects\ProjectLab5\.venv\lib\site-packages\pandas\core\groupby\groupby.py", line 1329, in __init__
    grouper, exclusions, obj = get_grouper(
  File "C:\Users\pavel\PycharmProjects\ProjectLab5\.venv\lib\site-packages\pandas\core\groupby\grouper.py", line 1043, in get_grouper
    raise KeyError(gpr)
KeyError: 'manager'
[2025-05-15 04:48:42,090] ERROR [django.server] "GET /statistics HTTP/1.1" 500 107664
[2025-05-15 04:49:36,820] INFO [django.utils.autoreload] C:\Users\pavel\PycharmProjects\ProjectLab5\AutoSalon\salon\views.py changed, reloading.
[2025-05-15 04:49:37,302] INFO [django.utils.autoreload] Watching for file changes with StatReloader
[2025-05-15 04:49:40,660] ERROR [django.request] Internal Server Error: /statistics
Traceback (most recent call last):
  File "C:\Users\pavel\PycharmProjects\ProjectLab5\.venv\lib\site-packages\django\core\handlers\exception.py", line 55, in inner
    response = get_response(request)
  File "C:\Users\pavel\PycharmProjects\ProjectLab5\.venv\lib\site-packages\django\core\handlers\base.py", line 197, in _get_response
    response = wrapped_callback(request, *callback_args, **callback_kwargs)
  File "C:\Users\pavel\PycharmProjects\ProjectLab5\.venv\lib\site-packages\django\contrib\auth\decorators.py", line 23, in _wrapper_view
    return view_func(request, *args, **kwargs)
  File "C:\Users\pavel\PycharmProjects\ProjectLab5\.venv\lib\site-packages\django\contrib\auth\decorators.py", line 23, in _wrapper_view
    return view_func(request, *args, **kwargs)
  File "C:\Users\pavel\PycharmProjects\ProjectLab5\AutoSalon\salon\views.py", line 363, in car_stats_view
    return render(request, 'salon/car_stats.html', context)
  File "C:\Users\pavel\PycharmProjects\ProjectLab5\.venv\lib\site-packages\django\shortcuts.py", line 24, in render
    content = loader.render_to_string(template_name, context, request, using=using)
  File "C:\Users\pavel\PycharmProjects\ProjectLab5\.venv\lib\site-packages\django\template\loader.py", line 61, in render_to_string
    template = get_template(template_name, using=using)
  File "C:\Users\pavel\PycharmProjects\ProjectLab5\.venv\lib\site-packages\django\template\loader.py", line 15, in get_template
    return engine.get_template(template_name)
  File "C:\Users\pavel\PycharmProjects\ProjectLab5\.venv\lib\site-packages\django\template\backends\django.py", line 33, in get_template
    return Template(self.engine.get_template(template_name), self)
  File "C:\Users\pavel\PycharmProjects\ProjectLab5\.venv\lib\site-packages\django\template\engine.py", line 175, in get_template
    template, origin = self.find_template(template_name)
  File "C:\Users\pavel\PycharmProjects\ProjectLab5\.venv\lib\site-packages\django\template\engine.py", line 157, in find_template
    template = loader.get_template(name, skip=skip)
  File "C:\Users\pavel\PycharmProjects\ProjectLab5\.venv\lib\site-packages\django\template\loaders\cached.py", line 57, in get_template
    template = super().get_template(template_name, skip)
  File "C:\Users\pavel\PycharmProjects\ProjectLab5\.venv\lib\site-packages\django\template\loaders\base.py", line 28, in get_template
    return Template(
  File "C:\Users\pavel\PycharmProjects\ProjectLab5\.venv\lib\site-packages\django\template\base.py", line 154, in __init__
    self.nodelist = self.compile_nodelist()
  File "C:\Users\pavel\PycharmProjects\ProjectLab5\.venv\lib\site-packages\django\template\base.py", line 200, in compile_nodelist
    return parser.parse()
  File "C:\Users\pavel\PycharmProjects\ProjectLab5\.venv\lib\site-packages\django\template\base.py", line 484, in parse
    raise self.error(token, e)
  File "C:\Users\pavel\PycharmProjects\ProjectLab5\.venv\lib\site-packages\django\template\base.py", line 482, in parse
    filter_expression = self.compile_filter(token.contents)
  File "C:\Users\pavel\PycharmProjects\ProjectLab5\.venv\lib\site-packages\django\template\base.py", line 600, in compile_filter
    return FilterExpression(token, self)
  File "C:\Users\pavel\PycharmProjects\ProjectLab5\.venv\lib\site-packages\django\template\base.py", line 698, in __init__
    filter_func = parser.find_filter(filter_name)
  File "C:\Users\pavel\PycharmProjects\ProjectLab5\.venv\lib\site-packages\django\template\base.py", line 606, in find_filter
    raise TemplateSyntaxError("Invalid filter: '%s'" % filter_name)
django.template.exceptions.TemplateSyntaxError: Invalid filter: 'zip'
[2025-05-15 04:49:40,662] ERROR [django.server] "GET /statistics HTTP/1.1" 500 189288
[2025-05-15 04:51:01,883] INFO [django.utils.autoreload] C:\Users\pavel\PycharmProjects\ProjectLab5\AutoSalon\salon\views.py changed, reloading.
[2025-05-15 04:51:02,580] INFO [django.utils.autoreload] Watching for file changes with StatReloader
[2025-05-15 04:51:05,191] INFO [django.utils.autoreload] C:\Users\pavel\PycharmProjects\ProjectLab5\AutoSalon\salon\views.py changed, reloading.
[2025-05-15 04:51:05,623] INFO [django.utils.autoreload] Watching for file changes with StatReloader
[2025-05-15 04:51:07,296] ERROR [django.request] Internal Server Error: /statistics
Traceback (most recent call last):
  File "C:\Users\pavel\PycharmProjects\ProjectLab5\.venv\lib\site-packages\django\core\handlers\exception.py", line 55, in inner
    response = get_response(request)
  File "C:\Users\pavel\PycharmProjects\ProjectLab5\.venv\lib\site-packages\django\core\handlers\base.py", line 197, in _get_response
    response = wrapped_callback(request, *callback_args, **callback_kwargs)
  File "C:\Users\pavel\PycharmProjects\ProjectLab5\.venv\lib\site-packages\django\contrib\auth\decorators.py", line 23, in _wrapper_view
    return view_func(request, *args, **kwargs)
  File "C:\Users\pavel\PycharmProjects\ProjectLab5\.venv\lib\site-packages\django\contrib\auth\decorators.py", line 23, in _wrapper_view
    return view_func(request, *args, **kwargs)
  File "C:\Users\pavel\PycharmProjects\ProjectLab5\AutoSalon\salon\views.py", line 368, in car_stats_view
    return render(request, 'salon/car_stats.html', context)
  File "C:\Users\pavel\PycharmProjects\ProjectLab5\.venv\lib\site-packages\django\shortcuts.py", line 24, in render
    content = loader.render_to_string(template_name, context, request, using=using)
  File "C:\Users\pavel\PycharmProjects\ProjectLab5\.venv\lib\site-packages\django\template\loader.py", line 61, in render_to_string
    template = get_template(template_name, using=using)
  File "C:\Users\pavel\PycharmProjects\ProjectLab5\.venv\lib\site-packages\django\template\loader.py", line 15, in get_template
    return engine.get_template(template_name)
  File "C:\Users\pavel\PycharmProjects\ProjectLab5\.venv\lib\site-packages\django\template\backends\django.py", line 33, in get_template
    return Template(self.engine.get_template(template_name), self)
  File "C:\Users\pavel\PycharmProjects\ProjectLab5\.venv\lib\site-packages\django\template\engine.py", line 175, in get_template
    template, origin = self.find_template(template_name)
  File "C:\Users\pavel\PycharmProjects\ProjectLab5\.venv\lib\site-packages\django\template\engine.py", line 157, in find_template
    template = loader.get_template(name, skip=skip)
  File "C:\Users\pavel\PycharmProjects\ProjectLab5\.venv\lib\site-packages\django\template\loaders\cached.py", line 57, in get_template
    template = super().get_template(template_name, skip)
  File "C:\Users\pavel\PycharmProjects\ProjectLab5\.venv\lib\site-packages\django\template\loaders\base.py", line 28, in get_template
    return Template(
  File "C:\Users\pavel\PycharmProjects\ProjectLab5\.venv\lib\site-packages\django\template\base.py", line 154, in __init__
    self.nodelist = self.compile_nodelist()
  File "C:\Users\pavel\PycharmProjects\ProjectLab5\.venv\lib\site-packages\django\template\base.py", line 200, in compile_nodelist
    return parser.parse()
  File "C:\Users\pavel\PycharmProjects\ProjectLab5\.venv\lib\site-packages\django\template\base.py", line 484, in parse
    raise self.error(token, e)
  File "C:\Users\pavel\PycharmProjects\ProjectLab5\.venv\lib\site-packages\django\template\base.py", line 482, in parse
    filter_expression = self.compile_filter(token.contents)
  File "C:\Users\pavel\PycharmProjects\ProjectLab5\.venv\lib\site-packages\django\template\base.py", line 600, in compile_filter
    return FilterExpression(token, self)
  File "C:\Users\pavel\PycharmProjects\ProjectLab5\.venv\lib\site-packages\django\template\base.py", line 698, in __init__
    filter_func = parser.find_filter(filter_name)
  File "C:\Users\pavel\PycharmProjects\ProjectLab5\.venv\lib\site-packages\django\template\base.py", line 606, in find_filter
    raise TemplateSyntaxError("Invalid filter: '%s'" % filter_name)
django.template.exceptions.TemplateSyntaxError: Invalid filter: 'zip'
[2025-05-15 04:51:07,300] ERROR [django.server] "GET /statistics HTTP/1.1" 500 189622
[2025-05-15 04:51:08,042] ERROR [django.request] Internal Server Error: /statistics
Traceback (most recent call last):
  File "C:\Users\pavel\PycharmProjects\ProjectLab5\.venv\lib\site-packages\django\core\handlers\exception.py", line 55, in inner
    response = get_response(request)
  File "C:\Users\pavel\PycharmProjects\ProjectLab5\.venv\lib\site-packages\django\core\handlers\base.py", line 197, in _get_response
    response = wrapped_callback(request, *callback_args, **callback_kwargs)
  File "C:\Users\pavel\PycharmProjects\ProjectLab5\.venv\lib\site-packages\django\contrib\auth\decorators.py", line 23, in _wrapper_view
    return view_func(request, *args, **kwargs)
  File "C:\Users\pavel\PycharmProjects\ProjectLab5\.venv\lib\site-packages\django\contrib\auth\decorators.py", line 23, in _wrapper_view
    return view_func(request, *args, **kwargs)
  File "C:\Users\pavel\PycharmProjects\ProjectLab5\AutoSalon\salon\views.py", line 368, in car_stats_view
    return render(request, 'salon/car_stats.html', context)
  File "C:\Users\pavel\PycharmProjects\ProjectLab5\.venv\lib\site-packages\django\shortcuts.py", line 24, in render
    content = loader.render_to_string(template_name, context, request, using=using)
  File "C:\Users\pavel\PycharmProjects\ProjectLab5\.venv\lib\site-packages\django\template\loader.py", line 61, in render_to_string
    template = get_template(template_name, using=using)
  File "C:\Users\pavel\PycharmProjects\ProjectLab5\.venv\lib\site-packages\django\template\loader.py", line 15, in get_template
    return engine.get_template(template_name)
  File "C:\Users\pavel\PycharmProjects\ProjectLab5\.venv\lib\site-packages\django\template\backends\django.py", line 33, in get_template
    return Template(self.engine.get_template(template_name), self)
  File "C:\Users\pavel\PycharmProjects\ProjectLab5\.venv\lib\site-packages\django\template\engine.py", line 175, in get_template
    template, origin = self.find_template(template_name)
  File "C:\Users\pavel\PycharmProjects\ProjectLab5\.venv\lib\site-packages\django\template\engine.py", line 157, in find_template
    template = loader.get_template(name, skip=skip)
  File "C:\Users\pavel\PycharmProjects\ProjectLab5\.venv\lib\site-packages\django\template\loaders\cached.py", line 57, in get_template
    template = super().get_template(template_name, skip)
  File "C:\Users\pavel\PycharmProjects\ProjectLab5\.venv\lib\site-packages\django\template\loaders\base.py", line 28, in get_template
    return Template(
  File "C:\Users\pavel\PycharmProjects\ProjectLab5\.venv\lib\site-packages\django\template\base.py", line 154, in __init__
    self.nodelist = self.compile_nodelist()
  File "C:\Users\pavel\PycharmProjects\ProjectLab5\.venv\lib\site-packages\django\template\base.py", line 200, in compile_nodelist
    return parser.parse()
  File "C:\Users\pavel\PycharmProjects\ProjectLab5\.venv\lib\site-packages\django\template\base.py", line 484, in parse
    raise self.error(token, e)
  File "C:\Users\pavel\PycharmProjects\ProjectLab5\.venv\lib\site-packages\django\template\base.py", line 482, in parse
    filter_expression = self.compile_filter(token.contents)
  File "C:\Users\pavel\PycharmProjects\ProjectLab5\.venv\lib\site-packages\django\template\base.py", line 600, in compile_filter
    return FilterExpression(token, self)
  File "C:\Users\pavel\PycharmProjects\ProjectLab5\.venv\lib\site-packages\django\template\base.py", line 698, in __init__
    filter_func = parser.find_filter(filter_name)
  File "C:\Users\pavel\PycharmProjects\ProjectLab5\.venv\lib\site-packages\django\template\base.py", line 606, in find_filter
    raise TemplateSyntaxError("Invalid filter: '%s'" % filter_name)
django.template.exceptions.TemplateSyntaxError: Invalid filter: 'zip'
[2025-05-15 04:51:08,044] ERROR [django.server] "GET /statistics HTTP/1.1" 500 189622
[2025-05-15 04:51:08,579] ERROR [django.request] Internal Server Error: /statistics
Traceback (most recent call last):
  File "C:\Users\pavel\PycharmProjects\ProjectLab5\.venv\lib\site-packages\django\core\handlers\exception.py", line 55, in inner
    response = get_response(request)
  File "C:\Users\pavel\PycharmProjects\ProjectLab5\.venv\lib\site-packages\django\core\handlers\base.py", line 197, in _get_response
    response = wrapped_callback(request, *callback_args, **callback_kwargs)
  File "C:\Users\pavel\PycharmProjects\ProjectLab5\.venv\lib\site-packages\django\contrib\auth\decorators.py", line 23, in _wrapper_view
    return view_func(request, *args, **kwargs)
  File "C:\Users\pavel\PycharmProjects\ProjectLab5\.venv\lib\site-packages\django\contrib\auth\decorators.py", line 23, in _wrapper_view
    return view_func(request, *args, **kwargs)
  File "C:\Users\pavel\PycharmProjects\ProjectLab5\AutoSalon\salon\views.py", line 368, in car_stats_view
    return render(request, 'salon/car_stats.html', context)
  File "C:\Users\pavel\PycharmProjects\ProjectLab5\.venv\lib\site-packages\django\shortcuts.py", line 24, in render
    content = loader.render_to_string(template_name, context, request, using=using)
  File "C:\Users\pavel\PycharmProjects\ProjectLab5\.venv\lib\site-packages\django\template\loader.py", line 61, in render_to_string
    template = get_template(template_name, using=using)
  File "C:\Users\pavel\PycharmProjects\ProjectLab5\.venv\lib\site-packages\django\template\loader.py", line 15, in get_template
    return engine.get_template(template_name)
  File "C:\Users\pavel\PycharmProjects\ProjectLab5\.venv\lib\site-packages\django\template\backends\django.py", line 33, in get_template
    return Template(self.engine.get_template(template_name), self)
  File "C:\Users\pavel\PycharmProjects\ProjectLab5\.venv\lib\site-packages\django\template\engine.py", line 175, in get_template
    template, origin = self.find_template(template_name)
  File "C:\Users\pavel\PycharmProjects\ProjectLab5\.venv\lib\site-packages\django\template\engine.py", line 157, in find_template
    template = loader.get_template(name, skip=skip)
  File "C:\Users\pavel\PycharmProjects\ProjectLab5\.venv\lib\site-packages\django\template\loaders\cached.py", line 57, in get_template
    template = super().get_template(template_name, skip)
  File "C:\Users\pavel\PycharmProjects\ProjectLab5\.venv\lib\site-packages\django\template\loaders\base.py", line 28, in get_template
    return Template(
  File "C:\Users\pavel\PycharmProjects\ProjectLab5\.venv\lib\site-packages\django\template\base.py", line 154, in __init__
    self.nodelist = self.compile_nodelist()
  File "C:\Users\pavel\PycharmProjects\ProjectLab5\.venv\lib\site-packages\django\template\base.py", line 200, in compile_nodelist
    return parser.parse()
  File "C:\Users\pavel\PycharmProjects\ProjectLab5\.venv\lib\site-packages\django\template\base.py", line 484, in parse
    raise self.error(token, e)
  File "C:\Users\pavel\PycharmProjects\ProjectLab5\.venv\lib\site-packages\django\template\base.py", line 482, in parse
    filter_expression = self.compile_filter(token.contents)
  File "C:\Users\pavel\PycharmProjects\ProjectLab5\.venv\lib\site-packages\django\template\base.py", line 600, in compile_filter
    return FilterExpression(token, self)
  File "C:\Users\pavel\PycharmProjects\ProjectLab5\.venv\lib\site-packages\django\template\base.py", line 698, in __init__
    filter_func = parser.find_filter(filter_name)
  File "C:\Users\pavel\PycharmProjects\ProjectLab5\.venv\lib\site-packages\django\template\base.py", line 606, in find_filter
    raise TemplateSyntaxError("Invalid filter: '%s'" % filter_name)
django.template.exceptions.TemplateSyntaxError: Invalid filter: 'zip'
[2025-05-15 04:51:08,581] ERROR [django.server] "GET /statistics HTTP/1.1" 500 189622
[2025-05-15 04:51:28,040] INFO [django.utils.autoreload] C:\Users\pavel\PycharmProjects\ProjectLab5\AutoSalon\salon\views.py changed, reloading.
[2025-05-15 04:51:28,415] INFO [django.utils.autoreload] Watching for file changes with StatReloader
[2025-05-15 04:53:15,316] INFO [django.utils.autoreload] C:\Users\pavel\PycharmProjects\ProjectLab5\AutoSalon\salon\views.py changed, reloading.
[2025-05-15 04:53:15,807] INFO [django.utils.autoreload] Watching for file changes with StatReloader
[2025-05-15 04:53:27,280] ERROR [django.request] Internal Server Error: /statistics
Traceback (most recent call last):
  File "C:\Users\pavel\PycharmProjects\ProjectLab5\.venv\lib\site-packages\django\core\handlers\exception.py", line 55, in inner
    response = get_response(request)
  File "C:\Users\pavel\PycharmProjects\ProjectLab5\.venv\lib\site-packages\django\core\handlers\base.py", line 197, in _get_response
    response = wrapped_callback(request, *callback_args, **callback_kwargs)
  File "C:\Users\pavel\PycharmProjects\ProjectLab5\.venv\lib\site-packages\django\contrib\auth\decorators.py", line 23, in _wrapper_view
    return view_func(request, *args, **kwargs)
  File "C:\Users\pavel\PycharmProjects\ProjectLab5\.venv\lib\site-packages\django\contrib\auth\decorators.py", line 23, in _wrapper_view
    return view_func(request, *args, **kwargs)
  File "C:\Users\pavel\PycharmProjects\ProjectLab5\.venv\lib\site-packages\django\contrib\auth\decorators.py", line 23, in _wrapper_view
    return view_func(request, *args, **kwargs)
  [Previous line repeated 1 more time]
  File "C:\Users\pavel\PycharmProjects\ProjectLab5\AutoSalon\salon\views.py", line 318, in car_stats_view
    manager_sales = buyer_df.groupby('manager')['purchases'].sum().sort_values(ascending=False)
  File "C:\Users\pavel\PycharmProjects\ProjectLab5\.venv\lib\site-packages\pandas\core\frame.py", line 9183, in groupby
    return DataFrameGroupBy(
  File "C:\Users\pavel\PycharmProjects\ProjectLab5\.venv\lib\site-packages\pandas\core\groupby\groupby.py", line 1329, in __init__
    grouper, exclusions, obj = get_grouper(
  File "C:\Users\pavel\PycharmProjects\ProjectLab5\.venv\lib\site-packages\pandas\core\groupby\grouper.py", line 1043, in get_grouper
    raise KeyError(gpr)
KeyError: 'manager'
[2025-05-15 04:53:27,283] ERROR [django.server] "GET /statistics HTTP/1.1" 500 118083
[2025-05-15 04:54:09,332] INFO [django.server] "GET /logout HTTP/1.1" 302 0
[2025-05-15 04:54:09,336] INFO [salon.views] Timezone: Europe/Moscow
[2025-05-15 04:54:09,694] INFO [django.server] "GET /home HTTP/1.1" 200 4054
[2025-05-15 04:54:11,778] INFO [django.server] "GET /login HTTP/1.1" 200 1229
[2025-05-15 04:54:18,718] INFO [django.server] "POST /login HTTP/1.1" 302 0
[2025-05-15 04:54:18,724] INFO [salon.views] Timezone: Europe/Moscow
[2025-05-15 04:54:18,836] INFO [django.server] "GET /home HTTP/1.1" 200 4126
[2025-05-15 04:54:21,149] INFO [django.server] "GET /car_list HTTP/1.1" 200 2906
[2025-05-15 04:54:22,621] INFO [django.server] "GET /media/car_photos/ferf90.jpg HTTP/1.1" 200 7818
[2025-05-15 04:54:22,623] INFO [django.server] "GET /media/car_photos/bentley_lfdHm1O.jpg HTTP/1.1" 200 8854
[2025-05-15 04:54:22,625] INFO [django.server] "GET /media/car_photos/li9.jpg HTTP/1.1" 200 4513
[2025-05-15 04:54:22,625] INFO [django.server] "GET /media/car_photos/supra.jpg HTTP/1.1" 200 8669
[2025-05-15 04:54:22,628] INFO [django.server] "GET /media/car_photos/lambau.jpg HTTP/1.1" 200 7857
[2025-05-15 04:54:22,629] INFO [django.server] "GET /media/car_photos/a.jpg HTTP/1.1" 200 5430
[2025-05-15 04:54:22,635] INFO [django.server] "GET /media/car_photos/bmwm5.jpg HTTP/1.1" 200 6232
[2025-05-15 04:54:25,965] INFO [django.server] "GET /car_list/4/ HTTP/1.1" 200 883
[2025-05-15 04:54:27,011] INFO [django.server] "GET /car_list/4/buy_car HTTP/1.1" 200 1012
[2025-05-15 04:54:28,406] INFO [django.server] "POST /car_list/4/buy_car HTTP/1.1" 302 0
[2025-05-15 04:54:28,418] INFO [django.server] "GET /car_list HTTP/1.1" 200 2906
[2025-05-15 04:54:30,511] INFO [django.server] "GET /car_list/3/ HTTP/1.1" 200 906
[2025-05-15 04:54:31,570] INFO [django.server] "GET /car_list/3/buy_car HTTP/1.1" 200 1012
[2025-05-15 04:54:33,871] INFO [django.server] "POST /car_list/3/buy_car HTTP/1.1" 302 0
[2025-05-15 04:54:33,881] INFO [django.server] "GET /car_list HTTP/1.1" 200 2906
[2025-05-15 04:54:39,129] INFO [django.server] "GET /car_list/5/ HTTP/1.1" 200 883
[2025-05-15 04:54:40,528] INFO [django.server] "GET /car_list/5/buy_car HTTP/1.1" 200 1012
[2025-05-15 04:54:44,530] INFO [django.server] "POST /car_list/5/buy_car HTTP/1.1" 302 0
[2025-05-15 04:54:44,540] INFO [django.server] "GET /car_list HTTP/1.1" 200 2906
[2025-05-15 04:54:47,059] INFO [django.server] "GET /car_list/7/ HTTP/1.1" 200 895
[2025-05-15 04:54:48,466] INFO [django.server] "GET /car_list/7/buy_car HTTP/1.1" 200 1012
[2025-05-15 04:54:51,355] INFO [django.server] "POST /car_list/7/buy_car HTTP/1.1" 302 0
[2025-05-15 04:54:51,366] INFO [django.server] "GET /car_list HTTP/1.1" 200 2906
[2025-05-15 04:54:55,030] INFO [django.server] "GET /car_list/2/ HTTP/1.1" 200 915
[2025-05-15 04:54:56,088] INFO [django.server] "GET /car_list/2/buy_car HTTP/1.1" 200 1012
[2025-05-15 04:54:58,715] INFO [django.server] "POST /car_list/2/buy_car HTTP/1.1" 302 0
[2025-05-15 04:54:58,725] INFO [django.server] "GET /car_list HTTP/1.1" 200 2906
[2025-05-15 04:54:59,867] INFO [django.server] "GET /car_list/1/ HTTP/1.1" 200 916
[2025-05-15 04:55:00,986] INFO [django.server] "GET /car_list/1/buy_car HTTP/1.1" 200 1012
[2025-05-15 04:55:03,078] INFO [django.server] "POST /car_list/1/buy_car HTTP/1.1" 302 0
[2025-05-15 04:55:03,087] INFO [django.server] "GET /car_list HTTP/1.1" 200 2906
[2025-05-15 04:55:05,646] INFO [django.server] "GET /car_list/5/ HTTP/1.1" 200 883
[2025-05-15 04:55:06,695] INFO [django.server] "GET /car_list/5/buy_car HTTP/1.1" 200 1012
[2025-05-15 04:55:09,296] INFO [django.server] "POST /car_list/5/buy_car HTTP/1.1" 302 0
[2025-05-15 04:55:09,305] INFO [django.server] "GET /car_list HTTP/1.1" 200 2906
[2025-05-15 04:55:10,388] INFO [django.server] "GET /car_list/1/ HTTP/1.1" 200 916
[2025-05-15 04:55:11,784] INFO [django.server] "GET /car_list/1/buy_car HTTP/1.1" 200 1012
[2025-05-15 04:55:13,942] INFO [django.server] "POST /car_list/1/buy_car HTTP/1.1" 302 0
[2025-05-15 04:55:13,951] INFO [django.server] "GET /car_list HTTP/1.1" 200 2906
[2025-05-15 04:55:15,224] INFO [django.server] "GET /car_list/2/ HTTP/1.1" 200 915
[2025-05-15 04:55:16,637] INFO [django.server] "GET /car_list/2/buy_car HTTP/1.1" 200 1012
[2025-05-15 04:55:18,777] INFO [django.server] "POST /car_list/2/buy_car HTTP/1.1" 302 0
[2025-05-15 04:55:18,786] INFO [django.server] "GET /car_list HTTP/1.1" 200 2906
[2025-05-15 04:55:21,773] INFO [salon.views] Timezone: Europe/Moscow
[2025-05-15 04:55:21,899] INFO [django.server] "GET /home HTTP/1.1" 200 4126
[2025-05-15 04:55:24,223] INFO [django.server] "GET /logout HTTP/1.1" 302 0
[2025-05-15 04:55:24,228] INFO [salon.views] Timezone: Europe/Moscow
[2025-05-15 04:55:24,320] INFO [django.server] "GET /home HTTP/1.1" 200 4054
[2025-05-15 04:55:26,470] INFO [django.server] "GET /login HTTP/1.1" 200 1229
[2025-05-15 04:55:35,421] INFO [django.server] "POST /login HTTP/1.1" 302 0
[2025-05-15 04:55:35,426] INFO [salon.views] Timezone: Europe/Moscow
[2025-05-15 04:55:35,541] INFO [django.server] "GET /home HTTP/1.1" 200 4213
[2025-05-15 04:55:38,361] INFO [django.server] "GET /statistics HTTP/1.1" 200 4740
[2025-05-15 04:59:59,732] ERROR [django.request] Internal Server Error: /statistics
Traceback (most recent call last):
  File "C:\Users\pavel\PycharmProjects\ProjectLab5\.venv\lib\site-packages\django\template\defaulttags.py", line 1026, in find_library
    return parser.libraries[name]
KeyError: 'custom_filters'

During handling of the above exception, another exception occurred:

Traceback (most recent call last):
  File "C:\Users\pavel\PycharmProjects\ProjectLab5\.venv\lib\site-packages\django\core\handlers\exception.py", line 55, in inner
    response = get_response(request)
  File "C:\Users\pavel\PycharmProjects\ProjectLab5\.venv\lib\site-packages\django\core\handlers\base.py", line 197, in _get_response
    response = wrapped_callback(request, *callback_args, **callback_kwargs)
  File "C:\Users\pavel\PycharmProjects\ProjectLab5\.venv\lib\site-packages\django\contrib\auth\decorators.py", line 23, in _wrapper_view
    return view_func(request, *args, **kwargs)
  File "C:\Users\pavel\PycharmProjects\ProjectLab5\.venv\lib\site-packages\django\contrib\auth\decorators.py", line 23, in _wrapper_view
    return view_func(request, *args, **kwargs)
  File "C:\Users\pavel\PycharmProjects\ProjectLab5\.venv\lib\site-packages\django\contrib\auth\decorators.py", line 23, in _wrapper_view
    return view_func(request, *args, **kwargs)
  [Previous line repeated 1 more time]
  File "C:\Users\pavel\PycharmProjects\ProjectLab5\AutoSalon\salon\views.py", line 339, in car_stats_view
    return render(request, 'salon/car_stats.html', context)
  File "C:\Users\pavel\PycharmProjects\ProjectLab5\.venv\lib\site-packages\django\shortcuts.py", line 24, in render
    content = loader.render_to_string(template_name, context, request, using=using)
  File "C:\Users\pavel\PycharmProjects\ProjectLab5\.venv\lib\site-packages\django\template\loader.py", line 61, in render_to_string
    template = get_template(template_name, using=using)
  File "C:\Users\pavel\PycharmProjects\ProjectLab5\.venv\lib\site-packages\django\template\loader.py", line 15, in get_template
    return engine.get_template(template_name)
  File "C:\Users\pavel\PycharmProjects\ProjectLab5\.venv\lib\site-packages\django\template\backends\django.py", line 33, in get_template
    return Template(self.engine.get_template(template_name), self)
  File "C:\Users\pavel\PycharmProjects\ProjectLab5\.venv\lib\site-packages\django\template\engine.py", line 175, in get_template
    template, origin = self.find_template(template_name)
  File "C:\Users\pavel\PycharmProjects\ProjectLab5\.venv\lib\site-packages\django\template\engine.py", line 157, in find_template
    template = loader.get_template(name, skip=skip)
  File "C:\Users\pavel\PycharmProjects\ProjectLab5\.venv\lib\site-packages\django\template\loaders\cached.py", line 57, in get_template
    template = super().get_template(template_name, skip)
  File "C:\Users\pavel\PycharmProjects\ProjectLab5\.venv\lib\site-packages\django\template\loaders\base.py", line 28, in get_template
    return Template(
  File "C:\Users\pavel\PycharmProjects\ProjectLab5\.venv\lib\site-packages\django\template\base.py", line 154, in __init__
    self.nodelist = self.compile_nodelist()
  File "C:\Users\pavel\PycharmProjects\ProjectLab5\.venv\lib\site-packages\django\template\base.py", line 200, in compile_nodelist
    return parser.parse()
  File "C:\Users\pavel\PycharmProjects\ProjectLab5\.venv\lib\site-packages\django\template\base.py", line 513, in parse
    raise self.error(token, e)
  File "C:\Users\pavel\PycharmProjects\ProjectLab5\.venv\lib\site-packages\django\template\base.py", line 511, in parse
    compiled_result = compile_func(self, token)
  File "C:\Users\pavel\PycharmProjects\ProjectLab5\.venv\lib\site-packages\django\template\defaulttags.py", line 1088, in load
    lib = find_library(parser, name)
  File "C:\Users\pavel\PycharmProjects\ProjectLab5\.venv\lib\site-packages\django\template\defaulttags.py", line 1028, in find_library
    raise TemplateSyntaxError(
django.template.exceptions.TemplateSyntaxError: 'custom_filters' is not a registered tag library. Must be one of:
admin_list
admin_modify
admin_urls
cache
i18n
l10n
log
static
tz
[2025-05-15 04:59:59,733] ERROR [django.server] "GET /statistics HTTP/1.1" 500 204186
[2025-05-15 05:01:25,313] INFO [django.utils.autoreload] Watching for file changes with StatReloader
[2025-05-15 05:01:27,024] INFO [django.server] "GET /statistics/ HTTP/1.1" 200 4533
[2025-05-15 05:03:07,312] INFO [django.utils.autoreload] C:\Users\pavel\PycharmProjects\ProjectLab5\AutoSalon\salon\views.py changed, reloading.
[2025-05-15 05:03:07,778] INFO [django.utils.autoreload] Watching for file changes with StatReloader
[2025-05-15 05:04:33,893] INFO [django.utils.autoreload] C:\Users\pavel\PycharmProjects\ProjectLab5\AutoSalon\salon\views.py changed, reloading.
[2025-05-15 05:04:34,302] INFO [django.utils.autoreload] Watching for file changes with StatReloader
[2025-05-15 05:04:36,176] INFO [django.server] "GET /statistics/ HTTP/1.1" 200 4474
[2025-05-15 05:04:55,186] INFO [salon.views] Timezone: Europe/Moscow
[2025-05-15 05:04:55,447] INFO [django.server] "GET /home HTTP/1.1" 200 4213
[2025-05-15 05:10:26,076] ERROR [django.request] Internal Server Error: /statistics
Traceback (most recent call last):
  File "C:\Users\pavel\PycharmProjects\ProjectLab5\.venv\lib\site-packages\django\core\handlers\exception.py", line 55, in inner
    response = get_response(request)
  File "C:\Users\pavel\PycharmProjects\ProjectLab5\.venv\lib\site-packages\django\core\handlers\base.py", line 197, in _get_response
    response = wrapped_callback(request, *callback_args, **callback_kwargs)
  File "C:\Users\pavel\PycharmProjects\ProjectLab5\AutoSalon\salon\views.py", line 321, in car_stats_view
    manager_sales = buyer_df.groupby('manager')['purchases'].sum().sort_values(ascending=False)
  File "C:\Users\pavel\PycharmProjects\ProjectLab5\.venv\lib\site-packages\pandas\core\frame.py", line 9183, in groupby
    return DataFrameGroupBy(
  File "C:\Users\pavel\PycharmProjects\ProjectLab5\.venv\lib\site-packages\pandas\core\groupby\groupby.py", line 1329, in __init__
    grouper, exclusions, obj = get_grouper(
  File "C:\Users\pavel\PycharmProjects\ProjectLab5\.venv\lib\site-packages\pandas\core\groupby\grouper.py", line 1043, in get_grouper
    raise KeyError(gpr)
KeyError: 'manager'
[2025-05-15 05:10:26,372] INFO [salon.views] Timezone: Europe/Moscow
[2025-05-15 05:16:05,455] INFO [salon.views] <QuerySet [<Promo: Promo object (1)>]>
[2025-05-15 05:18:30,386] INFO [salon.views] <QuerySet [<Promo: Promo object (1)>]>
[2025-05-15 05:19:32,619] INFO [salon.views] <QuerySet [<Promo: Promo object (1)>]>
[2025-05-15 05:20:46,019] INFO [salon.views] <QuerySet [<Promo: Promo object (1)>]>
[2025-05-15 05:21:18,049] INFO [salon.views] <QuerySet [<Promo: Promo object (1)>]>
[2025-05-15 05:21:44,784] INFO [salon.views] <QuerySet [<Promo: Promo object (1)>]>
[2025-05-15 05:23:13,007] INFO [salon.views] <QuerySet [<Promo: Promo object (1)>]>
[2025-05-15 05:23:16,335] INFO [salon.views] Timezone: Europe/Moscow
[2025-05-15 05:23:16,647] INFO [salon.views] Timezone: Europe/Moscow
[2025-05-15 05:24:31,044] INFO [salon.views] <QuerySet [<Promo: Promo object (1)>]>
[2025-05-15 05:24:34,325] INFO [salon.views] Timezone: Europe/Moscow
[2025-05-15 05:24:34,622] INFO [salon.views] Timezone: Europe/Moscow
[2025-05-15 05:25:44,604] INFO [salon.views] <QuerySet [<Promo: Promo object (1)>]>
[2025-05-15 05:25:47,448] INFO [salon.views] Timezone: Europe/Moscow
[2025-05-15 05:25:47,901] INFO [salon.views] Timezone: Europe/Moscow
[2025-05-15 05:26:25,784] INFO [salon.views] <QuerySet [<Promo: Promo object (1)>]>
[2025-05-15 05:26:28,627] INFO [salon.views] Timezone: Europe/Moscow
[2025-05-15 05:26:28,877] INFO [salon.views] Timezone: Europe/Moscow
[2025-05-15 05:28:00,536] INFO [salon.views] <QuerySet [<Promo: Promo object (1)>]>
[2025-05-15 05:28:03,395] INFO [salon.views] Timezone: Europe/Moscow
[2025-05-15 05:28:03,755] INFO [salon.views] Timezone: Europe/Moscow
[2025-05-15 05:29:44,286] INFO [salon.views] <QuerySet [<Promo: Promo object (1)>]>
[2025-05-15 05:29:47,145] INFO [salon.views] Timezone: Europe/Moscow
[2025-05-15 05:29:47,583] INFO [salon.views] Timezone: Europe/Moscow
[2025-05-15 05:30:35,349] WARNING [django.request] Not Found: /accounts/login/
[2025-05-15 05:30:35,771] WARNING [django.request] Not Found: /accounts/login/
[2025-05-15 05:30:35,771] INFO [salon.views] <QuerySet [<Promo: Promo object (1)>]>
[2025-05-15 05:30:38,630] INFO [salon.views] Timezone: Europe/Moscow
[2025-05-15 05:30:39,005] INFO [salon.views] Timezone: Europe/Moscow
[2025-05-15 05:31:58,503] WARNING [django.request] Not Found: /accounts/login/
[2025-05-15 05:31:58,909] WARNING [django.request] Not Found: /accounts/login/
[2025-05-15 05:31:58,925] INFO [salon.views] <QuerySet [<Promo: Promo object (1)>]>
[2025-05-15 05:32:01,757] INFO [salon.views] Timezone: Europe/Moscow
[2025-05-15 05:32:02,039] INFO [salon.views] Timezone: Europe/Moscow
[2025-05-15 05:33:08,119] INFO [salon.views] <QuerySet [<Promo: Promo object (1)>]>
[2025-05-15 05:33:10,963] INFO [salon.views] Timezone: Europe/Moscow
[2025-05-15 05:33:11,385] INFO [salon.views] Timezone: Europe/Moscow
